GCP PSOE,"Incident response""You are preparing incident response playbooks for your organization's Google Cloud environment. You want to pre-configure VPC Service Controls to enable rapid containment during a security incident. The perimeter should not affect normal operations until an incident occurs, but should be ready for immediate enforcement when needed. What is the recommended approach?","Create an enforced VPC Service Controls perimeter but add overly permissive ingress and egress rules, then remove those rules during an incident to tighten security.","Create a VPC Service Controls perimeter in dry run mode with the projects and restricted services pre-configured, then switch to enforced mode during an incident using the 'Enforce config' operation.",Store a Terraform configuration for the VPC Service Controls perimeter and deploy it when an incident occurs using automated infrastructure-as-code pipelines.,"Configure organization policy constraints to restrict service usage, then enable a VPC Service Controls perimeter only after containment is needed.",2,"Dry run mode allows you to pre-configure a complete perimeter without affecting production operations. Requests that violate the perimeter policy are logged but not denied. When an incident occurs, you can rapidly switch the configuration to enforced mode, which immediately starts blocking violating requests. This approach ensures the perimeter configuration is tested and validated before enforcement. Reference: https://cloud.google.com/vpc-service-controls/docs/dry-run-mode"
GCP PSOE,"Your organization uses Google Security Operations (SecOps) SOAR, and you want to create a reusable workflow that handles communication between your SOC and external customers during incidents. This workflow needs to send notifications, handle approval requests, and change case stages. You also need the ability to customize the communication method and message content when using this workflow in different parent playbooks. What should you implement?",Create a standalone playbook for each customer communication scenario and use environment groups to control which playbook triggers for specific environments.,Configure Quick Actions in the Default Case View that analysts can manually execute to send communications and update case stages during customer incidents.,"Create a playbook block with configurable input parameters for communication type and message content, and use the Siemplify > Change Case Stage action to update case progress.",Use the Playbook Simulator to create test cases for each communication scenario and export the simulated results as templates for customer-facing playbooks.,3,Playbook blocks are reusable mini-playbooks that can be incorporated into multiple parent playbooks. Input parameters make blocks flexible by allowing customization of values like communication type and message content. The Change Case Stage action updates the case workflow stage appropriately. Reference: https://cloud.google.com/chronicle/docs/soar/respond/working-with-playbooks/working-with-playbook-blocks
GCP PSOE,You are configuring Event Threat Detection custom modules in Security Command Center to detect connections to IP addresses that are associated with known threat actors in your organization's internal threat intelligence feed. You want to generate findings when VPC Flow Logs show connections to these IP addresses. What should you do?,Configure the built-in Malware: Bad IP detector to use your custom IP address list.,Export VPC Flow Logs to BigQuery and create scheduled queries to check for matches against your IP list.,Create a Configurable Bad IP custom module with your list of suspicious IP addresses from your internal threat intelligence feed.,Create a SOAR playbook that periodically scans VPC Flow Logs for matches against your threat intelligence feed.,3,The Configurable Bad IP custom module is designed specifically to detect connections to IP addresses you specify. It checks VPC Flow Logs for evidence of connections to the IP addresses you maintain in your threat intelligence feed and generates findings in Security Command Center when matches occur. Reference: https://cloud.google.com/security-command-center/docs/custom-modules-etd-overview
GCP PSOE,Your organization uses Security Command Center Enterprise tier and has numerous vulnerability findings across your Google Cloud environment. You need to implement a strategy to prioritize remediation efforts for vulnerabilities that pose the greatest risk to your business-critical resources. What should you do?,Filter vulnerability findings by CVSS score and remediate all critical and high severity findings before addressing medium and low severity findings.,Export all vulnerability findings to BigQuery and create dashboards that sort findings by creation date to address the most recent findings first.,Create custom compliance policies in Security Health Analytics that map vulnerability categories to business-critical systems for reporting.,"Define a high-value resource set with resource value configurations, then prioritize vulnerability findings by their attack exposure scores.",4,"Security Command Center calculates attack exposure scores based on how vulnerabilities expose designated high-value resources. The score considers attack paths and the priority values assigned to resources, enabling effective prioritization of remediation efforts based on actual business impact. Reference: https://cloud.google.com/security-command-center/docs/attack-exposure-learn"
GCP PSOE,"Your organization wants to perform proactive threat hunting across GKE clusters to identify suspicious Kubernetes API activity that could indicate an ongoing attack. You need to query historical data about pod creation, RBAC modifications, and secret access attempts. Which approach provides the most comprehensive visibility for this threat hunting scenario?","Enable GKE Data Access audit logs and use Logs Explorer to query k8s_cluster resource type logs for pod, RBAC, and secret operations.",Query Container Threat Detection findings in Security Command Center to identify all suspicious Kubernetes API calls made in the past 30 days.,Configure GKE workload configuration auditing at the Advanced tier to enable detailed API request logging for threat hunting.,Use the GKE Security Posture dashboard to review historical threat findings and configuration violations across all clusters.,1,"GKE Data Access audit logs capture read operations including secret access and RBAC queries, while Admin Activity logs capture write operations like pod creation and RBAC modifications. The k8s_cluster resource type in Cloud Logging contains Kubernetes API server audit logs that provide visibility into all these operations. Data Access logs must be explicitly enabled as they are disabled by default. Reference: https://cloud.google.com/kubernetes-engine/docs/how-to/audit-logging"
GCP PSOE,Your organization is reviewing Access Transparency logs as part of establishing a baseline for Google personnel access patterns. You need to identify the business justification for each access event and correlate it with active support tickets. Which field in Access Transparency log entries provides the justification reason?,The authenticationInfo field with principalEmail attribute,The metadata field with justification_code attribute,The reason field with type and detail attributes including case numbers,The protoPayload field with accessReason attribute,3,Access Transparency log entries include a reason field that contains the type of justification (such as CUSTOMER_INITIATED_SUPPORT) and detail attributes that may include case numbers. This allows correlation between access events and support tickets. Reference: https://cloud.google.com/assured-workloads/access-transparency/docs/reading-logs
GCP PSOE,You are configuring Security Command Center to prioritize vulnerability findings using Mandiant threat intelligence. You want to prioritize remediation of software vulnerabilities based on real-world threat context. Which feature provides CVE-specific exploitability and impact assessments from Mandiant to help prioritize vulnerability remediation?,Security Health Analytics custom modules configured with Mandiant CVE feeds to automatically score vulnerabilities.,Applied Threat Intelligence curated detections that match IOCs against Mandiant threat intelligence data in real time.,CVE information with exploitability and impact assessments displayed in the Top Common Vulnerabilities and Exploits heatmap on the Overview page.,Event Threat Detection built-in rules that scan logs for exploitation attempts of known CVEs in your environment.,3,Security Command Center Premium and Enterprise tiers include CVE information from Mandiant that provides exploitability and impact assessments for software vulnerabilities. The Top Common Vulnerabilities and Exploits heatmap on the Overview page summarizes these findings based on Mandiant's assessments. Reference: https://cloud.google.com/security-command-center/docs/vulnerabilities-prioritize-remediation
GCP PSOE,"Your organization has deployed Security Command Center Enterprise and is experiencing a high volume of Security Health Analytics posture findings. Security analysts report that too many irrelevant findings are creating cases, making it difficult to focus on critical issues. You need to reduce the case volume for specific low-priority findings while maintaining audit compliance. What should you do?",Create custom playbooks to automatically close cases containing low-priority findings without analyst review.,Modify the Security Health Analytics detector settings to permanently disable detection of low-priority finding categories.,Configure dynamic mute rules to filter findings that match your organization's accepted risk criteria from appearing in new cases.,Disable the SCC Enterprise - Urgent Posture Findings Connector to stop all case creation from posture findings.,3,"Dynamic mute rules allow you to mute current and future findings based on filters you define. Muted findings are hidden and silenced from default views and cases, but continue to be logged for audit and compliance purposes. When you mute all findings in a case, Security Command Center automatically closes the case. Reference: https://cloud.google.com/security-command-center/docs/how-to-mute-findings"
GCP PSOE,You are deploying a Cloud Function that will automatically remediate Security Command Center findings by modifying IAM policies on affected resources. The function needs to remove overly permissive roles when a PUBLIC_BUCKET_ACL finding is detected. What is the recommended approach for configuring the Cloud Function's identity and permissions?,Configure the Cloud Function to impersonate the Security Command Center service agent to inherit its broad organization-level permissions for remediation actions.,Grant the Cloud Functions Service Agent role (roles/cloudfunctions.serviceAgent) to the function's service account to enable remediation of any finding type detected by SCC.,"Create a dedicated service account with only the permissions required to modify Cloud Storage IAM policies, and configure the Cloud Function to use this service account as its runtime identity.","Use the default Compute Engine service account which has the Editor role, ensuring the function has sufficient permissions to perform any required remediation across all resource types.",3,"Following the principle of least privilege, you should create a dedicated service account with minimal permissions specific to the remediation actions. Cloud Functions can be configured to use a custom service account instead of the default compute service account. Reference: https://cloud.google.com/functions/docs/securing/function-identity"
GCP PSOE,"You are developing an incident containment playbook that requires rapid deployment of VPC Service Controls perimeters to isolate compromised resources. However, you are concerned that enforcement could disrupt legitimate business operations. According to Google Cloud best practices, which approach should the playbook recommend?",Create separate enforced perimeters for each project and test them individually before combining into a larger perimeter.,Deploy the service perimeter directly in enforced mode and use ingress rules to immediately allow exceptions for critical business applications.,Configure the service perimeter with all services restricted and gradually remove services from restriction as violations are reported.,"Create the service perimeter in dry run mode first, analyze the violation logs in Cloud Logging, then convert to enforced mode after validating the configuration.",4,"Dry run mode logs violations without blocking access, allowing you to validate the perimeter configuration and identify potential business disruptions before enforcement. This enables safe testing of containment measures during incident response preparation. Reference: https://cloud.google.com/vpc-service-controls/docs/dry-run-mode"
GCP PSOE,Your security team wants to detect when a service account's security key is accessed by a human user. You need to configure an alerting mechanism that notifies analysts in near real time when this specific event occurs in your Cloud Audit Logs. What should you do?,Create a log-based alerting policy in Cloud Logging that matches the audit log event for service account key access.,Create a log-based metric that counts service account key access events and configure a metric-based alerting policy with a threshold of zero.,Create a SQL-based alerting policy in Log Analytics to query for service account key access events every 5 minutes.,Export audit logs to BigQuery using a sink and configure scheduled queries to detect service account key access events.,1,"Log-based alerting policies are designed for near real-time monitoring of individual log entries for specific security-related events. They notify you when a particular message appears in a log, such as when a human user accesses the security key of a service account. Reference: https://cloud.google.com/logging/docs/alerting/log-based-alerts"
GCP PSOE,Your security team uses Security Command Center Premium and needs to prioritize vulnerability remediation for resources that are critical to your business. You want to configure the system to automatically assign higher attack exposure scores to findings that affect your production databases and customer-facing applications. What should you do?,Configure custom Event Threat Detection modules to generate higher-severity findings when threats target your production databases and customer-facing applications.,"Create resource value configurations in Security Command Center to define your high-value resource set, specifying the production databases and customer-facing applications as high-priority resources.",Create Cloud Asset Inventory labels on production resources and configure Security Command Center to use these labels for vulnerability prioritization.,Apply security marks to your production databases and customer-facing applications to flag them as high-priority assets for vulnerability assessment.,2,"In Security Command Center Premium and Enterprise tiers, you can specify which high-value resources belong in your high-value resource set by creating resource value configurations. Findings that expose the resources in your high-value resource set receive higher attack exposure scores, helping you prioritize vulnerability remediation for critical assets. Reference: https://cloud.google.com/security-command-center/docs/attack-exposure-define-high-value-resource-set"
GCP PSOE,You are configuring a Looker Studio security dashboard connected to Security Command Center findings in BigQuery. The security operations team requires the dashboard to automatically display updated findings data every 5 minutes while the dashboard is open. You also need to minimize unnecessary BigQuery query costs. What should you do?,"Enable auto refresh for the report with a 5-minute interval, and set the data freshness for the BigQuery data source to 5 minutes to align with the refresh interval.","Set the data freshness for the BigQuery data source to 1 minute, and disable auto refresh since data freshness automatically pushes updates to the report viewers.","Enable auto refresh for the report with a 1-minute interval, and set the data freshness for the BigQuery data source to 12 hours to maximize caching.","Configure the BigQuery data source to use a scheduled query that runs every 5 minutes and store results in a separate table, then connect Looker Studio to that table with auto refresh disabled.",1,Aligning the auto refresh interval with the data source freshness setting ensures that each auto refresh fetches new data from BigQuery rather than serving cached results. This configuration ensures timely updates while avoiding redundant queries when fresh data isn't available. Reference: https://cloud.google.com/looker/docs/studio/manage-auto-refresh-for-a-report
GCP PSOE,"Detection engineering""Your organization uses Security Command Center Premium and wants to implement centralized detection of web application vulnerabilities across all projects without requiring individual project teams to configure scans. You also need to ensure that applications using non-standard configurations are properly assessed. What combination of Web Security Scanner features should you use?","Enable managed scans at the organization level for baseline coverage, then work with project teams to configure custom scans for applications requiring authentication or using non-default ports.",Enable Event Threat Detection to monitor for web application exploitation and configure automated remediation workflows instead of proactive scanning.,Deploy custom scans for all projects centrally using the Security Command Center API to ensure consistent configuration across the organization.,Configure only managed scans at the organization level since they automatically detect and scan all public web endpoints including those on non-default ports.,1,"Managed scans can be centrally managed through Security Command Center at the organization level for basic web application vulnerability detection across all projects. However, managed scans only support default ports (80/443) and do not use authentication, so custom scans are needed for applications with non-standard configurations. Reference: https://cloud.google.com/security-command-center/docs/concepts-web-security-scanner-overview"
GCP PSOE,Your organization has implemented security SLOs in Cloud Monitoring to track the availability of critical identity authentication services. The security team needs to create a custom dashboard that displays the error budget remaining for all authentication SLOs across multiple services. They want to visualize how much room remains before each SLO is breached. Which chart type should you add to the custom dashboard?,Configure alerting policy widgets that display burn rate thresholds for each SLO.,Add standard metric charts using the Cloud Monitoring API to query SLO compliance data.,Add SLO widgets and select the error budget chart type for each service SLO.,Create scorecards showing the service availability percentage for each authentication service.,3,"SLO widgets in Cloud Monitoring custom dashboards support displaying error budget directly. You can select health, compliance, and absolute or fractional error budget as chart types. This provides the exact visualization requested to show remaining room before SLO breach. Reference: https://cloud.google.com/monitoring/dashboards/slos"
GCP PSOE,You are designing a YARA-L 2.0 detection rule in Google Security Operations (SecOps) to identify potentially compromised entities based on accumulated risk. The rule should trigger when an entity's risk score exceeds a threshold over a 24-hour window. What is a key requirement when implementing entity risk score rules?,Set the risk window to any custom duration between 1 hour and 30 days based on your organization's requirements.,Use the graph.risk_score.risk_window_size.seconds field set to 86400 seconds and join entity data with UDM events to retrieve the risk score.,Configure the rule to query the risk score directly from the detection.risk_level field without specifying a time window.,Access entity risk scores through the principal.risk_score UDM field in single-event rules without requiring entity graph joins.,2,"Entity risk score rules require joining an entity with a UDM event and retrieving the score from EntityRisk fields. The only supported risk windows are 24 hours (86,400 seconds) or 7 days (604,800 seconds). The rule must specify the risk_window_size.seconds field to define the evaluation period. Reference: https://cloud.google.com/chronicle/docs/detection/yara-l-entity-risk-score"
GCP PSOE,"Your organization has deployed Security Command Center Premium with Event Threat Detection enabled. The security operations team reports that Event Threat Detection is generating findings for known suspicious IP addresses maintained by Google, but they also need to detect connections to IP addresses from a third-party threat intelligence feed specific to your industry. What is the most effective approach to achieve this requirement?",Submit a feature request to Google to add your third-party threat intelligence feed to the built-in Malware: Bad IP detector.,Configure continuous export of VPC Flow Logs to Google SecOps and create YARA-L rules that match against reference lists containing the third-party IOCs.,Enable Cloud IDS and configure a threat signature ruleset that includes your third-party IP indicators for network-level detection.,Create an Event Threat Detection custom module using the Configurable Bad IP template and populate it with IP addresses from your third-party threat intelligence feed.,4,"Event Threat Detection custom modules run alongside built-in detectors and allow you to configure detection parameters using your own threat intelligence. The Configurable Bad IP module specifically enables detection of connections to suspicious IP addresses that you maintain, which can be populated from external threat feeds. This runs in near real-time alongside the built-in detectors. Reference: https://cloud.google.com/security-command-center/docs/custom-modules-etd-overview"
GCP PSOE,You are configuring a log sink to route Cloud Audit Logs to BigQuery for long-term compliance retention and analysis. The compliance team requires that logs be retained for 7 years and that queries remain cost-efficient when analyzing specific time periods. Which sink configuration should you choose?,Configure the sink to use partitioned tables and set a partition expiration of 2555 days on the BigQuery dataset.,Configure the sink to use date-sharded tables and manually delete tables older than 7 years using a scheduled script.,"Configure the sink to route logs to a Cloud Storage bucket first, then load them into BigQuery monthly for analysis.",Configure the sink to use a linked BigQuery dataset from the log bucket and set the bucket retention to 7 years.,1,Partitioned tables improve query performance and reduce costs by allowing BigQuery to scan only the partitions that match the time filter in your query. Setting a partition expiration ensures automatic data lifecycle management aligned with your 7-year retention requirement (2555 days approximately equals 7 years). Reference: https://cloud.google.com/logging/docs/export/bigquery
GCP PSOE,"A security operations engineer needs to configure IAP so that the HR team can access a sensitive internal application only when coming from the corporate network IP range (10.0.0.0/8) AND using devices with encrypted storage. The engineer creates two separate access levels in Access Context Manager: one for the IP range and one for device encryption. When multiple access levels are applied to the IAP resource, how does IAP evaluate them?","Multiple access levels applied to an IAP resource are combined using OR semantics, meaning users are granted access if they meet the conditions of at least one access level.","Multiple access levels applied to an IAP resource are combined using AND semantics, meaning users must satisfy all specified access levels to gain access.","Access levels are evaluated in priority order, and only the first matching access level determines whether access is granted.","Access levels are evaluated based on their creation timestamp, with the most recently created access level taking precedence.",1,"When you apply multiple access levels to an IAP resource, users are granted access when they meet the conditions specified in at least one of the access levels selected (logical OR). To enforce AND semantics, both conditions must be included in a single access level. Reference: https://cloud.google.com/beyondcorp-enterprise/docs/access-levels"
GCP PSOE,You are creating a SOAR playbook to automate the forensic evidence collection process when a malware alert is triggered. The playbook should automatically collect and store relevant artifacts in a dedicated Cloud Storage bucket. You want to ensure evidence integrity and proper chain of custody. Which combination of actions should you include in the playbook?,Configure actions to upload artifacts using signed URLs with 24-hour expiration and grant the forensics team roles/storage.objectAdmin.,Configure actions to upload artifacts to a bucket with object versioning enabled and grant the forensics team roles/storage.admin on the bucket.,"Configure actions to upload artifacts to a bucket with a locked retention policy and uniform bucket-level access, then grant the forensics team roles/storage.objectViewer.",Configure actions to upload artifacts to a bucket with ACLs and assign object ownership to each analyst who uploads evidence.,3,Using a locked retention policy ensures evidence immutability required for chain of custody. Uniform bucket-level access simplifies permission management through IAM alone. Granting objectViewer allows the forensics team to read but not modify or delete evidence. Reference: https://cloud.google.com/storage/docs/bucket-lock and https://cloud.google.com/storage/docs/access-control/iam
GCP PSOE,Your organization needs to continuously track changes to Cloud Storage buckets and IAM policies across your Google Cloud environment for compliance purposes. You want to be notified immediately when any changes occur so that you can trigger automated remediation workflows using Cloud Run functions. What should you do?,"Create a Cloud Asset Inventory feed with the appropriate asset types and content types, and configure it to publish notifications to a Pub/Sub topic that triggers your Cloud Run function.",Schedule hourly Cloud Asset Inventory exports to Cloud Storage and configure a Cloud Run function to process the exported files for changes.,Enable Cloud Audit Logs for all services and create a log-based alerting policy that triggers your Cloud Run function for administrative activity events.,Configure Security Command Center to export findings to Pub/Sub and set up a Cloud Run function subscriber to monitor for asset-related findings.,1,"Cloud Asset Inventory feeds allow you to receive real-time notifications about resource and policy changes through Pub/Sub. When you create the feed, you can specify supported resource types, IAM policies, and other content types to monitor. After creating a feed, you receive notifications through Pub/Sub whenever the specified assets change, enabling automated remediation workflows. Reference: https://cloud.google.com/asset-inventory/docs/monitoring-asset-changes"
GCP PSOE,"You are configuring Security Command Center to export findings to Cloud Logging for your organization. After enabling the logging export and specifying a target project, you want to query the exported Event Threat Detection findings in Logs Explorer. Which resource type should you filter by to locate these findings?",security_command_center_finding,securitycenter_googleapis_com,gce_instance,threat_detector,4,"When Event Threat Detection and Container Threat Detection write logs to Cloud Logging via continuous exports, each log entry includes the threat_detector resource type. This resource type contains the same information as the SCC findings and can be queried in Logs Explorer. Reference: https://cloud.google.com/security-command-center/docs/export-cloud-logging"
GCP PSOE,You need to configure Log Analytics to enable your security team to run SQL queries against Cloud Audit Logs for investigating potential security incidents. The team requires the ability to save queries for reuse and create alerting policies based on SQL query results. What prerequisites must be met?,Create a log sink to export audit logs to BigQuery and query the BigQuery tables directly using the BigQuery console.,"Upgrade the log bucket storing audit logs to use Log Analytics, and create a linked BigQuery dataset for the log bucket to enable SQL-based alerting policies.",Enable the Log Analytics API and grant the Observability Analytics User role to security team members without any log bucket modifications.,Configure log-based metrics for each audit log type and use Metrics Explorer to analyze the data using SQL-like queries.,2,"To use Log Analytics for SQL queries, the log bucket must be upgraded to use Log Analytics. Additionally, SQL-based alerting policies require the log bucket to have a linked BigQuery dataset, which enables the alerting policy to run queries using reserved BigQuery slots. Reference: https://cloud.google.com/logging/docs/analyze/sql-in-alerting"
GCP PSOE,Your organization wants to correlate Cloud Logging data with a public dataset of known malicious IP addresses in BigQuery to detect potential threats accessing your Google Cloud resources. What configuration is required to enable this capability?,Configure a Pub/Sub sink to stream logs to a Dataflow pipeline that enriches logs with threat intelligence data before loading to BigQuery.,Route logs directly to BigQuery using a log sink and create partitioned tables for the audit logs to enable cross-dataset queries.,Enable Log Analytics on the log bucket and use SQL queries in the Log Analytics page to join with external BigQuery datasets.,Upgrade your log bucket to use Log Analytics and create a linked BigQuery dataset to enable SQL JOINs between log data and the threat intelligence dataset.,4,"Creating a linked BigQuery dataset allows BigQuery to read the log data stored in your log bucket. This enables you to use SQL JOIN operations to correlate your logs with external datasets such as threat intelligence feeds, without duplicating your log data. Reference: https://cloud.google.com/logging/docs/analyze/query-linked-dataset"
GCP PSOE,Your security team receives Event Threat Detection findings from both built-in detectors and custom modules. The team needs to filter Security Command Center findings to view only those generated by your organization's custom modules for investigation. How should you filter the findings?,Use the gcloud CLI to export all findings and filter the JSON output for custom module indicators locally.,Filter findings by selecting 'Event Threat Detection' source and then adding a secondary filter for custom module category names.,Configure a Continuous Export filter to route only custom module findings to a separate Cloud Logging bucket.,"In Security Command Center Quick filters, select 'Event Threat Detection Custom Modules' as the Source display name.",4,"Findings from custom modules have a distinct source display name called 'Event Threat Detection Custom Modules', which is separate from the 'Event Threat Detection' source used for built-in detectors. Using this filter in the Quick filters section allows you to view only findings generated by your custom modules. Reference: https://cloud.google.com/security-command-center/docs/how-to-use-event-threat-detection"
GCP PSOE,"Your security team has configured an alerting policy based on a log-based counter metric that tracks firewall rule violations. The team reports receiving false-positive alerts during periods when no violations actually occurred. Upon investigation, you discover gaps in the metric time series data. What should you do to reduce false-positive alerts?",Increase the rolling window value in the alerting policy to at least 10 minutes and configure the policy to handle missing data appropriately.,Create a log-based alerting policy instead of using a metric-based alerting policy to eliminate the dependency on time series aggregation.,Reduce the filter complexity in the log-based metric definition to ensure all relevant firewall violation logs are captured without delays.,Switch to a distribution metric instead of a counter metric to eliminate gaps in the time series caused by the counter implementation.,1,"Log-based metric time series can have gaps that cause false notifications when alerting policies use less-than logic or short evaluation windows. Increasing the rolling window ensures multiple log entries are aggregated, and configuring missing data handling prevents gaps from triggering conditions. Reference: https://cloud.google.com/logging/docs/logs-based-metrics/troubleshooting"
GCP PSOE,Your organization uses Security Command Center Enterprise and wants to proactively hunt for threats that may indicate an active breach. You need to search historical logs in Google SecOps for newly discovered IOCs from Google Threat Intelligence (GTI) that weren't previously known when the logs were ingested. What feature should you use?,Export all historical logs to BigQuery and run SQL queries matching the new IOCs against the exported dataset.,Configure Applied Threat Intelligence to automatically re-scan historical logs whenever new IOCs are added to the GTI feed.,Create a Cloud Logging sink to export historical logs to a SIEM migration destination for third-party threat intelligence analysis.,Run a retrohunt with a YARA-L rule that matches the new IOCs against the historical event data in Google SecOps.,4,"Retrohunt allows you to execute detection rules against historical data in Google SecOps. When new IOCs are discovered, you can create or update YARA-L rules and run retrohunts to find matches in previously ingested logs. Google SecOps retains 12 months of hot data by default, enabling comprehensive historical analysis. Reference: https://cloud.google.com/chronicle/docs/detection/run-rule-historical-data"
GCP PSOE,Your security team needs to prioritize remediation of vulnerability findings in Security Command Center (SCC) based on the potential business impact to critical resources. You have identified databases containing customer PII and production GKE clusters as your most valuable assets. You want SCC to automatically calculate and assign risk scores to findings that affect these resources. What should you configure?,Configure Security Health Analytics custom modules with severity levels set to Critical for findings affecting databases and GKE clusters.,Create finding mute rules for low-priority resources and manually tag critical resource findings with high severity labels.,Enable Sensitive Data Protection discovery and integrate it with SCC to automatically assign risk scores based on data classification.,"Create resource value configurations to designate the databases and GKE clusters as high-value resources, enabling Risk Engine to calculate attack exposure scores.",4,"Resource value configurations allow you to define which resources are high-value to your organization. Once configured, Risk Engine runs attack path simulations and calculates attack exposure scores for vulnerability findings that could expose these designated high-value resources, enabling risk-based prioritization. Reference: https://cloud.google.com/security-command-center/docs/attack-exposure-learn"
GCP PSOE,Your organization uses Sensitive Data Protection to profile BigQuery tables across multiple projects. Security analysts need to prioritize incidents involving resources that contain highly sensitive data. You want to ensure that data sensitivity information is available in Security Command Center to support risk-based prioritization. What should you do?,Enable the integration between Sensitive Data Protection discovery service and Security Command Center to surface data sensitivity insights alongside vulnerabilities.,Export data profiles to BigQuery and create custom dashboards in Looker Studio that security analysts can reference during incident triage.,Configure DLP inspection jobs with actions to publish findings to Security Command Center and use finding attributes for manual triage.,Create a Cloud Function triggered by Pub/Sub notifications from DLP jobs that updates Security Command Center findings with sensitivity labels.,1,"Sensitive Data Protection is integrated with Security Command Center Enterprise risk engine. Enabling this integration surfaces data sensitivity insights including sensitivity levels, predicted infoTypes, and risk scores that can be used to prioritize findings based on the sensitivity of affected data. Reference: https://cloud.google.com/security/products/sensitive-data-protection"
GCP PSOE,"Threat hunting""You are deploying a Cloud Function that processes Security Command Center findings published to a Pub/Sub topic for automated threat hunting. The function calls the Google SecOps API to enrich findings with threat intelligence data. You need to ensure the function has appropriate permissions while following the principle of least privilege. What should you do?",Grant the allUsers principal the Cloud Run Invoker role on the function and use API keys stored in environment variables for Chronicle API authentication.,Deploy the Cloud Function using the Compute Engine default service account and grant it the Chronicle API Admin role to ensure all API operations succeed.,"Create a dedicated service account with Chronicle API Viewer role and SecOps permissions, then deploy the Cloud Function with the --service-account flag specifying the dedicated account.",Use Workload Identity Federation to directly authenticate the Cloud Function to Google SecOps without creating any service accounts.,3,Creating a dedicated service account with only the required Chronicle API permissions follows the principle of least privilege. Using the --service-account flag during deployment ensures the function runs with these specific permissions rather than the overly permissive default Compute Engine service account. Reference: https://cloud.google.com/functions/docs/securing/function-identity
GCP PSOE,Your security operations team needs to monitor multiple Google Cloud projects for security events. You have created a user-defined log-based metric in one project to track privileged access events. You want to ensure that alerting policies based on this metric can monitor data across all projects in your organization. How should you configure the monitoring scope?,Enable organization-level log-based metrics by creating the metric at the organization resource level.,Configure an aggregated sink to route all project logs to a central bucket and create a bucket-scoped log-based metric.,Create identical log-based metrics in each project and configure separate alerting policies per project.,Configure the metrics scope in the scoping project to include all monitored projects that need security event visibility.,4,"Alerting policies based on log-based metrics work across all projects in the metrics scope of the scoping project. A metrics scope lists all the projects that are monitored by the scoping project, and configuring this scope allows you to monitor multiple projects with a single alerting policy. Reference: https://cloud.google.com/logging/docs/alerting/monitoring-logs"
GCP PSOE,"Incident response""You are setting up automated notifications from Security Command Center to trigger a Cloud Function for incident response. You need to configure a NotificationConfig that only sends notifications for active Event Threat Detection findings related to IAM anomalies. Which filter should you use when creating the NotificationConfig?","parent = \organizations/*/sources/*/findings/*\"" AND type = \""iam_anomalous_grant\"" AND active = true""","category = \Persistence: IAM Anomalous Grant\"" AND state = \""ACTIVE\""""","severity >= \HIGH\"" AND detector = \""event_threat_detection\"" AND finding_type CONTAINS \""iam\""""","source_id = \EVENT_THREAT_DETECTION\"" AND finding_class = \""IAM_ANOMALY\"" AND status = \""ACTIVE\""""",2,"This filter matches the specific Event Threat Detection finding category for IAM anomalies and limits notifications to only active findings. The category field uses the exact name as it appears in the finding, and combining it with state = ACTIVE ensures only current, unresolved findings trigger notifications. Reference: https://cloud.google.com/security-command-center/docs/how-to-api-filter-notifications"
GCP PSOE,You are creating an Event Threat Detection custom module using the gcloud CLI to detect connections to a list of suspicious IP addresses maintained by your security team. You need to define the finding severity and remediation guidance for your analysts. What should you include in the JSON template to properly configure these settings?,Configure the alert_config section with priority levels ranging from 1-10 and include a runbook_url for remediation procedures.,Configure the detection_parameters section with risk_score values and include mitigation_steps as a nested array.,"Configure the metadata section with severity set to LOW, MEDIUM, HIGH, or CRITICAL, description for context, and recommendation for remediation guidance.","Configure the findings_config section with threat_level set to INFO, WARNING, ERROR, or CRITICAL and include a response_playbook field.",3,"The JSON template metadata section allows you to define severity levels (LOW, MEDIUM, HIGH, or CRITICAL), a description that provides context about the threat, and a recommendation field that contains custom remediation steps to help security teams address the findings. Reference: https://cloud.google.com/security-command-center/docs/use-custom-modules-etd"
GCP PSOE,"Your organization uses Google Unified Security with Security Command Center Enterprise integrated with Google SecOps. Your SOC team needs to perform threat hunting that leverages both cloud posture data and security events across AWS, Azure, and Google Cloud. You want analysts to have contextual information about cloud assets during investigations. What should you configure to enable this workflow?",Ingest Security Command Center findings as a log source into Google SecOps and create custom parsers to extract asset metadata.,Enable Cloud Asset Inventory collection to flow multi-cloud asset data into the Google SecOps Entity Graph for enrichment during investigations.,Configure SOAR playbooks to query cloud provider APIs and append asset context to each alert during case triage.,Export cloud asset inventory data to BigQuery and create reference lists in Google SecOps to join with UDM events during searches.,2,"With the unified capabilities between Google SecOps and Security Command Center, Cloud Asset Inventory information flows into the Google SecOps Entity Graph. This provides SOC analysts with immediate additional context about multi-cloud assets to speed analysis and prioritize workflow during threat hunting. Reference: https://cloud.google.com/chronicle/docs/reference/google-unified-security"
GCP PSOE,You are managing Security Command Center for your organization and notice that Security Health Analytics findings for certain resources are being generated with a delay of up to 24 hours after configuration changes. You need to understand why this delay occurs and determine which scan type is being used. What is the most likely explanation?,The VPC Service Controls perimeter is blocking Security Health Analytics from accessing the protected resources in real time.,"The detectors are operating in batch scan mode, which runs once daily for all enrolled organizations or projects alongside real-time scans.",Security Health Analytics has been recently enabled and is still completing its initial baseline scan of all organization resources.,The Security Command Center service account lacks the necessary IAM permissions to monitor changes in real time for those resources.,2,"Security Health Analytics uses two scan modes: real-time scans that trigger when configuration changes are detected, and batch scans that run once daily. Some detectors operate in mixed-mode where certain resource types are captured immediately while others are captured in batch scans. The 24-hour delay indicates batch scanning is occurring. Reference: https://cloud.google.com/security-command-center/docs/concepts-security-health-analytics"
GCP PSOE,Your organization wants to implement automated security alerting based on complex SQL queries that analyze aggregated audit log data in Cloud Logging. The alerts should trigger when statistical patterns in the logs indicate potential security threats. You need to configure the alerting infrastructure. What prerequisite must be met before you can create SQL-based alerting policies?,Upgrade the log bucket to use Log Analytics and create a linked BigQuery dataset.,Enable Data Access audit logs for all Google Cloud services in the organization.,Create log-based metrics for each security event pattern you want to monitor.,Configure an aggregated log sink to route logs to a separate Cloud Storage bucket.,1,SQL-based alerting policies query log views on log buckets that must be upgraded to use Log Analytics and then linked to a BigQuery dataset. This configuration enables the alerting policy to run SQL queries against the log data. Reference: https://cloud.google.com/logging/docs/alerting/monitoring-logs
GCP PSOE,Your organization uses Security Command Center (SCC) Premium to monitor GCP resources. The security team wants to detect when Compute Engine instances are created in unauthorized regions. The built-in detectors do not provide this specific functionality. You need to implement a solution that integrates with SCC findings and runs automatically when resource configurations change. What should you do?,Create an Event Threat Detection custom module using the Configurable allowed Compute Engine region template to monitor for instances created in restricted regions.,Enable Security Health Analytics at the organization level and configure built-in region restriction detectors with custom parameters.,Configure a Cloud Asset Inventory feed to send notifications to a Cloud Function that creates SCC findings for non-compliant instances.,Create a Security Health Analytics custom module using CEL expressions to check for unauthorized region values in Compute Engine instance configurations.,4,"Security Health Analytics custom modules allow you to create custom detection rules using Common Expression Language (CEL) that run alongside built-in detectors in both real-time and batch scans. When resource configurations change, custom modules can detect violations based on your specified criteria. Reference: https://cloud.google.com/security-command-center/docs/custom-modules-sha-overview"
GCP PSOE,You are configuring a Cloud Logging sink to export security-relevant logs to BigQuery for long-term analysis and correlation by your security operations team. The team needs to run frequent queries on specific date ranges to investigate incidents efficiently while minimizing query costs. Which configuration option should you select when creating the sink?,Configure the sink to use partitioned tables instead of date-sharded tables.,Configure the sink to use date-sharded tables with a wildcard table suffix.,Configure the sink to route logs to a Cloud Logging bucket with a linked BigQuery dataset.,Configure the sink with an exclusion filter to reduce the volume of logs exported to BigQuery.,1,Partitioned tables perform better than date-sharded tables and enable partition pruning when queries include filters on the partitioning column. This reduces the bytes scanned and lowers query costs. BigQuery also maintains metadata that enables more accurate query cost estimates before execution. Reference: https://cloud.google.com/bigquery/docs/partitioned-tables
GCP PSOE,Your security team has integrated Security Command Center with Google Security Operations (SecOps). The team wants to leverage SCC Event Threat Detection custom module findings for enhanced correlation with other log sources. Which Google SecOps rule set should the team enable to automatically create detections from these custom module findings?,Applied Threat Intelligence (ATI) rule set,CDIR SCC Custom Module rule set,CDIR SCC Enhanced Exfiltration rule set,CDIR SCC Cloud Armor rule set,2,"The CDIR SCC Custom Module rule set contains rules that detect Event Threat Detection custom module findings from Security Command Center. When enabled, this rule set automatically creates detections in Google SecOps based on the custom IOC findings generated by your Event Threat Detection custom modules. Reference: https://cloud.google.com/chronicle/docs/detection/cloud-threats-category"
GCP PSOE,Your organization wants to retain VPC Flow Logs in BigQuery for long-term security analytics and threat hunting. You need to ensure that security analysts can query VPC Flow Logs using SQL while minimizing data duplication and storage costs. Which approach should you implement?,"Configure VPC Flow Logs to write directly to BigQuery, bypassing Cloud Logging to reduce pipeline complexity.",Enable Log Analytics and use Logs Explorer to run SQL queries against the VPC Flow Logs stored in the default _Default bucket.,"Upgrade the log bucket to use Log Analytics and create a linked BigQuery dataset, which provides read access without duplicating data.",Create a log sink to export VPC Flow Logs directly to a BigQuery dataset with streaming inserts for real-time analysis.,3,Creating a linked BigQuery dataset allows BigQuery to read log data directly from the Cloud Logging bucket without ingesting or duplicating it. This approach minimizes storage costs while enabling full SQL query capabilities for security analytics. Reference: https://cloud.google.com/logging/docs/analyze/query-linked-dataset
GCP PSOE,"You are building threat hunting capabilities for a multi-cloud environment using Google Security Operations (SecOps). You need to create a detection rule that identifies when a user performs a high-risk IAM change in any cloud environment (Google Cloud, AWS, or Azure) and then accesses sensitive data within a 30-minute window. The rule must work across all three cloud platforms without modification. Which approach should you use?",Use the Entity Graph to automatically correlate IAM changes with data access events and generate alerts when thresholds are exceeded.,"Create three separate YARA-L rules targeting provider-specific log types (AWS_CLOUDTRAIL, AZURE_ACTIVITY, GCP_CLOUDAUDIT) with identical detection logic.",Configure Cloud Threats curated detection rules for each cloud provider and enable composite detections to chain the alerts.,"Build a multi-event YARA-L rule using the metadata.event_type field to match IAM changes, correlate using the principal.user.userid match variable, and specify a 30-minute time window.",4,"YARA-L rules operate on UDM-normalized data, which standardizes events from different cloud providers into consistent event types and fields. By using metadata.event_type and principal.user.userid, the rule will match equivalent events across all three clouds without provider-specific logic. Reference: https://cloud.google.com/chronicle/docs/detection/yara-l-2-0-overview"
GCP PSOE,Your security team needs to detect when service account keys are accessed by human users in your Google Cloud environment. You want to receive near real-time notifications when this security-relevant event occurs. You need to implement the most direct solution using Cloud Logging. What should you do?,Configure a SQL query in Log Analytics to identify key access events and schedule the query to run every five minutes using Cloud Scheduler.,Create a log-based metric that counts service account key access events and configure a metric-based alerting policy with a threshold of one or more events.,Export audit logs to BigQuery using a log sink and create a scheduled query to detect anomalous key access patterns daily.,Create a log-based alerting policy that monitors audit logs for service account key access events and configure a notification channel.,4,Log-based alerting policies are specifically designed for catching security-related events in log entries in near real-time. Google documentation explicitly mentions service account key access by human users as a primary use case for log-based alerting policies. This approach provides immediate notification without requiring additional infrastructure. Reference: https://cloud.google.com/logging/docs/alerting/monitoring-logs
GCP PSOE,You are configuring a DLP inspection job to scan a BigQuery table containing customer data. You need to save the inspection findings to another BigQuery table and ensure each finding can be traced back to the specific row in the source table. What should you configure?,Configure the saveFindings action with rowsPerItem set to 1 to ensure each finding is stored with its complete row context.,Set the identifyingFields property in the inspection job configuration to specify the columns that uniquely identify each row in the source table.,Create a job trigger with sampling disabled to ensure all rows are scanned and findings include row references automatically.,Enable the includeQuote option in the inspection configuration to capture the full row content with each finding.,2,"When you configure identifying fields in the inspection job, the exported findings will contain the corresponding values of those columns. These values appear in the location.content_locations.record_location.record_key.id_values field, allowing you to link findings back to specific rows. Reference: https://cloud.google.com/sensitive-data-protection/docs/querying-findings"
GCP PSOE,Your security team needs to hunt for malicious IP addresses across six months of VPC Flow Logs stored in Cloud Logging. The team wants to use SQL to join the logs with a threat intelligence IOC list maintained in a separate BigQuery dataset. What should you do first to enable this capability?,Create a log sink to export logs directly to BigQuery for joining with the IOC dataset.,Query the logs directly in the Logs Explorer using the IOC list as a filter.,Upgrade the log bucket to use Log Analytics and create a linked BigQuery dataset.,Enable the BigQuery Data Transfer Service to periodically copy logs to a new dataset.,3,"To join Cloud Logging data with other BigQuery datasets, you must first upgrade the log bucket to use Log Analytics and then create a linked BigQuery dataset. This configuration allows BigQuery to read the log data while Cloud Logging continues to manage storage and retention. Reference: https://cloud.google.com/logging/docs/analyze/query-linked-dataset"
GCP PSOE,"You are investigating a suspected privilege escalation incident where an attacker may have granted the Editor role to an external account across multiple projects. You need to identify all resources where this external account now has effective access, including access obtained through group memberships. What is the most efficient approach using Google Cloud native tools?",Use the gcloud projects get-iam-policy command iteratively across all projects and grep for the external account's email address in the output.,Filter Admin Activity audit logs for protoPayload.methodName='SetIamPolicy' and search for the external account email in the response payload to find all IAM changes.,Export IAM policies to BigQuery using the Asset Inventory API and run SQL queries to find bindings containing the external account's email domain.,"Use IAM Policy Analyzer with a custom query specifying the external account's identity, which will automatically expand group memberships and show all resources the principal can access.",4,Policy Analyzer automatically handles group expansion and role-to-permission expansion while accounting for the resource and policy hierarchy. It can answer questions like 'Who has access to this resource and what can they do?' by analyzing IAM allow policies across your specified scope. Reference: https://cloud.google.com/policy-intelligence/docs/analyze-iam-policies
GCP PSOE,"Your organization wants to implement VPC Service Controls to protect sensitive BigQuery datasets. Before enforcing the perimeter, you need to understand how the configuration will impact your existing workflows without disrupting production operations. You want to identify potential violations and adjust the configuration accordingly. What should you do?","Create a honeypot perimeter to simulate the production environment, monitor access patterns for 30 days, and replicate the same configuration to your production perimeter.","Create the service perimeter in dry run mode, analyze violation logs using Cloud Logging with the filter protoPayload.metadata.dryRun='true', and then enforce the configuration after resolving issues.","Create the service perimeter in enforced mode, configure alert policies in Cloud Monitoring to detect access denials, and modify the perimeter based on alerts received.","Create the service perimeter in dry run mode, use the BigQuery audit logs to identify access patterns, and then delete the dry run perimeter to create an enforced perimeter.",2,"Dry run mode logs violations as though the perimeters are enforced but does not prevent access to restricted services. After identifying and resolving issues using the dry run logs, you can enforce the perimeter configuration safely. The recommended log filter for dry run violations is log_id('cloudaudit.googleapis.com/policy') AND severity='error' AND protoPayload.metadata.dryRun='true'. Reference: https://cloud.google.com/vpc-service-controls/docs/dry-run-mode"
GCP PSOE,"You are managing vulnerability prioritization in Security Command Center Enterprise. Your organization has designated several BigQuery datasets containing customer PII as high-value resources. A vulnerability finding was generated with a default severity of MEDIUM, but after Risk Engine processing, its severity changed to HIGH. What caused this severity increase?","The vulnerability finding was correlated with active threat intelligence indicating exploitation in the wild, triggering an automatic severity upgrade.",A custom detection rule was triggered that overrode the default severity classification based on resource tags.,The Security Health Analytics detector that generated the finding was updated with a new severity baseline.,"The Risk Engine's attack path simulation determined that the vulnerability exposes one or more of the designated high-value resources, resulting in an elevated attack exposure score.",4,"In Security Command Center Enterprise, the severity of vulnerability findings can change based on attack exposure scores calculated by the Risk Engine. When attack path simulations determine that a finding exposes high-value resources, the simulations assign an attack exposure score and increase the severity level accordingly. Reference: https://cloud.google.com/security-command-center/docs/finding-severity-classifications"
GCP PSOE,Your organization wants to perform threat hunting by comparing firewall logs with a continuously updated threat intelligence feed containing malicious IP addresses stored in BigQuery. You need to design a solution that enables security analysts to efficiently correlate network activity with known IOCs while minimizing query costs. What should you do?,Use Logs Explorer to manually filter firewall logs by copying IOC IP addresses from the threat intelligence feed into individual query filters.,"Store firewall logs in a Log Analytics-upgraded log bucket with a linked BigQuery dataset, then use SQL JOIN queries against the threat intelligence table to identify matches.",Configure a scheduled Cloud Function to export log data to a CSV file in Cloud Storage and run a batch comparison script against the threat intelligence feed.,Create a real-time Dataflow pipeline that continuously streams firewall logs and compares each entry against the threat intelligence table using Apache Beam transforms.,2,"Creating a linked BigQuery dataset from a Log Analytics-enabled log bucket allows you to query the log data using SQL and perform JOIN operations with other BigQuery tables, such as your threat intelligence IOC table. This approach is efficient because BigQuery can process both datasets together while only billing for analysis costs. Reference: https://cloud.google.com/logging/docs/analyze/query-linked-dataset"
GCP PSOE,"You have implemented a threat hunting automation workflow where a Cloud Function processes threat intelligence updates from a Pub/Sub topic and initiates searches in Google SecOps. However, some messages are failing to process due to intermittent API errors. You need to ensure failed messages are preserved for analysis and retry without losing threat intelligence data. What should you configure?",Enable exponential backoff retry policy on the subscription with minimum 10-second and maximum 600-second delays to handle transient errors.,"Configure a dead-letter topic on the Pub/Sub subscription with maximum delivery attempts set between 5 and 100, and attach a separate subscription to analyze failed messages.",Configure the Cloud Function to catch all exceptions and publish failed messages to a separate error topic directly from the function code.,Increase the message retention duration on the primary topic to 7 days to allow more time for manual intervention on failed messages.,2,"Dead-letter topics forward undeliverable messages after a configured number of delivery attempts, preserving them for offline debugging and analysis. The maximum delivery attempts must be between 5 and 100. A separate subscription on the dead-letter topic enables you to analyze persistent failures. Reference: https://cloud.google.com/pubsub/docs/dead-letter-topics"
GCP PSOE,"You are configuring Cloud Logging sinks to route security logs to Cloud Storage for long-term retention. Your organization requires that logs older than 1 year be moved to a lower-cost storage class to optimize costs, while maintaining immediate access if needed. Which approach should you implement?",Configure Object Lifecycle Management on the Cloud Storage bucket to transition objects to Coldline storage class after 365 days based on object age.,Enable Autoclass on the Cloud Storage bucket to automatically manage storage class transitions based on access patterns.,"Create separate log sinks for recent and archived logs, routing logs older than 1 year to a Coldline storage bucket using sink filters.",Configure a Cloud Function triggered by Cloud Scheduler to move objects older than 365 days to a separate Coldline bucket.,1,Object Lifecycle Management can automatically transition objects to lower-cost storage classes like Coldline based on the age condition. Coldline storage is ideal for data accessed at most once per quarter and provides the same millisecond latency access as other storage classes while reducing costs. Reference: https://cloud.google.com/storage/docs/lifecycle
GCP PSOE,Your organization uses Security Command Center (SCC) Event Threat Detection to monitor Google Cloud resources and Google Security Operations (SecOps) for security analytics. You need to correlate SCC findings indicating suspicious IAM activity with corresponding audit logs in SecOps to identify the specific API calls associated with each finding. Which solution provides the most effective threat hunting workflow?,Ingest SCC Event Threat Detection findings into Google SecOps using the SCC parser and create composite detection rules to correlate findings with Cloud Audit Log events.,Configure a SOAR playbook to automatically retrieve SCC finding details and enrich Google SecOps alerts with additional API call information.,Configure SCC to export findings directly to BigQuery and query them alongside Cloud Audit Logs for manual correlation analysis.,Use the Security Command Center console to view finding details and manually search for related events in Google SecOps using the principal identifier.,1,"SCC findings can be ingested into Google SecOps and parsed using the Security Command Center parser, which maps findings to UDM format. Composite detection rules can then correlate these high-level findings with detailed audit log events to enrich the threat context and identify specific API calls that triggered the finding. Reference: https://cloud.google.com/chronicle/docs/ingestion/default-parsers/collect-security-command-center-findings"
GCP PSOE,"Your security team needs to centralize audit logs from all projects in your Google Cloud organization into a single BigQuery dataset for SQL-based compliance analysis. The team must ensure that the logs from all child projects, folders, and the organization itself are captured in one location. What configuration should you implement?",Create a log bucket at the organization level and enable automatic log collection from all projects through the Logs Router default settings.,Create individual sinks in each project that route logs to a shared BigQuery dataset and configure IAM permissions at the dataset level.,Configure Pub/Sub topics in each project to forward audit logs and use Dataflow to aggregate them into BigQuery.,Create a non-intercepting aggregated sink at the organization level with the --include-children flag and set the destination to a BigQuery dataset.,4,An aggregated sink created at the organization level with the --include-children flag routes log entries from the organization and all its child resources (folders and projects) to the specified destination. A non-intercepting sink ensures existing project-level sinks continue to function normally. Reference: https://cloud.google.com/logging/docs/export/aggregated_sinks
GCP PSOE,Your organization is implementing Web Security Scanner to detect exploitation attempts in web applications. You want to ensure scan traffic is distinguishable in your application logs for correlation with other security events. Which characteristic of Web Security Scanner behavior should you leverage for this purpose?,Web Security Scanner generates requests containing unusual strings like ~sfi9876 and /sfi9876 that appear in application logs.,Web Security Scanner adds a custom X-Security-Scanner header to all HTTP requests for identification purposes.,Web Security Scanner uses a unique User-Agent header that includes 'GoogleSecurityScanner' as the identifier.,Web Security Scanner sends all requests from a single static IP address that can be allowlisted and filtered.,1,Web Security Scanner intentionally generates requests with unusual strings to examine application error pages. These distinctive patterns appear in logs and can be used to identify and correlate scanner activity with other security telemetry. Reference: https://cloud.google.com/security-command-center/docs/how-to-remediate-web-security-scanner-findings
GCP PSOE,"Data management""You are configuring Cloud DLP to establish a sensitive data classification baseline for Cloud Storage buckets containing customer documents. The documents include scanned images of identity documents and PDFs with personal information. You need to configure the discovery scan to accurately classify sensitive data in these file types. What should you configure?","Configure a Cloud Function to extract text from images using the Vision API before sending content to the DLP API, since Cloud DLP cannot process image files directly.",Enable document AI processing in the discovery scan configuration and create custom regex patterns to detect identity document numbers in extracted text.,Create separate inspection jobs for each file type - one for images using the image.redact API method and another for PDFs using content.inspect - then aggregate results manually.,"Configure a discovery scan configuration for Cloud Storage with an inspection template that includes built-in infoTypes for identity documents, and ensure optical character recognition (OCR) is enabled for image scanning.",4,"Sensitive Data Protection supports scanning of images (JPEGs, PNGs), PDFs, and other file types in Cloud Storage. The DLP API uses OCR technology to analyze text in images and return findings. Built-in infoTypes can detect identity document numbers and other PII across these file formats. Reference: https://cloud.google.com/sensitive-data-protection/docs/classification-redaction"
GCP PSOE,You are configuring Security Health Analytics to detect misconfigurations across your Google Cloud environment. You need to create a custom detection rule that checks Cloud SQL instances for a specific internal requirement: instances must be located in approved regions. Which approach should you use to implement this detection?,Create a Security Health Analytics custom module using CEL expressions to evaluate the region property of Cloud SQL instances against your list of approved regions.,Configure the built-in PUBLIC_SQL_INSTANCE detector to also check for region compliance by modifying its parameters.,Deploy a security posture with organization policies to restrict Cloud SQL instance creation to approved regions only.,Create an Event Threat Detection custom module to monitor Cloud SQL Admin Activity logs for instance creation events in non-approved regions.,1,"Security Health Analytics custom modules allow you to create custom detectors using YAML and CEL expressions to check for vulnerabilities, misconfigurations, or compliance violations. You can implement complex detection logic to check Cloud SQL instances for properties like the region value and trigger findings for instances in non-approved regions. Custom modules run alongside built-in detectors in both real-time and batch scans. Reference: https://cloud.google.com/security-command-center/docs/custom-modules-sha-overview"
GCP PSOE,"Your organization requires that security logs be preserved for potential forensic investigations, with protection against tampering or accidental deletion for at least 7 years. You need to store the logs in Cloud Storage while ensuring that evidence cannot be modified or deleted during the retention period, even by administrators. What should you do?","Create a Cloud Storage bucket with a retention policy, set the retention period to 7 years, and lock the retention policy permanently using Bucket Lock.",Create a Cloud Storage bucket with a retention policy set to 7 years but leave the policy unlocked to allow security administrators to extend it if needed.,Create a Cloud Storage bucket with IAM policies restricting delete permissions to a security service account that requires multi-party approval.,Create a Cloud Storage bucket with Object Versioning enabled and configure lifecycle rules to archive objects to Coldline storage after 90 days.,1,"Bucket Lock with a locked retention policy permanently prevents the policy from being reduced or removed, providing immutable storage that meets compliance requirements for evidence preservation. Once locked, objects cannot be deleted until the retention period expires. Reference: https://cloud.google.com/storage/docs/bucket-lock"
GCP PSOE,"Threat hunting""Your threat hunting team is investigating a potential compromise and needs to search Cloud Audit Logs in BigQuery for any activity from a specific IP address over the past 30 days. The logs are stored in a date-partitioned BigQuery table. You need to optimize query performance and minimize costs. What should you do?",Create a materialized view that filters logs to the specific IP address before running queries against the full table.,Include a WHERE clause filter on the partition column to limit the query to the relevant 30-day time range and filter on the caller IP address field.,Query the entire table without partition filters and use LIMIT to reduce the number of results returned.,Use SELECT * to retrieve all audit log fields and filter the results in a downstream application for the specific IP address.,2,"Filtering on the partition column (typically a timestamp field) limits the amount of data scanned by BigQuery, which both improves query performance and reduces costs. Combining this with the specific IP address filter provides the most efficient query execution. Reference: https://cloud.google.com/bigquery/docs/querying-partitioned-tables"
GCP PSOE,"You are creating a user-defined log-based metric in Cloud Logging to count failed authentication attempts across your Google Cloud environment. You want to add a label to the metric that extracts the source IP address from the log entries to enable filtering in Cloud Monitoring dashboards. However, you are concerned about potential issues with this approach. Which consideration should inform your decision about adding this label?","Source IP addresses are automatically included as default labels in all log-based metrics, making additional configuration unnecessary.",Log-based metrics with custom labels cannot be monitored by alerting policies in Cloud Monitoring due to label extraction limitations.,User-defined labels cannot be added to counter-type log-based metrics and require conversion to distribution metrics.,"Extracting source IP addresses as labels can create excessive time series due to high cardinality, which increases costs and may cause throttling.",4,"IP addresses have unbounded cardinality, and each unique label value creates a separate time series. Google's documentation specifically warns against storing URLs, IP addresses, or unique IDs in labels as these can result in too many time series, rising costs, and potential throttling. Reference: https://cloud.google.com/logging/docs/logs-based-metrics/troubleshooting"
GCP PSOE,Your organization uses Pub/Sub to deliver threat intelligence updates to a Cloud Function that performs automated threat hunting in Google SecOps. You notice that some messages fail to process due to transient errors in the SecOps API calls. You want to ensure failed messages are not lost and can be analyzed later without blocking the main processing queue. What should you configure?,Create a second subscription on the same topic and configure the Cloud Function to acknowledge messages only after successful SecOps API calls.,Increase the message_retention_duration on the subscription to 31 days and manually review unacknowledged messages.,Enable exactly-once delivery on the subscription to prevent message processing failures from causing duplicate processing.,Configure a dead-letter topic on the Pub/Sub subscription and set max_delivery_attempts to control retry behavior before forwarding undeliverable messages.,4,Dead-letter topics allow undeliverable messages to be forwarded to a separate topic for later analysis after a configured number of delivery attempts. This prevents message loss while keeping the main queue processing efficiently. Reference: https://cloud.google.com/pubsub/docs/dead-letter-topics
GCP PSOE,You are investigating an alert in Google Security Operations (SecOps) triggered by a curated detection rule from Applied Threat Intelligence. The alert indicates an Active Breach priority IOC match. You need to quickly assess whether this is a true positive and understand the threat context. Which combination of features should you use?,Export the alert data to Looker Studio and build a visualization dashboard to assess the IOC's risk level and frequency.,Create a SOAR playbook to automatically enrich the IOC with VirusTotal data before beginning the manual investigation process.,"Review the IOC's Associations tab to view linked threat actors and malware, and examine the Events tab for priority rationale and affected asset details.",Run a statistical YARA-L query to aggregate all events matching the IOC pattern and generate a prevalence score for risk assessment.,3,"The Associations tab shows relationships to actors and malware for investigating potential breaches, while the Events tab displays how the event was prioritized, the rationale for the priority determination, and detailed event information. These features together provide threat context and impact assessment. Reference: https://cloud.google.com/chronicle/docs/detection/ati-view-ioc-page"
GCP PSOE,"Your security team is investigating a potential data exfiltration incident and needs to analyze Cloud Audit Logs to identify suspicious patterns of BigQuery data access across your organization. The team requires the ability to run complex SQL queries with aggregations, joins with external threat intelligence data, and visualizations of access patterns over time. Which approach should you use?",Create multiple user-defined log-based metrics for each access pattern and use Cloud Monitoring dashboards to visualize the data over time.,"Upgrade the log bucket storing audit logs to use Log Analytics, create a linked BigQuery dataset, and use Log Analytics with SQL queries to perform the investigation.",Configure a log-based alerting policy with multiple conditions to detect the various suspicious access patterns in real-time.,Use the Logs Explorer with advanced query filters to search for suspicious data access patterns and export matching entries to a spreadsheet for analysis.,2,"Log Analytics provides SQL-based query capabilities that support complex operations including aggregations, joins, and visualizations. By creating a linked BigQuery dataset, you can also join log data with external threat intelligence data stored in BigQuery. Log Analytics is recommended for generating 'insights and trends' and supports 'aggregate operations, like counting the number of log entries that contain a specific pattern.' Reference: https://cloud.google.com/logging/docs/log-analytics"
GCP PSOE,"After an Event Threat Detection alert for 'Exfiltration: BigQuery Data Exfiltration' is triggered in Security Command Center, you need to determine what types of sensitive data were potentially compromised. The exfiltrated BigQuery dataset contains customer information. You want to assess the severity of the breach as efficiently as possible. What should you do?",Run a Sensitive Data Protection inspection job on the exfiltrated BigQuery dataset with saveFindings configured to export results to a BigQuery table for analysis.,Query Cloud Logging Data Access audit logs to enumerate all column names in the dataset that were accessed during the exfiltration window.,Review the SCC finding details to identify the exact number of records that were exfiltrated from each table in the dataset.,Enable BigQuery column-level access controls on the dataset to retroactively determine which columns contained sensitive information.,1,"Sensitive Data Protection inspection can perform deep inspection on BigQuery tables and identify specific sensitive data types like credit card numbers, SSNs, and personal information. Saving findings to BigQuery enables SQL-based analysis to understand the exact types and quantities of sensitive data that were potentially exposed. Reference: https://cloud.google.com/sensitive-data-protection/docs/inspecting-storage"
GCP PSOE,"Your security team received an alert in Google Security Operations (SecOps) for a high-priority IOC match indicating communication with a known command-and-control domain. You need to investigate the scope of the incident and understand why this IOC was prioritized. Where should you go to view the threat intelligence rationale, event details, and threat actor associations for this IOC?",Navigate to the Alerts page and export the raw log data to BigQuery for analysis of the threat intelligence metadata and actor associations.,Navigate to the IOC Matches page and select the matched indicator to view the Events tab for event details and the Associations tab for threat actor and campaign information.,Create a new UDM search query using natural language to retrieve threat intelligence enrichment data for the domain from the entity graph.,Use the Rules Dashboard to view the detection rule that triggered and examine the rule metadata for threat intelligence associations.,2,"The IOC Matches page in Google SecOps displays all matched IOCs with their details including priority, status, and categories. For a selected indicator, the Events tab shows priority rationale and UDM fields, while the Associations tab displays threat actor and malware associations to help investigate potential breaches. Reference: https://cloud.google.com/chronicle/docs/detection/ati-view-ioc-page"
GCP PSOE,You are implementing an automated threat hunting workflow using Cloud Functions triggered by threat intelligence updates published to Pub/Sub. The function ingests STIX/TAXII threat intelligence data and uses the Google SecOps Ingestion API to send the data for correlation. You need to ensure the trigger identity follows security best practices. What should you do?,Grant the Service Account Token Creator role to the Pub/Sub service agent and use impersonation to invoke the function.,Configure the Cloud Function to use allUsers IAM binding to allow unauthenticated invocations from Pub/Sub.,Use the Compute Engine default service account since it is automatically created and has the necessary permissions to invoke Cloud Functions.,Create a dedicated user-managed service account with minimum required permissions and associate it with the Eventarc trigger using the --service-account flag.,4,"Google recommends creating user-managed service accounts with minimum required permissions rather than using the default Compute Engine service account, which has overly broad Editor permissions. The dedicated account provides greater control and follows the principle of least privilege. Reference: https://cloud.google.com/eventarc/docs/roles-permissions"
GCP PSOE,"Detection engineering""Your security team has discovered that Web Security Scanner identified an XSS vulnerability in a GKE-hosted application. You want to validate and reproduce the finding to understand the exploitation technique before implementing remediation. How should you proceed?",Run a custom scan against the same application with increased QPS settings to generate more detailed findings about the exploitation technique.,"Follow the Reproduction URL link provided in the finding details in Security Command Center, which directly demonstrates the vulnerability by injecting a test string.",Configure Google Threat Intelligence (GTI) to correlate the finding with known XSS attack patterns and generate a detailed exploitation report.,Export the finding to Google Security Operations (SecOps) and use retrohunt to search for historical exploitation of this vulnerability in production logs.,2,"Web Security Scanner findings include a Reproduction URL that directly demonstrates the vulnerability. For XSS findings, following this URL will either open an alert dialog or inject the string 'XSSDETECTED' to prove that the attack can execute code, allowing you to validate the finding. Reference: https://cloud.google.com/security-command-center/docs/how-to-remediate-web-security-scanner-findings"
GCP PSOE,"Your company wants to detect connections to specific IP addresses that are maintained in an internal threat intelligence list. The built-in Malware: Bad IP detector in Event Threat Detection uses Google's threat intelligence, but you need detections based on your own organization-specific IP addresses. You want to implement this with the least operational overhead. What should you do?",Modify the built-in Malware: Bad IP detector to include your internal IP list.,Export logs to BigQuery and configure scheduled queries to match against your IP list.,Submit a feature request to Google Cloud to add your IP addresses to the built-in detector.,Create and configure a Configurable Bad IP custom module with your organization's suspicious IP address list.,4,"Event Threat Detection provides custom module templates including the Configurable Bad IP module, which allows you to supply your own list of suspicious IP addresses. Custom modules run alongside built-in detectors and trigger findings when VPC Flow Logs indicate connections to any IP addresses you specify. Reference: https://cloud.google.com/security-command-center/docs/custom-modules-etd-overview"
GCP PSOE,Your security team needs to grant SSH access to specific VM instances for a group of administrators using IAP TCP forwarding. The administrators should only be able to connect from company-managed devices during business hours (8 AM to 6 PM). You want to implement this with the most direct configuration approach. What should you do?,Grant the IAP-Secured Web App User role to the admin group with a condition that includes device policy attributes and request.time expressions in the IAM binding.,Create a Cloud Scheduler job to enable and disable the IAP-Secured Tunnel User role bindings based on business hours and manually verify device compliance.,Configure a VPN gateway with time-based access controls and grant the Compute Instance Admin role to the admin group for direct SSH access to the VMs.,Grant the IAP-Secured Tunnel User role to the admin group and add an IAM condition that references an access level from Access Context Manager containing the device policy and time-of-day restrictions.,4,"IAP TCP forwarding requires the IAP-Secured Tunnel User role, which contains the iap.tunnelInstances.accessViaIAP permission. Access levels created in Access Context Manager can include device policies and can be combined with IAM condition date/time attributes to restrict access to specific time periods. This is the most direct approach. Reference: https://cloud.google.com/iap/docs/using-tcp-forwarding"
GCP PSOE,Your security operations team is investigating a Container Threat Detection finding that indicates a reverse shell was detected in one of your GKE containers. You need to understand how Container Threat Detection identified this threat. Which description accurately explains the Container Threat Detection detection mechanism for this finding type?,Container Threat Detection analyzes container images at deployment time and compares them against a database of known malicious images.,Container Threat Detection uses network flow logs from VPC to detect outbound connections matching reverse shell traffic patterns.,Container Threat Detection monitors GKE audit logs exclusively and detects reverse shells through API call pattern analysis.,Container Threat Detection collects low-level behavior from the guest kernel and monitors for processes that start with stream redirection to a remote connected socket.,4,"Container Threat Detection detection instrumentation collects low-level behavior in the guest kernel and executed scripts. For reverse shell detection, it monitors for processes that get started with stream redirection to a remote connected socket. An attacker can use a reverse shell to communicate from a compromised workload to an attacker-controlled machine and perform malicious activities. Reference: https://cloud.google.com/security-command-center/docs/concepts-container-threat-detection-overview"
GCP PSOE,You are configuring Security Command Center to export Event Threat Detection findings to Cloud Logging for additional analysis and long-term retention. You have activated Security Command Center Premium at the organization level. What should you configure to enable this capability?,Configure Continuous Exports in Security Command Center settings and enable the Log Findings to Logging option with a specified logging project.,Configure a BigQuery export for Event Threat Detection findings and then create a Data Transfer Service job to sync data to Cloud Logging.,Enable the Cloud Logging API and grant the Event Threat Detection service account the Logging Admin role on the organization.,Create a log sink in Cloud Logging at the organization level to route Event Threat Detection findings to a centralized logging bucket.,1,"To view Event Threat Detection findings in Cloud Logging, you must configure Continuous Exports and enable the Log Findings to Logging option. This feature is only available when Security Command Center is activated at the organization level, and you specify a Cloud Logging project where findings will be exported. Reference: https://cloud.google.com/security-command-center/docs/how-to-use-event-threat-detection"
GCP PSOE,"Your organization has Binary Authorization enabled on production GKE clusters. During a security incident, you discover that several containers violating your attestation policy have been running undetected for weeks. You want to ensure continuous monitoring of running Pods for policy compliance going forward. What should you configure?",Enable Binary Authorization continuous validation (CV) with check-based platform policies and configure it to log violations to Cloud Logging.,Enable dry-run mode on the Binary Authorization policy and configure Cloud Monitoring alerts for policy violation events.,Update the Binary Authorization policy enforcement mode to ENFORCED_BLOCK_AND_AUDIT_LOG to automatically terminate policy-violating containers.,Configure GKE security posture dashboard with advanced vulnerability insights to scan all running workloads for policy violations.,1,"Continuous validation with check-based platform policies monitors running Pods and checks that their container images continue to conform to your specified policies. When CV detects violations, it logs them to Cloud Logging, enabling detection of non-compliant containers that are already running. Reference: https://cloud.google.com/binary-authorization/docs/overview-cv"
GCP PSOE,Your organization wants to extend Security Health Analytics to detect when Cloud SQL instances in a specific region have public IP addresses assigned. The built-in PUBLIC_SQL_INSTANCE detector checks only if authorizedNetworks is set to 0.0.0.0/0 but does not consider the region. What should you do?,Create a Security Health Analytics custom module using YAML and CEL expressions to check both the region property and public IP configuration.,Modify the built-in PUBLIC_SQL_INSTANCE detector to add a region filter in the Security Command Center console.,Create an Event Threat Detection custom module to monitor Cloud SQL configuration changes in the specified region.,Deploy a Cloud Function that queries Cloud SQL instances and writes findings directly to Security Command Center using the API.,1,"Security Health Analytics custom modules allow you to create custom detectors using YAML and Common Expression Language (CEL) expressions. This enables checking multiple resource properties like the region and public IP configuration, which the built-in detectors cannot do together. Reference: https://cloud.google.com/security-command-center/docs/custom-modules-sha-overview"
GCP PSOE,"Your organization uses Cloud DLP to scan BigQuery tables for sensitive data and publishes findings to Security Command Center. During an incident investigation, you discover an exfiltration finding for a BigQuery dataset. You need to determine if the exfiltrated data contained sensitive information. What is the most effective way to assess the data sensitivity of the affected tables?",Run a new Cloud DLP inspection job on the affected dataset with all available infoType detectors enabled.,Review the DLP data profiles in Security Command Center for the affected BigQuery tables to see the data sensitivity level and detected infoTypes.,Query the BigQuery INFORMATION_SCHEMA.COLUMNS view to identify column names that might contain sensitive data based on naming conventions.,Export the affected tables to Cloud Storage and use Cloud DLP content inspection API to scan the exported files.,2,"Cloud DLP's discovery service creates data profiles that are sent to Security Command Center, showing sensitivity levels and detected infoTypes for each resource. This allows you to quickly assess if the exfiltrated tables contained sensitive data without running new scans. Reference: https://cloud.google.com/blog/products/identity-security/dlp-sensitive-data-intelligence-now-available-in-scc"
GCP PSOE,You are a detection engineer using Google Security Operations (SecOps) and need to assess your organization's detection coverage against the MITRE ATT&CK framework. You want to identify gaps where you have the necessary log data but no detection rules in place. Which dashboard or feature should you use?,Use the MITRE ATT&CK matrix dashboard to identify technique cards that show zero rules but list available log sources that have actively sent data.,Use the Data Ingestion and Health dashboard to identify which log types are being ingested and manually map them to MITRE techniques.,Create a custom dashboard with YARA-L queries that enumerate all rules and their associated MITRE technique tags.,Use the Curated Detections dashboard to view which GCTI rule sets have been enabled and identify missing categories.,1,"The MITRE ATT&CK matrix dashboard in Google SecOps helps you understand your security posture against the MITRE ATT&CK framework. The technique details panel shows log sources that correspond to MITRE data sources that have actively sent data in the past 30 days, helping you identify where you have data but no rule coverage. Reference: https://cloud.google.com/chronicle/docs/detection/mitre-dashboard"
GCP PSOE,"You have created a Cloud Logging sink to export Admin Activity audit logs to a BigQuery dataset in a different project. After configuring the sink, you notice that no logs are being written to the dataset. You have verified that the sink filter is correctly configured and the destination dataset exists. What is the most likely cause of this issue?",The sink filter is using the wrong Logging query language syntax for audit log selection.,The destination BigQuery dataset is configured with customer-managed encryption keys that block external writes.,The BigQuery dataset location is in a different region than the source project's default logging region.,The sink's writer identity has not been granted the BigQuery Data Editor role on the destination dataset.,4,"When routing logs to a BigQuery dataset, the sink's service account (writer identity) must be granted the BigQuery Data Editor role (roles/bigquery.dataEditor) on the destination dataset. Without this permission, the sink cannot write log entries to BigQuery. Reference: https://cloud.google.com/logging/docs/export/configure_export_v2"
GCP PSOE,Your security team uses Google SecOps with Applied Threat Intelligence (ATI) enabled. You want to ensure that ATI curated detection rules are properly prioritizing and alerting on the most critical IoC matches. Which ATI curated detection rule sets should you enable to receive alerts for the highest priority network and host IoC matches?,Inbound IP Address Authentication Indicators and Outbound Connection Indicators rule sets.,Active Breach Priority Network Indicators and Active Breach Priority Host Indicators rule sets.,High Priority Network Indicators and Medium Priority Host Indicators rule sets.,GCTI Tor Exit Nodes and GCTI Remote Access Tools rule sets.,2,The ATI curated prioritization category includes rule sets for different priority levels. Active Breach Priority Network Indicators detects network-related IoCs using Mandiant Threat Intelligence and prioritizes them with the 'Active breach' label. Active Breach Priority Host Indicators does the same for host-related IoCs. These represent the highest priority IoC matches. Reference: https://cloud.google.com/chronicle/docs/detection/ati-curated-detections
GCP PSOE,Your organization has deployed multiple data collection agents across the enterprise to forward logs to Google Security Operations (SecOps). The security operations team needs to monitor the health of log ingestion and identify hosts that have stopped reporting logs. Which approach should you use to monitor silent hosts in Google SecOps?,Create a custom dashboard using the UDM Events Explore to track event counts per hostname and manually identify missing hosts.,Use the Main dashboard Global Threat Map to identify geographic regions with reduced log volume indicating potential silent collectors.,Use the Data Ingestion and Health dashboard which includes silent host monitoring to display hosts active in the last 7 days that have not reported recently.,Configure detection rules using YARA-L to alert when specific hostnames do not appear in ingested events within a defined time window.,3,"Google SecOps provides a Data Ingestion and Health dashboard with silent host monitoring widgets that display hosts that were active in the last 7 days but have not reported recently, including a count of days since their last ingestion. This provides a high-level daily overview of silent hosts. Reference: https://cloud.google.com/chronicle/docs/reports/dashboards-overview"
GCP PSOE,Your organization has enabled Security Command Center findings to be logged to Cloud Logging. You want to create alerting based on these findings while also visualizing them on a Cloud Monitoring dashboard. You need to count the number of high-severity findings per hour. What type of log-based metric should you create?,Create a distribution log-based metric to track the severity values.,Create a boolean log-based metric to track when high-severity findings occur.,Create a gauge metric using the Cloud Monitoring API to record finding counts.,Create a counter log-based metric with a filter for high-severity SCC findings.,4,"Counter metrics count the occurrences of log entries matching a filter. For counting high-severity findings per hour, a counter metric with appropriate filters for severity level is the correct choice. The metric can then be used in both dashboards and alerting policies. Reference: https://cloud.google.com/logging/docs/logs-based-metrics"
GCP PSOE,Two teams in your organization have separate VPC Service Controls perimeters protecting their respective BigQuery datasets. Team A needs to run analytics queries that join data from both perimeters without modifying either team's restricted services configuration. You need to implement the most direct solution that allows communication between these perimeters. What should you do?,Create access levels for both teams' service accounts and add them to each perimeter to grant cross-perimeter access based on identity.,Configure ingress and egress rules on both perimeters to allow the specific service accounts and BigQuery API methods required for cross-perimeter data access.,Create a perimeter bridge containing projects from both Team A's and Team B's perimeters to enable bidirectional communication between the datasets.,Merge both perimeters into a single unified perimeter that includes all projects from both teams to enable unrestricted internal communication.,2,Ingress and egress rules provide granular controls for cross-perimeter data exchange. Google recommends using ingress and egress rules instead of perimeter bridges because they offer more fine-grained control over which identities and methods can access resources across perimeters. This approach maintains security while enabling the specific access patterns needed. Reference: https://cloud.google.com/vpc-service-controls/docs/overview
GCP PSOE,"Your organization uses Google Security Operations (SecOps) SOAR to manage security incidents. You have created a reusable workflow that handles communication between your SOC and customers when incidents require customer investigation. This workflow includes sending emails, changing case stages, and reassigning cases. You want to implement this workflow efficiently across multiple parent playbooks handling different alert types. What should you do?",Configure a separate standalone playbook triggered by a custom tag that parent playbooks add to cases requiring customer communication.,Duplicate the communication workflow steps in each parent playbook and modify the parameters for each alert type.,Create a playbook block with the communication workflow and include it in each parent playbook using input parameters to customize behavior.,Create a custom Python integration that contains the communication logic and call it from each playbook.,3,Playbook blocks are designed for creating reusable workflow components that can be included in multiple parent playbooks. Blocks can have input fields that make them flexible and adaptable for different use cases. You can use inputs like Communication Type to condition the flow within the block. Reference: https://cloud.google.com/chronicle/docs/soar/respond/working-with-playbooks/working-with-playbook-blocks
GCP PSOE,Your security team needs to receive real-time alerts for high-severity Event Threat Detection findings and integrate them with your existing SIEM solution. You want to implement the most efficient solution that requires minimal ongoing maintenance. What should you do?,Export all Event Threat Detection findings to BigQuery and configure a scheduled query to identify high-severity findings for your SIEM to ingest.,Configure a continuous export in Security Command Center with a filter for severity='HIGH' and state='ACTIVE' to send findings to a Pub/Sub topic subscribed by your SIEM.,Create a Cloud Scheduler job that runs every minute to query the Security Command Center API for new high-severity findings and forwards them to your SIEM.,Enable Cloud Logging exports for Security Command Center and create a log-based metric with an alerting policy that triggers your SIEM integration.,2,Continuous exports automatically send new findings matching your filter criteria to Pub/Sub in near-real time. This is the recommended approach for integrating SCC findings with external systems and requires minimal maintenance compared to custom solutions. Reference: https://cloud.google.com/security-command-center/docs/how-to-export-data
GCP PSOE,A security engineer is planning the cost implications of enabling Security Command Center findings export to Cloud Logging. The engineer wants to understand the potential cost impact before enabling the export. Which statement accurately describes the cost consideration for this configuration?,Only Event Threat Detection findings incur Cloud Logging costs while Container Threat Detection findings are exported free of charge.,Cloud Logging costs for SCC findings are fixed at a flat rate regardless of the number of findings exported.,"Cloud Logging costs can be significant depending on the quantity of exported findings, and usage should be monitored using Google Cloud Observability pricing.",Cloud Logging export is included at no additional cost with Security Command Center Premium tier activation.,3,"The documentation explicitly states that 'Depending on the quantity of information, Cloud Logging costs can be significant.' Organizations should review Google Cloud Observability pricing to understand the costs associated with logging SCC findings. Reference: https://cloud.google.com/security-command-center/docs/export-cloud-logging"
GCP PSOE,"During an active incident, your team needs to prevent data exfiltration from a project containing Cloud Storage buckets with sensitive intellectual property. The project is already protected by a VPC Service Controls perimeter. You need to add an emergency restriction that blocks all data egress to external destinations while allowing continued internal access to the buckets. What should you configure?",Create a deny-all egress VPC firewall rule at priority 0 targeting all VMs in the project to block outbound network traffic to any destination.,"Enable VPC accessible services in the perimeter and set it to restrict all services except Cloud Storage, blocking access to any other Google Cloud services that could be used for exfiltration.","Configure Organization Policy constraints to disable the Cloud Storage API for the project, preventing any read or write operations on the buckets until the incident is resolved.","Update the existing VPC Service Controls perimeter to remove all egress rules, ensuring the perimeter blocks any API requests that would copy data to resources outside the perimeter boundary.",4,"Removing egress rules from a VPC Service Controls perimeter prevents any operations that would move data outside the perimeter. By default, perimeters block cross-perimeter access, so removing egress rules ensures that even authorized identities cannot copy data to external Cloud Storage buckets or BigQuery datasets. Reference: https://cloud.google.com/vpc-service-controls/docs/ingress-egress-rules"
GCP PSOE,"""You are enabling Container Threat Detection for GKE clusters in your organization. During the configuration, you notice that some clusters use GKE Sandbox. What consideration should you be aware of regarding Container Threat Detection compatibility?","Container Threat Detection is not compatible with GKE Sandbox, and GKE Sandbox must be disabled on clusters where Container Threat Detection will be deployed.","GKE Sandbox provides equivalent security monitoring to Container Threat Detection, so no additional configuration is necessary.",Container Threat Detection and GKE Sandbox can coexist on the same cluster with reduced detection capabilities for sandboxed workloads.,Container Threat Detection automatically configures itself to work around GKE Sandbox isolation without any manual intervention required.,1,Container Threat Detection is not compatible with GKE Sandbox. The feature must be disabled on GKE clusters where you want Container Threat Detection deployed. GKE Sandbox uses gVisor for an additional layer of isolation which prevents the kernel-level instrumentation that Container Threat Detection requires. Reference: https://cloud.google.com/security-command-center/docs/how-to-use-container-threat-detection
GCP PSOE,Your organization uses Security Command Center Enterprise to manage security findings. Security analysts want to understand how Security Health Analytics findings are grouped into cases for efficient triage. Which statement correctly describes how findings are grouped into cases in Security Command Center Enterprise?,"Multiple findings with the same parameters are grouped into a single case, and new alerts are added to existing cases where they are grouped with related alerts whenever possible.","Each Security Health Analytics finding creates a separate case regardless of similarity to existing findings, ensuring no findings are overlooked.","Findings are grouped into cases based on the resource owner only, with all findings for a single owner consolidated into one case.","Cases are created only for threat findings, while vulnerability and misconfiguration findings are displayed in the Findings page without case creation.",1,"During ingestion, findings are grouped into cases to let security specialists know what to triage. Multiple findings with the same parameters are grouped into one case. Security Command Center adds new alerts to existing cases where they are grouped with other related alerts whenever possible. Reference: https://cloud.google.com/security-command-center/docs/cases-overview"
GCP PSOE,"Threat hunting""Your security analyst team uses BigQuery to hunt for threats in Cloud Audit Logs that have been routed from Cloud Logging. The team wants to detect connections to malicious IP addresses by joining the logs with a table containing known malicious IPs from threat intelligence. Which BigQuery function should you use to properly compare IP addresses between your logs and the threat intelligence table?",Use the STRING_AGG function to aggregate IP addresses and perform bulk comparison against threat intelligence lists.,Use the ML.DETECT_ANOMALIES function to identify unusual IP addresses that may match threat intelligence indicators.,Use the REGEXP_CONTAINS function to match IP address patterns between the log data and threat intelligence table.,Use the NET.IP_FROM_STRING function to convert string IP addresses to bytes for accurate comparison and subnet matching.,4,"NET.IP_FROM_STRING converts IP addresses from their string representation to binary format, which enables accurate IP address comparison and subnet matching operations. This is essential when matching logs against threat intelligence that may use CIDR notation or when performing subnet-based lookups. Reference: https://cloud.google.com/bigquery/docs/reference/standard-sql/net_functions"
GCP PSOE,"After detecting anomalous activity from a user account, your incident response team needs to perform both historical access analysis and real-time investigation. You need to determine what the user account currently has access to and what actions the account has performed in the past 30 days. Which combination of tools provides the most comprehensive analysis?",Use Cloud Audit Logs in Logs Explorer to search for the user's principal email in both SetIamPolicy events and all other Admin Activity logs from the past 30 days.,"Export IAM policies to BigQuery and join with Cloud Audit Logs exported to BigQuery, then run SQL queries to analyze both current permissions and historical actions.","Use Policy Troubleshooter to test the user's permissions on each resource type, then review Admin Activity audit logs in Security Command Center for the user's historical actions.","Use IAM Policy Analyzer to determine current access scope by querying which resources the user has permissions on, then use Log Analytics with SQL queries on Cloud Audit Logs to analyze 30 days of historical activity.",4,"IAM Policy Analyzer provides a complete view of current effective permissions across the organization by analyzing all IAM allow policies, while Log Analytics enables SQL-based analysis of Cloud Audit Logs to aggregate and analyze historical actions performed by the user. This combination addresses both current access and historical behavior. Reference: https://cloud.google.com/policy-intelligence/docs/policy-analyzer-overview and https://cloud.google.com/logging/docs/audit/best-practices"
GCP PSOE,Your security team has identified that multiple service accounts across the organization have significantly more permissions than they actually use. You need to implement an automated approach to identify and remediate over-permissioned service accounts at scale. What should you do?,Use IAM Recommender to analyze permission usage over the observation period and apply the recommended role changes to reduce permissions to the minimum required.,Create a custom organization policy that limits all service accounts to only predefined roles with narrow scopes and remove any existing broader role assignments.,Deploy a Cloud Function that runs daily to compare each service account's permissions against a predefined allowlist and automatically removes any unauthorized roles.,Configure Cloud Audit Logs to capture all IAM actions and manually review the logs monthly to identify unused permissions for each service account.,1,IAM Recommender uses machine learning to analyze permission usage patterns over a 90-day observation period and provides recommendations to replace overly permissive roles with more appropriate predefined or custom roles. This automates the process of identifying unused permissions at scale. Reference: https://cloud.google.com/policy-intelligence/docs/role-recommendations-overview
GCP PSOE,A threat intelligence report identifies new IOCs associated with an advanced persistent threat campaign. Your organization uses Google SecOps and wants to determine if any systems were historically compromised before the IOCs were publicly disclosed. Which approach should you use to correlate the new threat intelligence against historical event data?,Export the IOCs to a reference list and configure Entity Risk Analytics to automatically recalculate risk scores for entities that matched the IOCs in the past 90 days.,Configure Applied Threat Intelligence to backfill IOC matches by importing the IOCs into the Mandiant Fusion Feed and triggering an automatic historical scan.,Create a YARA-L rule matching the IOCs and run a retrohunt against the historical event data stored in Google SecOps for up to 12 months.,Use BigQuery to query the exported Google SecOps data with SQL queries that join against a table containing the new IOCs for historical correlation.,3,"Retrohunt in Google SecOps allows you to run detection rules against historical data stored in your instance. With 12 months of hot data retention by default, you can search for IOC matches that occurred before the threat intelligence was available. Reference: https://cloud.google.com/chronicle/docs/detection/run-rule-historical-data"
GCP PSOE,"During an active security investigation, your team needs to retroactively copy historical logs from a Cloud Logging bucket to Cloud Storage for long-term forensic evidence preservation. The logs were ingested 15 days ago and are still within the retention period. You have configured the log bucket with customer-managed encryption keys (CMEK). What challenge will you encounter?",The copy operation requires the Cloud Storage bucket to be in the same project and region as the source log bucket.,The copy operation will fail because logs older than 7 days cannot be copied to Cloud Storage due to internal caching limitations.,You must first export the logs to BigQuery before they can be transferred to Cloud Storage for forensic preservation.,You cannot copy logs from log buckets that have CMEK configured; you must route new logs via a sink to Cloud Storage instead.,4,"Cloud Logging has a documented limitation that prevents the copy logs operation from working on log buckets configured with CMEK. To preserve logs in Cloud Storage, you must configure a sink to route incoming logs, which cannot retroactively capture existing logs. Reference: https://cloud.google.com/logging/docs/routing/copy-logs"
GCP PSOE,You are designing an automated forensic response playbook that collects evidence when Security Command Center detects a potential compromise. The playbook must export Cloud Audit Logs to a Cloud Storage bucket in a dedicated forensics project for long-term retention and legal compliance. You need to ensure evidence integrity while allowing forensics analysts to read the data. What configuration should you implement?,Configure a log sink to export audit logs directly to a forensics project's Cloud Storage bucket and enable Data Access audit logs on the bucket.,"Configure a log sink to export audit logs to a Cloud Storage bucket with Object Versioning enabled, and grant forensics analysts the Storage Admin role on the bucket.","Configure a log sink to export audit logs to BigQuery, then create scheduled queries to export data to Cloud Storage with event-based holds.","Configure a log sink to export audit logs to a Cloud Storage bucket with a locked retention policy, and grant forensics analysts the Storage Object Viewer role on the bucket.",4,"Log sinks provide real-time log export to Cloud Storage. A locked retention policy ensures logs cannot be deleted or modified, maintaining evidence integrity. The Storage Object Viewer role provides read-only access without the ability to modify or delete evidence. Reference: https://cloud.google.com/storage/docs/bucket-lock"
GCP PSOE,"Data management""Your security team reports that logs routed to Cloud Storage from a newly created sink are delayed by several hours. You need to explain this behavior and determine if any action is required. What is the correct explanation?","Cloud Logging sinks that route to Cloud Storage process log entries in hourly batches, and new sinks may take 2-3 hours before the first entries appear, which is expected behavior.","The sink filter is too broad, causing Cloud Logging to throttle log routing to prevent quota exhaustion and manage processing load.","The Cloud Storage bucket's storage class is set to Archive, which delays object creation until a deferred processing window completes.","The sink service account permissions are incorrectly configured, causing log entries to queue until permissions are corrected, which requires immediate reconfiguration.",1,"Cloud Logging routes log entries to Cloud Storage buckets in hourly batches. For newly created sinks, it can take 2-3 hours before the first log entries appear in the destination bucket. This is documented expected behavior and does not indicate a configuration problem. Late-arriving log entries are stored in files with an 'An' (Append) suffix. Reference: https://cloud.google.com/logging/docs/export/troubleshoot"
GCP PSOE,"Your security team needs to verify that Google personnel are accessing customer data only for valid business reasons, such as resolving support tickets. You want to monitor this privileged access pattern and integrate the logs with your Google Security Operations (SecOps) SIEM. What should you do?",Enable Access Transparency for your organization and configure log export to Google SecOps for automated audit analysis.,Enable Admin Activity audit logs for all Google Cloud services and export them to Google SecOps for analysis.,Enable Access Approval without Access Transparency to approve all Google personnel access requests before they occur.,Configure Data Access audit logs across all services and create alerts for any external access patterns detected.,1,"Access Transparency logs record the actions that Google personnel take when accessing Customer Data, including the reason for access such as support ticket numbers. These logs can be integrated with SIEM tools like Google SecOps to automate compliance audits of Google administrative access. Reference: https://cloud.google.com/assured-workloads/access-transparency/docs/overview"
GCP PSOE,Your security team has deployed Google Security Operations (SecOps) and enabled data export to BigQuery using Advanced BigQuery Export. The team wants to perform ad-hoc threat hunting by correlating UDM events with a custom threat intelligence table containing file hashes. Which table in the secops_linked_data dataset should you join with your threat intelligence to search for matching file hash IOCs?,Join the ioc_matches table with your threat intelligence table to find events that have already been flagged as matching known IOCs.,Join the rule_detections table with your threat intelligence table to correlate detection alerts with the known malicious file hashes.,Join the events table with your threat intelligence table on the appropriate UDM hash field such as target.file.sha256 to correlate file hash IOCs with security events.,Join the ingestion_metrics table with your threat intelligence table to identify log sources that have ingested files matching the IOC list.,3,The events table in the secops_linked_data dataset contains UDM event records with normalized security telemetry including file hash information. Joining on UDM fields like target.file.sha256 enables correlation with custom threat intelligence tables. Reference: https://cloud.google.com/chronicle/docs/reports/bigquery-export
GCP PSOE,You are conducting a threat hunt in Google Security Operations (SecOps) and need to identify newly observed domains that have low prevalence across your enterprise and are not present in any known threat intelligence feeds. Which approach should you use to detect these potentially suspicious domains?,Run a retrohunt against all historical data to compare domain activity against the current threat intelligence feed.,Create a YARA-L rule that queries entity context derived data for domain prevalence statistics and filters for domains with low rolling_max values.,Use the IOC Matches page to filter for domains that have not been matched against any threat intelligence feeds in the past 30 days.,Configure Applied Threat Intelligence to automatically flag domains with confidence scores below a specified threshold as suspicious.,2,"Google SecOps calculates and stores prevalence statistics for domains as derived entity context. The rolling_max field represents the maximum daily prevalence score over the previous 10-day window. Low values indicate that few assets in the environment have accessed the domain, which is useful for identifying potentially suspicious first-seen or rarely-seen domains. Reference: https://cloud.google.com/chronicle/docs/event-processing/data-enrichment"
GCP PSOE,Your security team needs to build a Looker Studio dashboard that displays Security Command Center findings in near real-time. The dashboard must show new and updated findings as they are generated. You want to use the most reliable method to ensure continuous data flow for the dashboard. What should you do?,"Create a bulk export of all historical SCC findings to BigQuery, then configure Looker Studio to refresh the data source every 24 hours.","Configure a one-time export of SCC findings to Cloud Storage in JSON format, then import the JSON files manually into Looker Studio using the File Upload connector.","Configure a continuous BigQuery export in Security Command Center to stream findings to a BigQuery dataset, then connect Looker Studio to the BigQuery table using the BigQuery connector.",Use the Security Command Center API to query findings directly from Looker Studio using a custom connector built with Apps Script.,3,"Security Command Center's continuous BigQuery export streams new and updated findings to a BigQuery table in near real-time. Looker Studio can then connect directly to this BigQuery dataset, enabling the dashboard to reflect the latest security findings. This is the recommended architecture for near real-time SCC visualization. Reference: https://cloud.google.com/security-command-center/docs/how-to-analyze-findings-in-big-query"
GCP PSOE,Your security operations team has integrated Security Command Center with Google Security Operations (SecOps) SIEM. You want to correlate Event Threat Detection custom module findings with other security telemetry for enhanced threat detection. Which rule set in Google SecOps is specifically designed to detect and process Event Threat Detection custom module findings?,"CDIR SCC Custom Module rule set, which contains rules that detect Event Threat Detection custom module findings from Security Command Center.","CDIR SCC Enhanced Malware rule set, which correlates Security Command Center findings with all custom detection modules across the environment.","Admin Action rule set, which monitors administrative actions including custom module configuration changes and their associated findings.","Cloud Hacktool rule set, which aggregates all custom threat intelligence modules including ETD custom modules and third-party integrations.",1,"Google Security Operations includes the CDIR SCC Custom Module rule set specifically designed to process Event Threat Detection custom module findings exported from Security Command Center. CDIR (Cloud Detection, Investigation, and Response) rule sets help identify threats in Google Cloud environments using event and context data. Reference: https://cloud.google.com/chronicle/docs/detection/cloud-threats-category"
GCP PSOE,A security analyst is investigating a Container Threat Detection finding showing 'Command and Control: Piped Encoded Download' on a GKE cluster. The finding indicates that a process executed a base64-encoded download command. The analyst needs to connect directly to the affected container to collect additional forensic evidence. What is the correct approach to access the container environment for further investigation?,Use the Security Command Center console to initiate a remote debugging session by clicking the 'Connect to Container' button on the finding details pane.,"Use gcloud compute ssh to connect to the GKE node VM, then run docker exec to access the container using the Container_ID from the finding.","Use kubectl exec with the Pod namespace, Pod name, and container name from the finding JSON to open an interactive shell session in the affected container.",Navigate to Cloud Shell and run gcloud container clusters get-credentials followed by kubectl logs to retrieve the container's runtime output for analysis.,3,"The Container Threat Detection finding JSON includes fields such as Pod_Namespace, Pod_Name, and Container_Name which provide the necessary identifiers. Google Cloud documentation specifically recommends using 'kubectl exec --namespace=POD_NAMESPACE -ti POD_NAME -c CONTAINER_NAME -- /bin/sh' to connect to the container environment for investigation. Reference: https://cloud.google.com/security-command-center/docs/findings/threats/piped-encoded-download"
GCP PSOE,Your security team has deployed Google Security Operations (SecOps) SIEM and needs to create a detection rule that correlates multiple failed login attempts by the same user within a specific time window. The rule must count the number of failed attempts and trigger an alert when the count exceeds a threshold. Which YARA-L 2.0 rule structure components are required to implement this detection?,"An events section with event type and action filters, a match section with the user identifier and time window, an outcome section with count aggregation, and a condition section with a threshold check.","A meta section with severity definitions, an events section with user filters, and a condition section with inline time window specifications.","An events section with event filters, a condition section with time-based correlation logic, and an outcome section that calculates risk scores dynamically.","An events section with placeholder variables, a sliding window defined using the 'after' keyword, and a condition section that uses boolean logic for event correlation.",1,"Multi-event correlation in YARA-L requires the events section to define event filters, the match section to group events by a common field (user) over a time window, the outcome section to perform aggregations like count(), and the condition section to specify thresholds (such as #e >= 5) that trigger detections. Reference: https://cloud.google.com/chronicle/docs/detection/yara-l-2-0-syntax"
GCP PSOE,You are configuring Access Transparency for your Google Cloud organization to establish a baseline of privileged access by Google personnel. You need to ensure the logs capture both the affected resource and the justification for access. Which field in Access Transparency logs provides the business reason for Google personnel accessing your customer data?,The JUSTIFICATIONS field in Access Transparency logs contains the business reason code explaining why Google personnel accessed your content.,The protoPayload.authenticationInfo field in Access Transparency logs contains the business justification for privileged access.,The protoPayload.metadata.accessReason field contains encoded justification codes that must be decoded using the Access Approval API.,The ACCESS_REASON field in Access Transparency logs provides the service ticket number associated with customer support requests.,1,"Access Transparency log entries include the JUSTIFICATIONS field which contains codes indicating valid business reasons such as customer-initiated support requests, system operations, or service maintenance. All Google personnel access requires a valid justification. Reference: https://cloud.google.com/assured-workloads/access-transparency/docs/reading-logs"
GCP PSOE,Your organization recently migrated to Google SecOps Enterprise Plus and wants to leverage Advanced BigQuery Export for near real-time incident analysis. The security engineering team needs to understand the data freshness capabilities and typical use cases for this feature. Which statement accurately describes the Advanced BigQuery Export functionality?,Advanced BigQuery Export requires manual activation for each data category and exports only UDM events by default to minimize storage consumption.,Advanced BigQuery Export provides real-time data access but requires customers to manage their own BigQuery storage costs and data retention policies.,Advanced BigQuery Export batches data hourly and exports to a customer-managed BigQuery project where analysts must configure their own data pipeline.,Advanced BigQuery Export uses a streaming architecture that makes security data available for querying within minutes of ingestion and supports ad-hoc queries for custom analytics.,4,"Advanced BigQuery Export provides near real-time data freshness through a streaming architecture, making security data available for querying within minutes. It supports running ad-hoc queries directly in BigQuery and integration with business intelligence tools. Reference: https://cloud.google.com/chronicle/docs/reports/bigquery-export"
GCP PSOE,"Your organization uses Workload Identity Federation to allow external workloads from AWS to access Google Cloud resources. A security audit reveals that all federated identities from the AWS account are able to impersonate a single service account, violating the principle of least privilege. You need to restrict which federated identities can impersonate the service account. What should you do?",Modify the AWS IAM policies to restrict which AWS identities can assume the federated role to authenticate to Google Cloud resources.,Configure VPC Service Controls to restrict the service account from being impersonated outside of a defined perimeter.,Create a custom IAM role containing only the iam.serviceAccounts.getAccessToken permission and grant it to all members of the workload identity pool.,Configure attribute conditions on the workload identity pool provider and grant the roles/iam.workloadIdentityUser role to specific external identities using principal identifiers.,4,"Attribute conditions filter which external identities can authenticate through the workload identity pool, and granting roles/iam.workloadIdentityUser to specific external identities rather than all pool members follows least privilege principles. Reference: https://cloud.google.com/iam/docs/best-practices-for-using-workload-identity-federation"
GCP PSOE,Your organization uses Security Command Center Premium and needs to detect potential malicious scripts executed within containers running on GKE. You want to understand how Container Threat Detection analyzes scripts to identify threats. Which detection method does Container Threat Detection use to analyze scripts executed in containers?,Static code analysis comparing scripts against predefined detection rules in JSON format.,YARA rules to match known malware signatures in executed scripts and binaries.,Hash comparison against a database of known malicious script fingerprints.,Natural language processing (NLP) to analyze Bash and Python scripts for malicious code patterns.,4,Container Threat Detection uses NLP (natural language processing) to analyze Bash and Python scripts executed in containers to determine if the code is malicious. This enables detection of threats that may not match simple signature-based patterns. Reference: https://cloud.google.com/security-command-center/docs/concepts-container-threat-detection-overview
GCP PSOE,"Your security team is configuring a Cloud Logging sink to route audit logs to a Cloud Storage bucket in a separate project for long-term compliance retention. After creating the sink, you observe that no logs are appearing in the Cloud Storage bucket. The sink's inclusion filter is correctly configured. What is the most likely cause of this issue?",The sink's writer identity service account does not have the Storage Object Creator role on the destination Cloud Storage bucket.,"The Cloud Storage bucket was created after the sink, and sinks cannot retroactively route log entries received before the bucket existed.",The Log Router API is not enabled in the destination project where the Cloud Storage bucket resides.,The sink needs to be configured as an aggregated sink to route logs across projects.,1,"When routing logs to a Cloud Storage bucket in a different project, you must grant the sink's writer identity service account the Storage Object Creator role (roles/storage.objectCreator) on the destination bucket. Cloud Logging creates a service account for the sink and uses the writerIdentity field to identify it. Without proper permissions, the sink cannot write log entries to the destination. Reference: https://cloud.google.com/logging/docs/export/configure_export_v2#set-destination-permissions"
GCP PSOE,"You are building a Looker Studio dashboard to visualize post-incident analysis data from Google SecOps exported to BigQuery. The dashboard needs to display detection counts, IOC match trends, and case resolution metrics. You want to optimize dashboard performance while keeping costs manageable. What should you do?",Export the BigQuery data to Google Sheets and connect Looker Studio to the Sheets data source to avoid BigQuery query costs entirely.,"Connect Looker Studio directly to the raw BigQuery tables without any filtering or aggregation, and use Looker Studio's built-in aggregation functions to summarize data in charts.","Create a custom SQL query in the Looker Studio BigQuery connector that pre-aggregates detection counts and IOC matches, and partition filtering to limit scanned data to the reporting timeframe.",Configure BigQuery scheduled queries to materialize summary tables and connect Looker Studio using the BigQuery Storage Read API for faster data access.,3,"Using custom SQL queries allows pre-aggregation at the query level, reducing the data transferred to Looker Studio. Partition filtering limits the amount of data scanned in BigQuery, optimizing both performance and cost. Reference: https://cloud.google.com/looker/docs/studio/connect-to-google-bigquery"
GCP PSOE,Your organization uses Google Security Operations (SecOps) SOAR and needs to configure a playbook that only triggers for phishing alerts from a specific email security product. You want to ensure the playbook attaches automatically to relevant alerts without manual intervention. What should you configure in the playbook?,Configure the trigger with Network Name set to the email security connector subnet.,Configure the trigger with Product Name set to match the specific email security connector.,Configure the trigger with Alert Type set to 'All' and filter using flow conditions.,Create a Custom List with product names and configure a manual attachment rule.,2,The Product Name trigger type allows playbooks to automatically attach when an alert originates from a specific product (connector). This ensures the playbook runs only for alerts from the designated email security product. Reference: https://cloud.google.com/chronicle/docs/soar/respond/working-with-playbooks/using-triggers-in-playbooks
GCP PSOE,Your security team needs to create a comprehensive asset inventory that includes both resource configurations and associated IAM permissions across the entire organization. You need to export this data to BigQuery for analysis. Which Cloud Asset Inventory content types should you specify when exporting?,RESOURCE and ORG_POLICY,RESOURCE and IAM_POLICY,OS_INVENTORY and RELATIONSHIP,IAM_POLICY and ACCESS_POLICY,2,"The RESOURCE content type provides all metadata associated with cloud resources (configurations, settings, status), and IAM_POLICY content type returns the IAM bindings on resources. Together, these provide the comprehensive view of both resource configurations and access permissions needed for security analysis. Reference: https://cloud.google.com/asset-inventory/docs/asset-inventory-overview"
GCP PSOE,You are investigating suspicious activity in your Google Cloud environment and need to identify anomalous user behavior patterns over the past 60 days. You want to detect users whose daily API call volumes significantly deviate from their historical averages. Which method provides the most effective approach for this threat hunting exercise?,Create log-based metrics in Cloud Monitoring for each user principal and configure alerting policies based on static thresholds applied uniformly across all users.,Query the Logs Explorer using filters for each user individually and visually compare the histogram patterns across different time periods to identify unusual spikes.,Upgrade your log bucket to use Log Analytics and execute a SQL query that calculates per-user daily activity counts with statistical functions to identify deviations beyond standard thresholds.,"Export audit logs to Cloud Storage, download the files locally, and use spreadsheet software to manually calculate daily averages and standard deviations for each user.",3,Log Analytics enables SQL queries with aggregations and statistical functions like AVG and STDDEV across time windows. This approach allows you to establish behavioral baselines per user and identify anomalies by comparing recent activity to historical patterns. Reference: https://cloud.google.com/logging/docs/analyze/query-and-view
GCP PSOE,Your security team has deployed a critical threat intelligence API endpoint on a Cloud Run service. You need to configure Cloud Monitoring uptime checks to verify the API is available and returning valid threat data from multiple regions every minute. What should you configure?,"Configure a TCP uptime check with a 60-second check interval, enable response validation for JSON content, and configure the check to run from a single region to reduce costs.","Configure an HTTPS uptime check with a check frequency of 1 minute, enable content matching to verify expected threat intelligence response data, and select multiple global checker regions.","Configure an HTTP uptime check with the default 5-minute frequency, enable SSL certificate validation, and select the Global region setting for comprehensive coverage.",Configure a synthetic monitor to execute custom JavaScript tests every 30 seconds against the API endpoint and validate the response schema using a Cloud Run function.,2,"HTTPS is appropriate for a secure API endpoint, 1-minute frequency is the maximum check frequency available and suitable for critical services, content matching ensures the API returns valid data, and multiple checker regions provide comprehensive coverage. Reference: https://cloud.google.com/monitoring/uptime-checks"
GCP PSOE,"Your organization is deploying Web Security Scanner to detect exploitation attempts against web applications running on GKE. The security team requires more thorough vulnerability detection than the default configuration provides, including the ability to test authenticated user flows. What should you configure?",Deploy Cloud IDS in front of the GKE cluster and configure it to generate Web Security Scanner findings in SCC.,Configure custom scans with authentication credentials and specify starting URLs at the project level.,Configure Security Health Analytics to enable web vulnerability detectors for the GKE cluster workloads.,Enable managed scans at the organization level and configure Workforce Identity Federation for authentication.,2,"Custom scans provide more thorough vulnerability detection than managed scans and support authentication. Custom scans let you define starting URLs and configure authentication to test authenticated user flows, providing granular information about application vulnerability findings. Reference: https://cloud.google.com/security-command-center/docs/how-to-web-security-scanner-custom-scans"
GCP PSOE,"Your organization uses Google Security Operations (SecOps) SOAR for incident response. Multiple analysts are working on a complex case simultaneously, and you need to implement a solution that enables real-time communication between team members, task assignment tracking, and maintains a complete audit trail of all case activities. What should you do?",Export case data to BigQuery and build a custom collaboration workflow using Cloud Functions and Pub/Sub.,"Use the Case Wall tab to chat, tag colleagues, assign tasks, and view the chronological log of all case-related events and actions.",Create a dedicated SOAR dashboard that displays all analyst activities and use it as the primary collaboration tool.,Configure email notifications for each case update and track activities through an external ticketing system integration.,2,"The Case Wall tab displays a chronological log of all case-related events and actions from creation to closure, including tasks, user comments, pinned chat messages, and file attachments. It provides the collaboration capabilities needed for team coordination. Reference: https://cloud.google.com/chronicle/docs/soar/investigate/working-with-cases/whats-on-the-case-wall-tab"
GCP PSOE,"Observability""You have created a user-defined log-based metric to track failed SSH login attempts on your Compute Engine VMs. After configuring an alerting policy with a 5-minute rolling window, you notice that the alerting policy is generating false positive notifications when there is no actual failed login activity. What is the most likely cause and how should you resolve this issue?",The alerting policy threshold is set too low. Increase the threshold value to require more failed login attempts before triggering an alert.,The metric filter is incorrect and matching unrelated log entries. Review and update the filter expression to use more specific conditions for failed SSH login attempts.,The notification channel is misconfigured and sending duplicate notifications. Verify the notification channel settings and remove any duplicate channel configurations.,"The rolling window is too short, causing gaps in metric data to trigger false alerts. Increase the rolling window to at least 10 minutes and configure how the alerting policy handles missing data.",4,"Log-based metric data can have gaps due to inherent delays between log entry generation and when Logging receives them. A 5-minute window may not capture enough data points. Google recommends at least 10 minutes for the rolling window, and configuring the Advanced Options to handle missing data appropriately reduces false positives. Reference: https://cloud.google.com/logging/docs/logs-based-metrics/charts-and-alerts"
GCP PSOE,Your organization uses Okta as the identity provider and wants to configure Identity-Aware Proxy (IAP) to authenticate users against Okta using Workforce Identity Federation. The security team also requires device-based access levels to ensure only corporate-managed devices can access applications. What limitation should you communicate to the security team?,Each IAP-enabled application can be configured with multiple workforce pools and providers to support different user populations.,"Workforce Identity Federation with IAP does not support session duration configuration, so all sessions default to 24 hours.",Workforce Identity Federation only supports SAML 2.0 authentication and cannot be configured with OIDC providers like Okta.,Access levels based on device information are not available when using Workforce Identity Federation. You can still use IP address and time-based access levels.,4,"When IAP is configured with Workforce Identity Federation, device-based access levels are not supported. Request-context-based access levels with conditions on IP address and time/date can still be used, but device attributes from Endpoint Verification are not available. Reference: https://cloud.google.com/iap/docs/use-workforce-identity-federation"
GCP PSOE,"During an incident response investigation, you need to determine which users have the iam.serviceAccounts.actAs permission on a potentially compromised service account. You want to identify all principals who could impersonate this service account across your entire organization. What is the most efficient approach to gather this information?","Use IAM Policy Analyzer to create a custom query scoped to the organization, specifying the service account as the resource and iam.serviceAccounts.actAs as the permission.",Review the IAM policy directly on the service account resource in the Google Cloud console to identify principals with impersonation roles.,Export the organization's IAM policies to BigQuery and run a SQL query to search for the iam.serviceAccounts.actAs permission in role bindings.,Query Cloud Audit Logs for all iam.serviceAccounts.actAs method calls targeting the compromised service account over the past 90 days.,1,"Policy Analyzer lets you find which principals have what access to which resources based on IAM allow policies. By scoping the query to the organization and specifying the permission, you can identify all users who can impersonate the service account across the entire organization hierarchy. Reference: https://cloud.google.com/policy-intelligence/docs/analyze-iam-policies"
GCP PSOE,Your security team needs to perform ad-hoc threat hunting by joining your organization's firewall logs with a threat intelligence table containing known malicious IP addresses. The firewall logs are stored in a Cloud Logging log bucket that has been upgraded to use Log Analytics. You want to use BigQuery to run SQL queries that join the logs with your threat intelligence data stored in a separate BigQuery dataset. What should you do first?,Create a linked BigQuery dataset for the log bucket to enable BigQuery to read the log data.,Route the logs to a separate BigQuery dataset using a log sink to enable IOC matching.,Enable the BigQuery API and grant the Cloud Logging service account the BigQuery Data Editor role.,Configure Log Analytics to automatically perform IOC matching with the threat intelligence table.,1,"When you create a linked BigQuery dataset for a log bucket, you enable BigQuery to read the log data stored in the bucket. This allows you to join log data with other BigQuery datasets, such as threat intelligence tables, without needing to ingest or duplicate the data into BigQuery. Reference: https://cloud.google.com/logging/docs/analyze/query-linked-dataset"
GCP PSOE,"Your organization is deploying a new VPC Service Controls perimeter around BigQuery and Cloud Storage services to protect sensitive customer data. Before enforcing the perimeter in production, you need to assess potential impacts to existing workflows without disrupting operations. What should you do?","Create the perimeter in enforced mode with permissive ingress rules, monitor for violations for one week, and then remove the permissive rules after confirming all workflows succeed.","Create the perimeter in enforced mode and configure egress rules to allow all traffic, then gradually restrict egress rules over time while monitoring for access denials.","Create a perimeter bridge between your production projects and a test project, simulate API calls from the test project, and validate the results before applying the perimeter to production.","Create the perimeter in dry run mode, review the Cloud Audit Logs for violations using the dryRun filter, and then enforce the perimeter after resolving identified issues.",4,"Dry run perimeters log violations as though the perimeters are enforced but don't prevent access to restricted services. You can analyze the VPC Service Controls logs to identify where the configuration would deny access if enforced, fix potential issues, and then safely transition to enforcement. Reference: https://cloud.google.com/vpc-service-controls/docs/dry-run-mode"
GCP PSOE,You are configuring dashboards in Google Security Operations (SecOps) SIEM and need to create visualizations that display detection counts grouped by severity level over time. You want to use the appropriate data model for building your custom dashboard tile. Which data model Explore should you select when creating the visualization tile?,"Select the Ingestion Metrics Explore, which provides log_type and event_count fields for tracking security telemetry volume.","Select the Rule Detections Explore, which provides access to detection.detection.severity and detection.created_time fields for grouping and trending detection counts.","Select the Entity Graph Explore, which provides entity context and risk score fields for correlating detections with entity behavior.","Select the UDM Events Explore, which provides the metadata.event_type and security_result fields for filtering security events by severity.",2,"The Rule Detections data model Explore contains the detection fields needed to create visualizations based on severity and time. Each data model is a Looker Explore that defines a subset of UDM fields, and Rule Detections is the appropriate explore for detection-based visualizations. Reference: https://cloud.google.com/chronicle/docs/reports/create-chart-visualization"
GCP PSOE,You are investigating a potential privilege escalation incident where an unauthorized user may have obtained elevated access to sensitive Google Cloud resources. Cloud Audit Logs show a SetIamPolicy method call that added a user to the roles/editor role at the project level. Which field in the Cloud Audit Log entry should you examine FIRST to identify who performed this IAM policy change?,protoPayload.requestMetadata.callerIp,protoPayload.serviceData.policyDelta.bindingDeltas,protoPayload.authorizationInfo.resource,protoPayload.authenticationInfo.principalEmail,4,The principalEmail field in the authenticationInfo object contains the email address of the authenticated user or service account that performed the action. This is the primary field for identifying who initiated the SetIamPolicy call in Cloud Audit Logs. Reference: https://cloud.google.com/logging/docs/audit/understanding-audit-logs
GCP PSOE,"You have enabled Container Threat Detection in Security Command Center for your GKE clusters. Your security team wants to detect when containers access sensitive host files such as /etc/shadow or /etc/pam.d/sshd. However, you are concerned about potential performance impacts on workloads with significant file I/O operations. What should you understand about the file monitoring detectors before enabling them?",File monitoring detectors automatically adjust their scanning intensity based on cluster workload to prevent performance impacts.,File monitoring detectors are disabled by default and should be evaluated for performance impact on workloads before enabling them in production.,File monitoring detectors run in audit-only mode by default and must be promoted to active mode to generate findings.,File monitoring detectors are enabled by default but can be disabled per-cluster if performance degradation is observed in CI/CD workloads.,2,Container Threat Detection includes file monitoring detectors that monitor file operations looking for access or modification to critical system files. These detectors are disabled by default because workloads with significant file I/O could potentially suffer performance degradation. Google recommends evaluating the impact on any workload before enabling them in production. Reference: https://cloud.google.com/security-command-center/docs/concepts-container-threat-detection-overview
GCP PSOE,Your security operations team is implementing SLO-based monitoring for a critical authentication service in Cloud Monitoring. The team needs to detect both sudden spikes in authentication failures and gradual increases in failure rate that could indicate a slow credential stuffing attack. You want to implement an alerting strategy that balances timely detection with minimizing false positives. What should you do?,"Configure two burn-rate alerting policies: a fast-burn policy with a short lookback period and high threshold, and a slow-burn policy with a longer lookback period and lower threshold.",Configure a windows-based SLO with a calendar compliance period and create an alert that fires when the error budget reaches zero at the end of each period.,Create a single alerting policy using the select_slo_burn_rate selector with a 24-hour lookback period and a burn-rate threshold of 1.0 to detect any deviation from expected performance.,Use the select_slo_health time-series selector to create an alerting policy that triggers when the SLI drops below the target SLO percentage within any 5-minute window.,1,"This multi-window approach is recommended for SLO burn-rate monitoring. A fast-burn alert detects sudden spikes in error budget consumption, while a slow-burn alert catches gradual degradation over time. This provides comprehensive coverage for detecting both sudden attacks and slow credential stuffing patterns. Reference: https://cloud.google.com/stackdriver/docs/solutions/slo-monitoring/alerting-on-budget-burn-rate"
GCP PSOE,"Your organization is deploying a new VPC Service Controls perimeter to protect BigQuery and Cloud Storage resources. Before enforcing the perimeter in production, you want to understand the impact on existing workloads without disrupting business operations. What should you do?",Create a perimeter bridge between the protected projects and all other projects in the organization to allow unrestricted access.,Configure the service perimeter in dry run mode to log violations without denying access to restricted services.,Create the perimeter in enforced mode and configure ingress rules to allow all existing identities to access the resources.,Deploy the perimeter using the Access Context Manager API and configure auto-remediation for any violations detected.,2,"Dry run mode logs violations as though the perimeters are enforced but does not prevent access to restricted services, allowing you to test perimeter configuration and monitor usage without disrupting operations. Reference: https://cloud.google.com/vpc-service-controls/docs/dry-run-mode"
GCP PSOE,Your security team is using Google Security Operations (SecOps) Risk Analytics to establish user activity baselines and detect anomalous behavior. You want to optimize the Risk Calculation Window setting to detect both brute force attacks and long-term persistent threats. What should you do?,Set a custom risk calculation window of 48 hours to balance between short-term and long-term baseline comparisons.,Configure both risk calculation windows simultaneously and merge the results into a single composite risk score automatically.,Use only the 7-day window because it includes all activity from the 24-hour window and provides better coverage for all attack types.,Use the 24-hour window for detecting brute force attacks and the 7-day window for identifying long-term malicious activity patterns.,4,"The Risk Calculation Window setting directly affects how risk scores are calculated over time. Shorter timeframes like 24 hours help uncover events like brute force login attempts, while longer timeframes like 7 days help examine long-term malicious activity and establish more comprehensive behavioral baselines. Reference: https://cloud.google.com/chronicle/docs/detection/risk-analytics-dashboard"
GCP PSOE,"You are investigating a potential breach in your Google Cloud environment and need to analyze VPC Flow Logs stored in BigQuery to identify connections from new external IP addresses to a sensitive compliance-regulated subnet. Using the Community Security Analytics (CSA) approach, you want to detect any source IP that appeared for the first time in the last 24 hours compared to a 60-day lookback window. Which analysis method best accomplishes this objective?",Create a BigQuery scheduled query that calculates the daily average connection count per source IP and alerts when values exceed two standard deviations.,Export VPC Flow Logs to Cloud Logging and use Logs Explorer filtering to compare timestamps between the current day and 60 days prior.,Use Flow Analyzer to filter VPC Flow Logs by the destination subnet and visually review the top five traffic flows over the past 24 hours.,Use a SQL query with a NOT IN subquery that compares recent source IPs against historical source IPs seen in the lookback window for the specific subnet.,4,"This approach directly implements the CSA detection pattern for new source IP addresses. By querying current source IPs that do not appear in the historical lookback period for the regulated subnet, you identify potentially unauthorized or anomalous access from previously unknown sources. Reference: https://cloud.google.com/architecture/security-log-analytics"
GCP PSOE,You are implementing an automated incident response workflow in Google Security Operations (SecOps) SOAR. Your playbook needs to pause execution and wait for an analyst to approve a remediation action before proceeding with containment steps. The analyst must respond within 2 hours or the action should fail. What should you configure?,Configure the playbook with a scheduled job that checks every 30 minutes for approval comments on the case wall.,Add a webhook trigger to the playbook that waits for an external approval system to send a callback within 2 hours.,Create a delay action with a 2-hour wait followed by a conditional step to check for approval status in the case.,"Set the action type to Manual, assign it to a SOC role, and enable Time to respond with a 2-hour deadline in the action configuration.",4,"Manual action type pauses the playbook and appears in the Pending Actions widget, requiring user action to continue. You can assign actions to specific users or SOC roles and enable Time to respond with a deadline. If the assignee does not respond in time, the action fails and you can use conditional logic to control the flow. Reference: https://cloud.google.com/chronicle/docs/soar/respond/working-with-playbooks/assign-actions-and-playbook-blocks"
GCP PSOE,"Your compliance team requires visibility into when Google Cloud support personnel access your organization's customer data during support cases. You need to implement logging that captures the affected resource, the time of access, the reason for access, and the location of the Google personnel. Which logging solution should you enable?",Enable Access Transparency logging at the organization level and grant the Private Logs Viewer role to compliance auditors.,Enable Security Command Center Premium and configure Event Threat Detection with custom detectors.,Configure Cloud Audit Logs with Admin Activity logging and create alerts for privileged access patterns.,Enable Data Access audit logs for all services and configure log sinks to export to BigQuery for analysis.,1,"Access Transparency logs record the actions taken by Google personnel when accessing customer data, including the affected resource and action, time of action, reasons for access (such as support case numbers), and data about who is acting on the content including the Google personnel's location. The Private Logs Viewer role is required to access these logs. Reference: https://cloud.google.com/assured-workloads/access-transparency/docs/reading-logs"
GCP PSOE,Your threat hunting team wants to use BigQuery to compare URLs found in your Cloud Logging data against a public dataset of known malicious URLs. The logs are stored in a Cloud Logging bucket that has been upgraded to use Log Analytics. What is the required configuration to enable this cross-dataset analysis?,Query the logs directly from Log Analytics and use subqueries to reference the public malicious URL dataset.,"Create a linked BigQuery dataset from the log bucket, then write SQL queries that JOIN the log data with the public malicious URL dataset.",Configure a Cloud Logging aggregated sink with a filter that matches the public malicious URL patterns.,"Export logs to Cloud Storage, load them into a separate BigQuery table, and then perform the join operation with the malicious URL dataset.",2,"Creating a linked BigQuery dataset enables BigQuery to read the log data, which can then be joined with other BigQuery datasets including public datasets of known malicious URLs. This configuration supports cross-dataset analysis for threat hunting by correlating your log data with external threat intelligence. Reference: https://cloud.google.com/logging/docs/log-analytics"
GCP PSOE,Your organization wants to implement a zero-trust access policy for an internal web application protected by Identity-Aware Proxy (IAP). You need to ensure that employees can only access the application from corporate-managed devices with encrypted storage while connected from the corporate network. You want to use the simplest approach to enforce these requirements. What should you do?,"Create an access level in Access Context Manager that combines the IP range and device encryption conditions, then apply it as an IAM condition when granting the IAP-secured Web App User role.",Enable Cloud IDS to monitor network traffic patterns and configure IAP to accept connections only from devices flagged as compliant by Cloud IDS analysis.,"Create VPC firewall rules that restrict inbound traffic to the load balancer from corporate IP ranges, and configure the application to verify device encryption certificates.","Configure IAP with two separate access levels - one for IP range and one for device encryption - and apply them both, which combines them using OR semantics.",1,"Access Context Manager allows you to create access levels based on IP address and device attributes. When you apply multiple conditions within a single access level, they are combined using AND semantics. This access level can then be applied as a condition when granting the roles/iap.httpsResourceAccessor role to users. Reference: https://cloud.google.com/iap/docs/cloud-iap-context-aware-access-howto"
GCP PSOE,Your organization's security team is deploying Web Security Scanner in Security Command Center to proactively identify web vulnerabilities in your public-facing applications. You want to implement a comprehensive scanning strategy that provides the most detailed vulnerability findings for an App Engine application. You need to identify exploitation attempts against known attack patterns like XSS and SQL injection. What should you do?,Use Cloud Armor WAF rules instead of Web Security Scanner to identify XSS and SQL injection attack patterns.,Enable managed scans only and wait for weekly automatic scans to detect vulnerabilities in your App Engine application.,Configure a custom scan with the application URL and enable authentication to perform thorough scanning and export results to Security Command Center.,Deploy Event Threat Detection to monitor real-time web application vulnerabilities and detect XSS and SQL injection exploits.,3,"Custom scans are more thorough than managed scans and provide granular information about application vulnerability findings, like outdated libraries, cross-site scripting, or use of mixed content. Custom scans can also use authentication to test authenticated portions of the application, enabling detection of vulnerabilities in protected areas. Reference: https://cloud.google.com/security-command-center/docs/how-to-web-security-scanner-custom-scans"
GCP PSOE,"Your organization has two separate service perimeters: one for analytics workloads and one for a data lake. You need to allow specific BigQuery jobs in the analytics perimeter to read from Cloud Storage buckets in the data lake perimeter. According to Google Cloud best practices, which approach should you use?",Configure ingress rules on the data lake perimeter and egress rules on the analytics perimeter to allow the specific data exchange.,Merge both perimeters into a single perimeter with VPC accessible services configured to restrict internal access patterns.,Add access levels based on service account identities to both perimeters and configure dry run mode to monitor access patterns.,Create a perimeter bridge between the analytics and data lake perimeters to allow bidirectional communication between the projects.,1,"Google recommends using ingress and egress rules instead of perimeter bridges for cross-perimeter communication as they provide more granular controls. Ingress rules on the destination perimeter and egress rules on the source perimeter together enable controlled, directional data exchange with specific identity and method restrictions. Reference: https://cloud.google.com/vpc-service-controls/docs/ingress-egress-rules"
GCP PSOE,Your security team has detected a potential privilege escalation attack in your Google Cloud environment. An alert indicates that a user account may have been compromised and used to grant excessive permissions. You need to investigate the scope of the IAM policy changes made by this user across your entire organization. Which approach should you use?,Use Activity Analyzer to view the most recent authentication activities for the compromised user account to understand their access scope.,"Use IAM Policy Analyzer to run a custom query scoped to the organization, specifying the suspected compromised principal to identify all resources they can access.",Query Admin Activity audit logs in Log Analytics using protoPayload.methodName='SetIamPolicy' filtered by the principal's email to find IAM changes they made.,Export all IAM policies across your organization to BigQuery and run SQL queries to search for the compromised user's email address in binding sections.,2,"IAM Policy Analyzer lets you find out which principals have what access to which Google Cloud resources based on your IAM allow policies. By scoping the query to the organization and specifying the suspected principal, you can comprehensively identify all resources the account has access to, including inherited permissions through group memberships and the resource hierarchy. Reference: https://cloud.google.com/policy-intelligence/docs/policy-analyzer-overview"
GCP PSOE,"During an active security incident involving a compromised service account, your incident response playbook needs to immediately prevent the service account from accessing any resources while the forensics team investigates. You want to implement a defense-in-depth approach that takes precedence over any existing IAM allow policies. What should you configure?",Disable the service account and set an Organization Policy constraint to prevent its re-enablement.,Create an IAM deny policy at the project level that denies all permissions to the compromised service account.,Create a VPC Service Control perimeter around the project and exclude the service account from authorized identities.,Remove all IAM role bindings from the service account and delete any associated service account keys.,2,IAM deny policies override allow policies and can immediately revoke access for specified principals regardless of their current role bindings. Deny policies at the project level affect all resources in the project and provide a reliable containment mechanism during incident response. Reference: https://cloud.google.com/iam/docs/deny-overview
GCP PSOE,You need to enable Container Threat Detection file monitoring detectors to detect modifications to critical system files like /etc/shadow and /etc/pam.d/sshd on your GKE clusters. You are concerned about potential performance impacts on workloads with high file I/O. What should you consider?,"File monitoring detectors are enabled by default when you activate Container Threat Detection, but you can disable them selectively for high-I/O workloads.","File monitoring detectors are disabled by default due to potential performance impact on workloads with significant file I/O, and you must explicitly enable them after evaluating impact.",File monitoring detectors only impact container-level file operations and have no performance impact on host-level file I/O activities.,File monitoring detectors automatically optimize their monitoring scope based on workload characteristics and do not require manual performance evaluation.,2,"Container Threat Detection file monitoring detectors monitor file operations on the node and can potentially cause performance degradation for workloads with significant file I/O, such as CI/CD systems. To avoid unexpected impacts, these detectors are disabled by default, and Google recommends evaluating the impact before enabling them in production. Reference: https://cloud.google.com/security-command-center/docs/concepts-container-threat-detection-overview"
GCP PSOE,Your threat hunting team has received new intelligence about a threat campaign that includes several suspicious IP addresses. You need to determine if any of these IP addresses have communicated with resources in your environment over the past 90 days. You have the IOCs documented in a reference list. What is the most effective approach to search historical data in Google Security Operations (SecOps)?,Enable Applied Threat Intelligence and wait for automatic IOC matching to correlate the IP addresses with historical event data.,Export all historical network logs to BigQuery and run SQL queries to match IP addresses against the exported dataset.,Configure the VirusTotal v3 integration to automatically scan all historical network logs for the suspicious IP addresses.,Create a YARA-L detection rule that matches network events against the IP addresses in your reference list and run a retrohunt against historical data.,4,"A retrohunt allows you to use a YARA-L rule to search for detections throughout existing data in Google SecOps. By using a reference list in the rule, you can efficiently match historical events against multiple IOCs. This is the recommended approach for correlating threat intelligence with historical security data. Reference: https://cloud.google.com/chronicle/docs/detection/run-rule-historical-data"
GCP PSOE,"Your security operations team needs to analyze historical Cloud Audit Logs to investigate a potential data exfiltration incident. They want to use SQL queries to identify unusual data access patterns across multiple days, join the log data with other organizational datasets in BigQuery, and visualize the results. The logs are stored in the _Default bucket which has been upgraded to use Log Analytics. What approach should you recommend?",Use the Logs Explorer with advanced filters to search across multiple days and export results to BigQuery for visualization.,"Export the audit logs to a separate BigQuery dataset using a logging sink, then run queries in BigQuery.",Run SQL queries directly from the Log Analytics page because it supports all SQL operations including joins with external datasets.,Create a linked BigQuery dataset for the log bucket and run queries from BigQuery Studio to join log data with other datasets.,4,"When you need to join log entry data with other BigQuery datasets or query from services like BigQuery Studio, you need a linked BigQuery dataset. While Log Analytics allows SQL queries without a linked dataset, joining with external data and using BigQuery's advanced features requires the linked dataset approach. Reference: https://cloud.google.com/logging/docs/analyze/query-linked-dataset"
GCP PSOE,Your security team wants to configure a Google Security Operations (SecOps) SOAR playbook that should automatically execute whenever an alert contains a specific string 'credential-harvesting' in the alert name field. You need to configure the most flexible and specific trigger type for this requirement. What should you do?,Configure an Alert Type trigger based on the Rule Generator field for credential-harvesting alerts.,Configure a Tag Name trigger after manually tagging all credential-harvesting alerts during ingestion.,Configure a Custom Trigger with a condition that checks if the alert name INCLUDES 'credential-harvesting'.,Configure an All trigger and add an IF condition at the beginning of the playbook to filter alerts.,3,The Custom Trigger lets you define custom placeholders for highly specific matches and supports flexible conditions like INCLUDES operators on alert fields such as alert name. This is the most precise method for matching specific strings within alert fields. Reference: https://cloud.google.com/chronicle/docs/soar/respond/working-with-playbooks/using-triggers-in-playbooks
GCP PSOE,Your legal department has informed you that Cloud Storage objects containing forensic evidence related to an ongoing litigation must be preserved indefinitely until the case is resolved. The duration of the legal hold is unknown and the evidence must remain unmodified. Which Cloud Storage feature should you use to ensure compliance with this requirement?,Configure a Bucket Lock retention policy with the maximum 100-year retention period and lock it to ensure evidence cannot be deleted during the litigation.,Apply temporary holds to the relevant objects in the Cloud Storage bucket to prevent deletion or modification until the holds are explicitly removed by authorized personnel.,Enable Object Versioning on the bucket and configure IAM policies to prevent the storage.objects.delete permission from being granted to any users.,Set Object Retention Lock configurations with locked retention mode on each object and specify a retain-until date far in the future.,2,"Temporary holds are specifically designed for legal and regulatory purposes where the retention duration is unknown. Unlike retention policies with fixed periods, temporary holds remain in place indefinitely until explicitly removed. This ensures evidence cannot be deleted or modified during the litigation period. Reference: https://cloud.google.com/storage/docs/object-holds"
GCP PSOE,Your security team is investigating a suspected supply chain attack affecting container images in Artifact Registry. You need to identify which container images deployed to your GKE clusters contain a specific CVE vulnerability. Which approach provides the most direct method to query for affected images?,Export all container images from Artifact Registry and perform manual vulnerability scanning using a third-party tool.,Use the Artifact Analysis API with a filter expression specifying noteProjectId and noteId matching the CVE identifier to list all occurrences across your repositories.,Query Cloud Audit Logs for image pull events and cross-reference with external vulnerability databases.,Enable Binary Authorization continuous validation with a vulnerability check policy and wait for violations to be logged to Cloud Logging.,2,Artifact Analysis stores vulnerability information as notes with occurrences linked to specific images. Using a filter like noteProjectId='goog-vulnz' AND noteId='CVE-YYYY-XXXXX' directly queries for all images with that specific vulnerability occurrence. Reference: https://cloud.google.com/artifact-analysis/docs/os-scanning-automatically
GCP PSOE,"Your organization wants to automatically remediate Security Command Center findings for publicly accessible Cloud Storage buckets. When Security Health Analytics detects a PUBLIC_BUCKET_ACL finding, a Cloud Run function should automatically modify the bucket's IAM policy to remove public access. What is the correct architecture to implement this automated remediation workflow?","Configure Cloud Logging to export all SCC findings to a log sink, create a Cloud Run function with a Cloud Logging trigger that filters for PUBLIC_BUCKET_ACL events and executes remediation logic.","Deploy a Cloud Run function with an HTTP trigger that is called directly by SCC Event Threat Detection when a PUBLIC_BUCKET_ACL finding is created, using the finding payload to identify and remediate the bucket.","Configure a SCC continuous export with a filter for PUBLIC_BUCKET_ACL findings to a Pub/Sub topic, then deploy a Cloud Run function with a Pub/Sub trigger that parses the finding payload and uses the Cloud Storage API to update the bucket's IAM policy.","Configure a Cloud Scheduler job to periodically query the SCC API for new PUBLIC_BUCKET_ACL findings, store results in BigQuery, then use a Cloud Run function to process BigQuery exports and remediate affected buckets.",3,"Security Command Center's continuous export feature can send filtered findings to Pub/Sub topics, which can then trigger Cloud Run functions. The function can parse the finding to identify the affected bucket and programmatically remediate using the Cloud Storage API. This follows Google's recommended pattern for automated finding remediation. Reference: https://cloud.google.com/security-command-center/docs/how-to-export-data"
GCP PSOE,Your security team wants to use Cloud Logging to detect privilege escalation attempts across your organization by analyzing IAM Admin Activity audit logs. They need to run complex SQL queries that aggregate multiple log entries over time and trigger alerts when suspicious patterns emerge. What should you configure first?,Upgrade the log bucket to use Log Analytics and create a linked BigQuery dataset.,Enable Data Access audit logs and create a counter-based log-based metric.,Create a log-based alerting policy with a filter for Admin Activity audit logs.,Configure a log sink to export logs to Cloud Monitoring for custom metric creation.,1,"SQL-based alerting policies require the log bucket to be upgraded to use Log Analytics, and the data must be accessible through a linked BigQuery dataset. This enables running SQL queries that aggregate and analyze multiple log entries, which is essential for detecting complex patterns like privilege escalation attempts. Reference: https://cloud.google.com/logging/docs/analyze/sql-in-alerting"
GCP PSOE,Your organization wants to detect malicious script execution in GKE containers using Container Threat Detection. Your development teams frequently deploy containers that run legitimate Python scripts for data processing. You want to configure Container Threat Detection to detect genuinely malicious scripts while minimizing false positives from legitimate workloads. Which Container Threat Detection capability should you rely on?,Custom detection rules configured to allowlist specific script execution patterns for your development workloads.,The binary hash comparison feature that checks executed scripts against known malicious file signatures.,The REPORT_ENVIRONMENT_VARIABLES module that filters findings based on environment variable values.,The natural language processing (NLP) analysis that evaluates Bash and Python scripts to determine if the executed code is malicious.,4,"Container Threat Detection uses natural language processing (NLP) to analyze Bash and Python scripts and determine if the executed code is malicious. This capability distinguishes between legitimate scripts and genuinely malicious code, helping reduce false positives from legitimate development workloads. Reference: https://cloud.google.com/security-command-center/docs/concepts-container-threat-detection-overview"
GCP PSOE,Your security team is concerned about potential SQL injection and cross-site scripting (XSS) vulnerabilities in web applications hosted on Google Kubernetes Engine (GKE). You need to implement automated detection of these OWASP Top 10 vulnerabilities across all public-facing applications while minimizing operational overhead. What should you do?,Enable Web Security Scanner managed scans in Security Command Center and configure custom scans for applications requiring authentication to maximize detection coverage.,Deploy Cloud IDS across all VPC networks and configure threat signatures for SQL injection and XSS patterns to detect exploitation attempts.,Create custom YARA-L detection rules in Google Security Operations to match known SQL injection and XSS attack signatures in ingested web server logs.,Configure Event Threat Detection to monitor Cloud Audit Logs for suspicious web application access patterns indicating SQL injection attempts.,1,"Web Security Scanner identifies security vulnerabilities including SQL injection and XSS in GKE web applications. Managed scans automatically detect and scan public endpoints weekly without authentication, while custom scans provide more thorough coverage including authenticated areas. This combined approach ensures comprehensive detection with minimal operational overhead while addressing OWASP Top 10 vulnerabilities. Reference: https://cloud.google.com/security-command-center/docs/concepts-web-security-scanner-overview"
GCP PSOE,Your organization is running multiple GKE clusters with the Security Command Center Premium tier activated. You notice that Container Threat Detection findings are not being generated for one specific GKE cluster even though the service is enabled. The cluster is using Container-Optimized OS-based nodes and is on a supported GKE version. What is the most likely cause of this issue?,The cluster does not have sufficient resources to run the Container Threat Detection DaemonSet.,"GKE Sandbox is enabled on the cluster, which is incompatible with Container Threat Detection.","Container Threat Detection only works with Ubuntu-based nodes, not Container-Optimized OS.",The cluster is missing the containerthreatdetection.serviceAgent IAM role binding.,2,Container Threat Detection is not compatible with GKE Sandbox. GKE Sandbox provides an extra layer of security for multi-tenant workloads but uses a different isolation mechanism that prevents Container Threat Detection from monitoring container activity. This feature must be disabled on GKE clusters where you want Container Threat Detection deployed. Reference: https://cloud.google.com/security-command-center/docs/how-to-use-container-threat-detection
GCP PSOE,"Detection engineering""You are managing Event Threat Detection custom modules for your enterprise organization and notice that some critical IOC detections are not generating findings. You have verified that VPC Flow Logs are enabled and the custom module is in the ENABLED state. What is the most likely cause of this issue?",The custom module findings have exceeded the limit of 200 findings per parent resource per hour.,The custom module was created at the folder level and cannot detect events from projects in other folders.,The custom module JSON template exceeds the 6 MB size limit and was partially truncated during creation.,The Security Command Center Premium tier subscription has expired and reverted to Standard tier functionality.,1,"Event Threat Detection custom modules have a quota limit of 200 custom module findings per parent resource (organization or project) per hour. This limit cannot be increased, so if your environment generates more detections than this threshold, additional findings will not be created until the next hour window begins. Reference: https://cloud.google.com/security-command-center/docs/custom-modules-etd-overview"
GCP PSOE,"You are configuring a SOAR playbook in Google Security Operations (SecOps) to automatically enrich alerts containing suspicious file hashes. You want the playbook to retrieve comprehensive threat intelligence including sandbox behavior analysis, detection rates from multiple antivirus engines, and malware family associations. Which integration action should you configure in the playbook?",Use the VirusTotal v3 Enrich Hash action with the Premium API.,Use the Applied Threat Intelligence curated detection rules.,Use the VirusTotal v2 Scan Hash action with the public API.,Use the Google Threat Intelligence Execute IOC Search action.,1,"The VirusTotal v3 integration with Premium API provides comprehensive file analysis capabilities including scan results from multiple antivirus engines, sandbox behavior analysis, and malware associations. The Enrich Hash action specifically enriches file hash entities with this threat intelligence data. Reference: https://cloud.google.com/chronicle/docs/soar/marketplace-integrations/virustotal-v3"
GCP PSOE,Your organization wants to automatically receive notifications in a Slack channel whenever Security Command Center detects a new OPEN_FIREWALL finding. You need to configure the integration between SCC and Slack using the most efficient architecture. What should you do?,Configure a Cloud Scheduler job to periodically call the SCC API to list new findings and invoke a Cloud Function that filters for OPEN_FIREWALL findings and posts to Slack.,Deploy a Cloud Function with an HTTP trigger that calls the SCC API every minute to check for new OPEN_FIREWALL findings and posts results to Slack.,"Create a Pub/Sub topic, configure an SCC NotificationConfig with a filter for category='OPEN_FIREWALL' AND state='ACTIVE', and deploy a Cloud Function triggered by the Pub/Sub topic that sends messages to the Slack webhook.",Create a continuous export to BigQuery for all findings and configure a BigQuery scheduled query to detect new OPEN_FIREWALL findings that triggers a Cloud Function for Slack notification.,3,"This architecture follows Google Cloud best practices for SCC automated notifications. The NotificationConfig with a specific filter ensures only relevant findings trigger the workflow, Pub/Sub provides reliable message delivery, and Cloud Functions processes the notifications and sends them to Slack. This is the recommended pattern documented in SCC notification guides. Reference: https://cloud.google.com/security-command-center/docs/how-to-enable-real-time-notifications"
GCP PSOE,You are configuring an Event Threat Detection custom module to detect connections to domains associated with a recent malware campaign. You need to specify the severity level for findings generated by this custom module. Which severity levels are supported in the custom module JSON configuration?,"LOW, MEDIUM, HIGH, and CRITICAL","WARNING, ERROR, ALERT, and CRITICAL","P1, P2, P3, and P4","INFO, LOW, MEDIUM, HIGH, and CRITICAL",1,"Event Threat Detection custom module templates support specifying severity levels of LOW, MEDIUM, HIGH, or CRITICAL in the metadata section of the JSON configuration. This allows you to designate the risk level assigned to findings generated by the module. Reference: https://cloud.google.com/security-command-center/docs/use-custom-modules-etd"
GCP PSOE,Your organization wants to discover all Cloud Storage buckets across your Google Cloud organization that have a specific label indicating they contain production data. You need to perform this search efficiently without exporting all asset metadata. Which approach should you use?,Query the Security Command Center Assets API with a filter for Cloud Storage resources containing the production label in their security properties.,"Export all Cloud Asset Inventory metadata to BigQuery with RESOURCE content type, then run a SQL query filtering for storage buckets with the production label.",Use the Cloud Asset Inventory searchAllResources API with a query that filters on asset type storage.googleapis.com/Bucket and includes a labels.environment:production filter.,"Use Cloud Asset Inventory listAssets API to retrieve all Cloud Storage bucket resources, then filter the results client-side for the production label.",3,"Cloud Asset Inventory searchAllResources API allows you to search for specific resources using a custom query language without requiring a full export. The API supports filtering by asset type and label values, making it efficient to find labeled buckets across the organization. Reference: https://cloud.google.com/asset-inventory/docs/search-resources"
GCP PSOE,A Tier 1 analyst has completed initial triage on a suspicious case in Google Security Operations SOAR and determines it requires deeper investigation by the Tier 2 team. The analyst needs to update the case to reflect this escalation and ensure the Tier 2 team sees it in their queue. What is the most efficient way to accomplish this?,"Create a new case and copy the alert data from the original case, then assign the new case to Tier 2 while closing the original.",Add a comment to the case wall mentioning the Tier 2 team and mark the case as 'Incident' to increase its visibility and priority.,Use Case Actions to change the case stage from 'Triage' to 'Assessment' and reassign the case to the Tier 2 SOC role.,Change the case priority to 'Critical' so that it automatically routes to Tier 2 analysts based on their configured access permissions.,3,Changing the case stage to 'Assessment' indicates the case is escalated to the next tier for evaluation. Reassigning to the Tier 2 role ensures the case appears in their queue. Both actions properly document the escalation in the case history. Reference: https://cloud.google.com/chronicle/docs/soar/investigate/working-with-cases/what-actions-can-you-take-on-a-case
GCP PSOE,Your organization uses Google Security Operations (SecOps) with Enterprise Plus licensing and has Applied Threat Intelligence (ATI) enabled. You are conducting a threat hunt and want to focus on the highest priority IOCs that were observed in active Mandiant incident response engagements. You need to filter the IOC matches page to display only the most critical indicators. What should you do?,Filter by Categories and select 'Malware' to view indicators associated with known malware families.,Filter by Severity and select 'Critical' to display indicators with the highest GTI scores.,Filter by GCTI Priority label and select 'Active IR' or 'High' to view indicators associated with active breach scenarios.,Filter by Sources and select 'VirusTotal' to view indicators with the highest community detection rates.,3,The Active breach model prioritizes indicators that Mandiant observed in active or past compromises. The GCTI Priority filter with 'Active IR' or 'High' values specifically shows indicators from active incident response engagements and those with malicious GTI verdicts. Reference: https://cloud.google.com/chronicle/docs/detection/ati-prioritization
GCP PSOE,Your organization wants to track the number of IAM policy changes made to critical Google Cloud resources and alert when changes exceed normal thresholds over time. The security team needs to visualize trends on a dashboard and receive notifications when the count exceeds 10 changes within a 15-minute rolling window. Which approach should you use?,"Create a counter-type log-based metric filtering on Admin Activity audit logs for SetIamPolicy events, then create a metric-based alerting policy with threshold conditions.",Create a log-based alerting policy that queries for SetIamPolicy events and configures the time between notifications to 15 minutes.,Create a system-defined log-based metric using the built-in log_entry_count metric filtered by IAM service name.,Create a distribution-type log-based metric that extracts the number of IAM changes from each log entry and monitors the statistical distribution.,1,"Counter metrics count log entries matching a filter, which is appropriate for counting IAM policy changes. The metric can be visualized in Cloud Monitoring dashboards, and metric-based alerting policies support threshold conditions with rolling windows for trend monitoring. This is the recommended approach when you need to track counts and trends. Reference: https://cloud.google.com/logging/docs/logs-based-metrics/counter-metrics"
GCP PSOE,Your organization is implementing a tiered SOC workflow where Tier 1 analysts perform initial triage and escalate complex cases to Tier 2 for deeper investigation. You need to configure Google Security Operations (SecOps) SOAR so that Tier 1 analysts can reassign cases to Tier 2 but cannot modify playbooks or access the IDE. What should you do?,Configure IAM roles at the Google Cloud project level to restrict Tier 1 analysts from accessing playbook resources while allowing case management.,Use custom SOC roles to define which playbook actions Tier 1 analysts can execute manually and restrict their ability to view the playbook designer through role-based action filtering.,"Create separate environments for Tier 1 and Tier 2, move all playbooks to the Tier 2 environment, and ensure Tier 1 analysts only have access to the Tier 1 environment.","Create separate permission groups for Tier 1 and Tier 2, disable IDE and playbook editing for Tier 1 while granting full case editing rights, and map users to appropriate SOC roles and permission groups.",4,"SOC roles, permission groups, and environments work together to control user access. You can configure permission groups to disable specific modules like IDE and playbooks while granting case editing rights, enabling Tier 1 analysts to triage and reassign cases without modifying automation configurations. Reference: https://cloud.google.com/chronicle/docs/soar/admin-tasks/advanced/control-access-to-platform"
GCP PSOE,Your organization wants to detect connections to malicious domains using Event Threat Detection custom modules. You have configured a custom module with a list of domains. You need to understand which logs Event Threat Detection analyzes to detect these connections. Which log source must be enabled for domain-based threat detection?,"Cloud Audit Logs Admin Activity, which record administrative API calls.","Cloud DNS logs, which record DNS queries including domain resolution requests.","Identity-Aware Proxy logs, which record application access patterns.","VPC Service Controls logs, which record service perimeter access attempts.",2,"Event Threat Detection can detect malware using domain resolution by analyzing Cloud DNS logs. These logs capture DNS queries made by resources in your environment, enabling detection when resources attempt to resolve known malicious domains. For most users, Cloud DNS logs are sufficient for network detection of malware. Reference: https://cloud.google.com/security-command-center/docs/concepts-event-threat-detection-overview"
GCP PSOE,You are building a Cloud Monitoring alerting policy to detect a potential security incident pattern where both high CPU utilization AND unusual network egress occur on the same Compute Engine VM instance. You want the alert to fire only when both conditions are met simultaneously on the same resource. How should you configure the alerting policy?,Create two separate alerting policies with single conditions and manually correlate the incidents.,Create an alerting policy with two conditions and set the combiner to AND_WITH_MATCHING_RESOURCE.,Create an alerting policy with two conditions and set the combiner to AND.,Create an alerting policy with two conditions and set the combiner to OR.,2,"The AND_WITH_MATCHING_RESOURCE combiner triggers an alert only when all conditions are met for the same resource. This ensures that both high CPU utilization and unusual network egress must occur on the same VM instance for the alert to fire, which is essential for detecting correlated security anomalies. Reference: https://cloud.google.com/monitoring/alerts/concepts-indepth"
GCP PSOE,Your security team suspects data exfiltration from a BigQuery dataset containing sensitive customer data. You need to implement emergency containment using VPC Service Controls without disrupting legitimate business operations. The containment must be verifiable before full enforcement. What should you do?,"Configure VPC firewall rules to block all egress traffic from the BigQuery dataset to external IP addresses, then monitor network flow logs for suspicious patterns.","Create an enforced VPC Service Controls perimeter immediately with no ingress or egress rules, then reactively add rules as users report access issues to minimize business disruption.",Enable Data Loss Prevention (DLP) inspection on the BigQuery dataset and configure automatic redaction of sensitive fields to prevent exfiltration of customer data.,"Create a new VPC Service Controls perimeter in dry-run mode containing the project with BigQuery, analyze violation logs to identify legitimate access patterns, then convert to enforced mode after verification.",4,"Dry-run mode logs violations without blocking access, allowing you to identify legitimate access patterns before enforcement. This approach enables you to verify that containment measures will not disrupt business operations while immediately gaining visibility into unauthorized access attempts. Reference: https://cloud.google.com/vpc-service-controls/docs/dry-run-mode"
GCP PSOE,"You are configuring Security Command Center (SCC) notification exports to Pub/Sub for your organization. After creating the NotificationConfig, you notice that notifications are not being published to the Pub/Sub topic. You have verified the Pub/Sub topic exists. What is the most likely cause of this issue?",The Security Command Center API is disabled in the project containing the Pub/Sub topic.,The SCC notification service account does not have the securitycenter.notificationServiceAgent role on the Pub/Sub topic.,The NotificationConfig filter expression contains invalid syntax that prevents all findings from matching.,The Pub/Sub topic has a message storage policy with enforceInTransit enabled which blocks SCC notifications.,2,"When you create a NotificationConfig, a service account in the form of service-org-ORGANIZATION_ID@gcp-sa-scc-notification.iam.gserviceaccount.com is automatically created and must have the securitycenter.notificationServiceAgent role on the Pub/Sub topic. If this role was removed or not properly granted, notifications will fail. Reference: https://cloud.google.com/security-command-center/docs/how-to-notifications"
GCP PSOE,"Data management""You are using Cloud DLP to profile BigQuery tables in your organization. After reviewing the data profiles, you notice that a table containing customer email addresses and phone numbers has been assigned a MODERATE sensitivity level instead of HIGH. You need to ensure this type of data is classified as highly sensitive for accurate risk prioritization. What should you do?",Edit the table-level data profile directly in the Sensitive Data Protection console to manually change the sensitivity level to HIGH.,"Configure an exclusion rule in the inspection template to ignore EMAIL_ADDRESS and PHONE_NUMBER, then create new custom infoTypes with HIGH sensitivity.","Create a custom infoType that combines email addresses and phone numbers, and configure it with a higher likelihood threshold to increase detection confidence.",Modify the inspection template used by the discovery scan configuration to assign a HIGH sensitivity level to the EMAIL_ADDRESS and PHONE_NUMBER infoTypes.,4,"You can assign custom sensitivity levels to individual infoTypes in the inspection template. Cloud DLP uses these sensitivity levels to calculate the overall sensitivity level of profiled tables, allowing you to override the default sensitivity assignments. Reference: https://cloud.google.com/sensitive-data-protection/docs/sensitivity-risk-calculation"
GCP PSOE,"Threat hunting""Your organization uses Log Analytics to perform threat hunting by querying logs using SQL. You want to create a linked dataset that allows BigQuery to query your log data so you can join security logs with a third-party threat intelligence dataset stored in BigQuery. What must you do before BigQuery can query your log data?",Grant BigQuery Data Viewer role to the Cloud Logging service account on your log bucket,Enable Data Access audit logs for Cloud Logging and configure a log sink to export logs to a BigQuery dataset,Configure cross-project access between Cloud Logging and BigQuery by updating organization policies,Upgrade the log bucket to use Log Analytics and then create a linked BigQuery dataset on the log bucket,4,"To make log data visible to BigQuery, you must first upgrade your log bucket to use Log Analytics and then create a linked dataset. This allows BigQuery services to query your log data by issuing queries to the linked dataset. Reference: https://cloud.google.com/logging/docs/log-analytics"
GCP PSOE,"Your organization recently enabled Security Command Center Premium at the organization level. You have configured Event Threat Detection (ETD) to monitor threats. Your security team notices that certain detectors are not generating findings even though they are enabled. Upon investigation, you discover that certain logs required by these detectors are not being collected. What should you do to ensure all enabled ETD detectors can generate findings?",Disable and re-enable the affected Event Threat Detection modules to reset their log scanning configuration.,Create custom modules to replace the non-functioning built-in detectors with alternative detection logic.,Upgrade to Security Command Center Enterprise tier to access additional log sources for threat detection.,"Enable Data Access audit logs for the services that the detectors require, as some audit logs are turned off by default.",4,"Event Threat Detection relies on specific logs to detect threats. While Admin Activity audit logs are always written and cannot be disabled, Data Access audit logs and other optional logs are turned off by default. You must explicitly enable these logs for Event Threat Detection to scan them and generate findings. Reference: https://cloud.google.com/security-command-center/docs/concepts-event-threat-detection-overview"
GCP PSOE,You are enabling Container Threat Detection on your GKE clusters and want to understand its operational requirements. One of your clusters uses GKE Sandbox with gVisor for enhanced workload isolation. What should you do to enable Container Threat Detection on this cluster?,Deploy Container Threat Detection as a sidecar container within each sandboxed Pod.,Enable both features simultaneously as they complement each other for layered security.,"Disable GKE Sandbox on the cluster before enabling Container Threat Detection, as they are not compatible.",Configure Container Threat Detection to operate in compatibility mode that works with gVisor.,3,"Container Threat Detection is not compatible with GKE Sandbox. The GKE Sandbox feature must be disabled on clusters where you want Container Threat Detection deployed. This is because Container Threat Detection requires direct access to the kernel for its eBPF-based detection instrumentation, which is not possible with gVisor's sandboxed environment. Reference: https://cloud.google.com/security-command-center/docs/how-to-use-container-threat-detection"
GCP PSOE,"During an active security incident, your incident response team has identified several Cloud Storage objects containing malicious artifacts that must be preserved as forensic evidence. The investigation timeline is uncertain, and the evidence must remain immutable until legal counsel explicitly releases it. How should you preserve this evidence?",Enable Object Versioning and modify the bucket's IAM policy to remove delete permissions.,Configure an event-based hold on the forensic evidence bucket.,Apply a temporary hold to each object containing forensic evidence.,Create a new bucket with a locked 10-year retention policy and copy the evidence objects.,3,"Temporary holds prevent objects from being deleted or replaced until the hold is explicitly removed, regardless of any retention policy on the bucket. They are specifically designed for regulatory or legal purposes such as holding documents for legal investigation. The hold has no expiration date and remains until explicitly released, which is ideal for investigations with uncertain timelines. Reference: https://cloud.google.com/storage/docs/object-holds"
GCP PSOE,"Your security team has activated Security Command Center Premium at the project level. They want to configure continuous exports of Event Threat Detection and Container Threat Detection findings to Cloud Logging for centralized monitoring. When they navigate to the Continuous Exports tab, they cannot find the Logging Export option. What is the most likely cause of this issue?",The Cloud Logging API is not enabled in the destination project where findings will be exported.,"Cloud Logging export requires Security Command Center to be activated at the organization level, not the project level.",The security team lacks the Security Center Admin role required to view export configurations.,Event Threat Detection and Container Threat Detection services are not enabled in Security Command Center settings.,2,"Continuous exports to Cloud Logging are only available when you activate Security Command Center at the organization level. Project-level activations do not support this feature. The documentation states that 'To use Cloud Logging export, you must activate Security Command Center at the organization level.' Reference: https://cloud.google.com/security-command-center/docs/export-cloud-logging"
GCP PSOE,"Observability""You are configuring a log-based counter metric to detect potential credential theft by monitoring for service account key downloads in Cloud Audit Logs. You want to add labels to enable detailed analysis by user and target service account. Which label configuration follows Google Cloud best practices for avoiding high-cardinality issues?","Add labels that extract the full request ID, timestamp, and the raw JSON payload for comprehensive incident investigation capabilities.","Add labels that extract only the log severity and the log name, as these are predefined labels that are already included in system log-based metrics.","Add labels that extract the source IP address, full resource name, and HTTP status code to enable detailed forensic analysis.",Add labels that extract the principal email (actor) and the target service account name using regular expressions that capture the account identifiers.,4,Principal email and service account name have bounded cardinality in most organizations. These values allow filtering and analysis while following the best practice of only extracting values from labels of known cardinality. Regular expressions can extract specific portions of these fields. Reference: https://cloud.google.com/logging/docs/logs-based-metrics/labels
GCP PSOE,"Your organization runs multiple microservices on Google Kubernetes Engine (GKE) that need to access different Google Cloud APIs. Currently, all pods use the default node service account which has broad permissions. You need to implement workload identity with least privilege access. What should you do?",Enable Workload Identity Federation for GKE and configure all Kubernetes ServiceAccounts to impersonate a single IAM service account that has all required permissions for all microservices.,"Enable Workload Identity Federation for GKE, create dedicated IAM service accounts for each microservice with only required permissions, and configure each Kubernetes ServiceAccount to impersonate its corresponding IAM service account.",Modify the default node service account to have only Viewer permissions and rely on GKE node pool access scopes to restrict API access.,Create service account keys for each microservice IAM service account and mount them as Kubernetes Secrets in each pod that needs access.,2,Workload Identity Federation for GKE lets you configure Kubernetes ServiceAccounts to act as IAM service accounts. Creating dedicated service accounts per microservice with minimal permissions follows least privilege and avoids over-permissioning. Reference: https://cloud.google.com/kubernetes-engine/docs/how-to/workload-identity
GCP PSOE,You are performing threat hunting in your organization's Google Cloud environment and need to identify potential privilege escalation attempts where IAM permissions are granted to sensitive service accounts. You want to use Log Analytics to query your audit logs for this activity. Which query approach should you use?,Query Admin Activity audit logs for SetIamPolicy method calls filtering on protoPayload.methodName and examine bindingDeltas in the serviceData field.,Query Data Access audit logs for SetIamPolicy method calls filtering on protoPayload.methodName and examine the authorizationInfo field.,Query System Event audit logs for SetIamPolicy method calls filtering on protoPayload.serviceName to identify automated permission changes.,Query Policy Denied audit logs for SetIamPolicy method calls filtering on protoPayload.status to identify failed privilege escalation attempts.,1,"Admin Activity audit logs record API calls that modify configuration or metadata of resources, including IAM policy changes. The SetIamPolicy method is logged in Admin Activity logs, and the bindingDeltas field shows what role changes were made to which principals. Reference: https://cloud.google.com/logging/docs/audit/understanding-audit-logs"
GCP PSOE,You are conducting a threat hunting investigation in Google Security Operations (SecOps) and want to identify domains that have been accessed by only a single asset in your environment during the past 10 days. This is a technique to find potentially malicious command-and-control infrastructure. Which approach should you use?,Use UDM search to find DNS events and export results to Looker Studio to manually calculate domain prevalence.,Search the entity graph using DERIVED_CONTEXT with prevalence filters set to day_max = 1 and rolling_max = 1 to find low-prevalence domains.,Query Cloud Logging directly using Log Analytics to identify domains with low access frequency across all projects.,Create a YARA-L rule that counts unique assets per domain and triggers when the count equals one using the match section.,2,"Google SecOps calculates prevalence statistics for each entity. The rolling_max represents the maximum per-day prevalence score over the previous 10-day window. Using day_max = 1 and rolling_max = 1 identifies domains accessed by at most one distinct asset per day and across the 10-day period, which are potentially suspicious. Reference: https://cloud.google.com/chronicle/docs/event-processing/data-enrichment"
GCP PSOE,"A security analyst using Google Security Operations (SecOps) needs to view a user's behavioral baseline profile, anomalies, and contextual enrichments over the past 60 days to investigate potential insider threat activity. Where should the analyst access this entity analytics information?","Open the User view, enter the username, and review the complete 60-day behavioral baseline summary displayed in the default timeline.",Use UDM Search to query all events for the user entity and manually aggregate the behavioral statistics to establish the baseline profile.,"Navigate to the entity page, select up to 90 days on the Findings timeline, and click 'View analytics for selection' to open the entity analytics sidebar.","Access the Risk Analytics dashboard, filter by user type, and export the entity's complete behavioral data for the requested time period.",3,"According to Google SecOps documentation, entity analytics provides SOC analysts and threat hunters with a detailed view of an entity's behavior, including the entity's baseline profile, anomalies, and contextual enrichments. From the entity page, you can select a time range of up to 90 days on the Findings timeline and click 'View analytics for selection' to access this information. Reference: https://cloud.google.com/chronicle/docs/detection/risk-analytics-dashboard"
GCP PSOE,Your organization is deploying Security Command Center Enterprise and wants to configure the SCC Enterprise - Urgent Posture Findings Connector for optimal case management. Which statement accurately describes how threat findings flow through Security Command Center Enterprise compared to posture findings?,"All findings flow through the SOAR module equally, where playbooks determine whether to classify them as threat or posture findings.","Posture findings require manual triage before entering the case management workflow, while threat findings are automatically grouped into cases.","The Chronicle Alerts Connector handles all finding types uniformly, with severity determining whether findings are classified as threats or posture issues.","Threat findings flow through the SIEM module first, triggering internal rules to become alerts, while posture findings and toxic combinations go directly to the SOAR module for case grouping.",4,"Security Command Center threat findings go through the SIEM module first, where internal rules trigger and convert findings to alerts. In contrast, toxic combination findings and related vulnerability and misconfiguration findings go directly to the SOAR module. The SCC Enterprise - Urgent Posture Findings Connector then groups findings as alerts into cases. Reference: https://cloud.google.com/security-command-center/docs/cases-overview"
GCP PSOE,You are developing a new phishing response playbook in Google Security Operations (SecOps) SOAR and need to test it before deploying to production. The playbook includes multiple conditional branches and enrichment actions that query third-party APIs. You want to efficiently test all possible execution paths without impacting live data or repeatedly calling external APIs. What should you do?,"Export the playbook to a staging environment, run it with live connector data, then import the validated playbook back to production.","Activate the Playbook Simulator, run the playbook on a test case, and use Pin Results to save successful step outputs to prevent repeated API calls during subsequent tests.","Disable the playbook toggle, manually execute each action on live cases one at a time, and review the Case Wall for results before proceeding to the next step.","Create a duplicate playbook with all actions set to Manual mode, execute each step individually, and compare outputs against expected results.",2,The Playbook Simulator allows testing in a pre-production environment and the Pin Results feature saves step outputs so they can be reused without re-executing API calls against third-party services. This approach allows efficient testing of all condition branches while preserving mock data for future tests. Reference: https://cloud.google.com/chronicle/docs/soar/respond/working-with-playbooks/working-with-playbook-simulator
GCP PSOE,Your organization needs to ingest alerts from a third-party SIEM into Google Security Operations (SecOps) SOAR for automated playbook execution. The third-party SIEM supports push-based delivery via HTTP callbacks but does not have a native Google SecOps connector available. What is the recommended approach to configure alert ingestion?,"Configure an incoming webhook in SOAR Settings, map the JSON fields to Google SecOps fields, and configure the third-party SIEM to send alerts to the webhook URL.",Configure a data feed in SIEM Settings to read alerts from an intermediate Cloud Storage bucket where the third-party SIEM exports data.,Use the Bindplane agent to collect alerts from the third-party SIEM and forward them to Google SecOps.,Develop a custom Python connector using the Google SecOps SDK to pull alerts from the third-party SIEM at regular intervals.,1,"Webhooks are designed for scenarios where third-party logs are pushed via HTTP callbacks. You configure the webhook in SOAR Settings > Ingestion > Webhooks, upload a JSON sample for data mapping, and provide the webhook URL to the sending system. Reference: https://cloud.google.com/chronicle/docs/soar/ingest/webhooks/setting-up-a-webhook"
GCP PSOE,You are configuring vulnerability prioritization in Security Command Center Premium. Your organization wants to ensure that vulnerabilities affecting production databases receive higher priority for remediation than those affecting development resources. How should you configure Security Command Center to achieve this goal?,Create Event Threat Detection custom modules that increase the priority of all findings targeting production resources.,Modify the default severity levels of vulnerability findings to CRITICAL for all findings that affect production database resources.,Create resource value configurations that designate production database resources as high-value resources to increase their attack exposure scores.,Configure mute rules to hide all vulnerability findings for development resources from the Security Command Center console.,3,"Resource value configurations allow you to specify which resources belong in your high-value resource set. Findings that expose resources in your high-value resource set receive higher attack exposure scores, enabling prioritization of vulnerabilities affecting critical production resources over development resources. Reference: https://cloud.google.com/security-command-center/docs/vulnerabilities-prioritize-remediation"
GCP PSOE,You have created an Event Threat Detection custom module at the organization level to detect connections to malicious IP addresses from your threat intelligence platform. A project team within your organization needs to disable this detection for their development project that uses test IP addresses matching those in your module. What should you do?,Disable the inherited custom module at the project level using the gcloud alpha scc custom-modules etd update command with --enablement-state='DISABLED'.,Create an exception list in the organization-level custom module JSON template that excludes the development project by project ID.,Modify the original custom module at the organization level to exclude the test IP addresses used by the development team.,Delete the custom module from the project level to stop detection for that specific project.,1,Custom modules created at a parent level are inherited by child resources. You can disable an inherited module at the project level without affecting the original module at the organization level. This allows the development project to be excluded from detection while maintaining protection for other resources. Reference: https://cloud.google.com/security-command-center/docs/use-custom-modules-etd