GCP PSOE,"Your organization has multiple GKE clusters across different projects and wants centralized visibility into container threats, including cryptomining, privilege escalation, and malicious code execution. You have Security Command Center Premium tier enabled. Where should you navigate in the Google Cloud console to view a summary of the top threats affecting your GKE workloads grouped by severity and category?","Security Command Center Findings page, filtered by Container Threat Detection.","GKE Security Posture dashboard, in the Top threats pane.","GKE Workloads page, in the Security tab under each deployment.","Cloud Logging Logs Explorer, filtered by GKE cluster resource type.",2,"When Security Command Center Premium or Enterprise tier is activated, the GKE security posture dashboard shows the Top threats pane that summarizes threats affecting GKE workloads, grouped by severity and category. This pane displays threats such as cryptomining, privilege escalation, and malicious code execution detected by Container Threat Detection. Reference: https://cloud.google.com/kubernetes-engine/docs/concepts/about-security-posture-dashboard"
GCP PSOE,Your security team is investigating a suspected service account impersonation attack. A user may have obtained short-lived credentials to perform unauthorized actions as a privileged service account. You need to identify the original user who initiated the impersonation chain in Cloud Audit Logs. Which field in the audit log entry should you examine?,The serviceAccountDelegationInfo field in protoPayload.authenticationInfo,The principalEmail field in protoPayload.authenticationInfo,The authorizationInfo field in protoPayload,The callerIp field in protoPayload.requestMetadata,1,"The serviceAccountDelegationInfo field in Cloud Audit Logs contains the identity delegation history of an authenticated service account, including the firstPartyPrincipal field that shows the original user who created the short-lived credentials for impersonation. This field is essential for tracing back to the actual attacker. Reference: https://cloud.google.com/iam/docs/audit-logging/examples-service-accounts"
GCP PSOE,You are configuring a BigQuery-based threat hunting solution to detect data exfiltration attempts. You need to query BigQuery audit logs to identify jobs that copied data to destination tables outside your organization's project. Which protoPayload field should you primarily analyze to identify potential cross-project data transfers?,Query the protoPayload.response.destinationTable field to identify where query results were stored after job completion.,Query the protoPayload.serviceData.jobInsertRequest.resource.jobConfiguration.query.destinationTable field for all query job destination information.,Query the protoPayload.metadata.jobChange.job.jobConfig.queryConfig.destinationTable field to identify the destination project for query job results.,Query the protoPayload.resourceName field to extract the destination table information from the resource hierarchy path.,3,"The BigQueryAuditMetadata format stores destination table information in the protoPayload.metadata structure. The destinationTable field contains the project, dataset, and table identifiers, allowing you to detect when query results are written to external projects. Reference: https://cloud.google.com/bigquery/docs/reference/auditlogs"
GCP PSOE,"Your organization uses Google Security Operations (SecOps) with Advanced BigQuery Export enabled. After receiving new threat intelligence about a campaign targeting your industry, you need to search for matching IOCs in your historical security telemetry. Which BigQuery table should you query to find artifacts that have already been matched against existing IOC feeds?",Query the ioc_matches table in the secops_linked_data dataset to find artifacts from events that match IOC feeds.,Query the rule_detections table to find all detection matches and filter for IOC-related rule names.,Export logs directly from Cloud Logging to a custom BigQuery dataset and create your own IOC matching queries.,Query the events table in the secops_linked_data dataset and manually search for IOC values using CONTAINS_SUBSTR functions.,1,"The ioc_matches table in the Advanced BigQuery Export dataset stores IOC matches found against UDM events. This table contains artifacts such as domains and IP addresses from events that have already been correlated with ingested IOC feeds, making it the appropriate source for finding historical IOC matches in your security telemetry. Reference: https://cloud.google.com/chronicle/docs/reports/bigquery-export"
GCP PSOE,Your security team needs to prioritize the remediation of thousands of vulnerability findings in Security Command Center. You want to focus on vulnerabilities that pose the greatest actual risk to your organization's critical assets. Which approach should you use to identify and prioritize the highest-risk findings?,Sort findings by attack exposure score and prioritize remediation of findings with the highest scores that expose your designated high-value resources.,Filter findings by CRITICAL severity level and remediate all critical findings before addressing findings of lower severity.,Use the Compliance page to prioritize findings that violate the most regulatory controls across your applicable security standards.,Export all findings to BigQuery and create a custom scoring algorithm based on CVSS scores and finding age.,1,"Attack exposure scores measure how much a detected security issue exposes high-value resources to potential cyberattacks. Security Command Center's Risk Engine calculates these scores based on simulated attack paths, considering the priority values assigned to high-value resources, the number of attack paths, and the likelihood of successful attacks. This provides context-aware prioritization based on actual risk. Reference: https://cloud.google.com/security-command-center/docs/attack-exposure-learn"
GCP PSOE,"A detection engineer at your organization received a CISA advisory about a new ransomware campaign targeting your industry. The engineer needs to assess whether the current Google Security Operations (SecOps) detection rules can identify the specific tactics, techniques, and procedures (TTPs) used by this threat. What should the engineer use to identify gaps in detection coverage against the MITRE ATT&CK framework?",Create a custom dashboard with filters for MITRE technique IDs to correlate advisory TTPs with historical detections.,Navigate to Detection > Rules & Detections and access the MITRE ATT&CK Matrix tab to view coverage by technique and identify gaps.,Open the Curated Detections dashboard and review rule sets mapped to MITRE tactics and techniques mentioned in the advisory.,Run a retrohunt against historical logs using YARA-L rules that match the specific TTPs described in the CISA advisory.,2,The MITRE ATT&CK matrix dashboard in Google SecOps helps understand your organization's security posture against the MITRE ATT&CK framework. It displays tactics as columns and techniques as cards that are color-coded to indicate detection coverage status. Engineers can search for specific techniques by name or ID mentioned in advisories and identify techniques showing 'No Coverage'. Reference: https://cloud.google.com/chronicle/docs/detection/mitre-dashboard
GCP PSOE,Your security team has identified a critical malware incident where a compromised container image was deployed to several GKE clusters in your organization. You need to immediately prevent any further deployments of the malicious image while your team investigates. You want to use the most effective containment approach. What should you do?,Enable Binary Authorization continuous validation on all clusters and configure it to monitor for the malicious image digest.,Update the Binary Authorization policy's defaultAdmissionRule to ALWAYS_DENY and add only verified safe images to the admissionWhitelistPatterns.,Delete the compromised container image from Artifact Registry and revoke all attestations associated with that image digest.,"Cordon and drain the affected GKE nodes, then manually delete the Pods running the compromised image from all clusters.",2,"Updating the Binary Authorization policy to ALWAYS_DENY immediately blocks all container deployments that are not explicitly whitelisted. By adding only verified safe images to admissionWhitelistPatterns, you can contain the incident by ensuring no malicious images can be deployed while allowing business-critical operations to continue with known-good images. Reference: https://cloud.google.com/binary-authorization/docs/configure-policy-gke"
GCP PSOE,Your organization needs to implement continuous monitoring of Google Cloud resource configurations across multiple projects to detect unauthorized changes to firewall rules and IAM policies. You want to receive notifications in near real-time when these changes occur. What should you do?,"Create a Cloud Asset Inventory feed that specifies firewall and IAM policy asset types, and configure it to publish changes to a Pub/Sub topic.",Configure Cloud Logging export sinks to filter and route Admin Activity audit logs for firewall and IAM changes to Pub/Sub.,Enable Security Command Center and configure continuous exports to Pub/Sub with filters for firewall and IAM findings only.,Schedule a recurring Cloud Function that calls the Cloud Asset Inventory ListAssets API every minute and compares results against a baseline stored in Cloud Storage.,1,"Cloud Asset Inventory feeds allow you to receive real-time notifications about resource and policy changes by creating and subscribing to a feed. You can specify asset types such as firewall rules and IAM policies, and notifications are published to a Pub/Sub topic. This is the recommended approach for continuous monitoring. Reference: https://cloud.google.com/asset-inventory/docs/monitor-asset-changes"
GCP PSOE,You are configuring centralized log collection for threat detection across your Google Cloud organization. You need to route all Data Access audit logs from all projects to a single BigQuery dataset for security analytics and threat hunting. Which configuration approach should you use?,Create project-level sinks in each project with identical filters targeting a shared BigQuery dataset in the security project.,Configure the _Default sink at the organization level to route Data Access logs directly to BigQuery by modifying the sink filter.,Create an intercepting aggregated sink at the organization level with the filter LOG_ID('cloudaudit.googleapis.com/data_access') and route to a log bucket with a linked BigQuery dataset.,Create a non-intercepting aggregated sink at the organization level with the filter LOG_ID('cloudaudit.googleapis.com/data_access') and set the destination to a BigQuery dataset in a centralized security project.,4,Non-intercepting aggregated sinks route log entries from the organization and all child resources to a central destination while maintaining visibility in source projects. The LOG_ID filter correctly targets Data Access audit logs for centralized security analytics. Reference: https://cloud.google.com/logging/docs/export/aggregated_sinks
GCP PSOE,Your organization wants to automate the remediation of Security Command Center findings by triggering Cloud Functions when specific vulnerabilities are detected. You need to configure Security Command Center to send findings to a Pub/Sub topic that will trigger the Cloud Functions. What should you configure first?,Create an Event Threat Detection custom module that includes the remediation logic within the detector configuration.,Deploy a Cloud Function with an HTTP trigger and configure Security Command Center to call the function endpoint directly.,Create a NotificationConfig that specifies the Pub/Sub topic and a filter for the findings you want to export.,"Configure Security Command Center to write findings directly to Cloud Logging, then create a log-based alert that triggers Cloud Functions.",3,"Creating a NotificationConfig is the required first step to enable Security Command Center to publish findings to a Pub/Sub topic. The NotificationConfig defines which findings trigger notifications through a filter and specifies the destination Pub/Sub topic. Once notifications are published to Pub/Sub, Cloud Functions can be triggered by subscriptions to that topic to perform automated remediation. Reference: https://cloud.google.com/security-command-center/docs/how-to-notifications"
GCP PSOE,You are configuring Security Command Center Premium for your organization and want to ensure that Event Threat Detection can monitor Google Workspace activity to detect threats such as external members being added to privileged Google Groups. Which configuration is required to enable this capability?,Create a custom Event Threat Detection module to parse Google Workspace activity exported to Cloud Logging.,Enable Data Access audit logs in all projects and configure the Google Workspace connector in Security Command Center.,Activate Security Command Center at the project level and enable the Google Groups monitoring module in Event Threat Detection.,Activate Security Command Center at the organization level and share Google Workspace logs with Google Cloud.,4,"Event Threat Detection can only scan Google Workspace logs when Security Command Center is activated at the organization level. Google Workspace logs track user sign-ins and actions performed in the Google Workspace Admin Console. For Event Threat Detection to monitor these logs for threats like unsafe Google Groups changes, you must share the logs with Google Cloud and have organization-level SCC activation. Reference: https://cloud.google.com/security-command-center/docs/concepts-event-threat-detection-overview"
GCP PSOE,"You have configured a VPC Service Controls perimeter protecting Cloud Storage and BigQuery. Users inside the perimeter report that they cannot access some Google Cloud APIs from VM instances within the protected VPC network, even though those APIs are not restricted by the perimeter. You want to resolve this issue while maintaining security controls. What should you do?",Add the required APIs to the restricted services list in the perimeter configuration to enable VMs inside the perimeter to access them.,Disable the VPC Service Controls perimeter temporarily and configure firewall rules to control API access at the network level instead of using service perimeters.,Configure VPC accessible services in the perimeter to allow access to the required services by setting it to 'All restricted services' or adding specific services to the allowed list.,Create an egress rule that allows VMs within the perimeter to access the required APIs outside the perimeter boundary using service account identities.,3,"VPC accessible services controls which services can be accessed from network endpoints inside the perimeter. By default, if VPC accessible services is enabled, only explicitly allowed services can be accessed from within the perimeter. Reference: https://cloud.google.com/vpc-service-controls/docs/create-service-perimeters"
GCP PSOE,"Your security team stores threat intelligence indicators (malicious IPs, domains, file hashes) in a dedicated BigQuery table that is updated daily. You have routed Cloud Audit Logs and VPC Flow Logs to BigQuery using log sinks. You need to identify connections to known malicious IP addresses at scale with efficient query performance. Which approach should you use?",Use a BigQuery SQL JOIN operation between the logs table and the threat intelligence table on the IP address field to correlate events with known IOCs.,"Export the threat intelligence table to a CSV file, then use Cloud Logging query language to filter logs matching the IP addresses.",Configure Cloud IDS to perform real-time correlation between network traffic and the BigQuery threat intelligence table.,Create a separate BigQuery view for each malicious IP address and union them together to detect matches.,1,"BigQuery's JOIN capability allows efficient correlation of large log datasets with threat intelligence tables. BigQuery uses hash-based joins to process tables across multiple workers, enabling scalable correlation of logs with IOC data. This is the most direct and efficient approach for identifying matches between logs and threat indicators. Reference: https://cloud.google.com/bigquery/docs/reference/standard-sql/query-syntax"
GCP PSOE,Your security team needs to create custom Cloud Monitoring dashboards to visualize Security Command Center findings. A junior analyst will be responsible for building these dashboards using the Google Cloud console. What is the minimum predefined IAM role you should grant to the analyst on the project to enable them to create and modify custom dashboards?,Monitoring Admin (roles/monitoring.admin),Monitoring Viewer (roles/monitoring.viewer),Security Center Admin Viewer (roles/securitycenter.adminViewer),Monitoring Editor (roles/monitoring.editor),4,The Monitoring Editor role provides the permissions needed to create and modify custom dashboards in Cloud Monitoring. This role includes the necessary permissions for dashboard management while following the principle of least privilege. Reference: https://cloud.google.com/monitoring/charts/dashboards
GCP PSOE,"You are deploying a Cloud Function to automatically remediate Security Command Center findings by modifying IAM policies on affected resources. The function will be triggered by Pub/Sub messages from SCC notifications. Following the principle of least privilege, you need to configure the appropriate IAM permissions for the Cloud Function's service account. What should you do?",Configure the Cloud Function to impersonate a privileged service account only when needed using short-lived credentials and the Service Account Token Creator role.,Use the default Compute Engine service account with the Editor role since the function needs broad permissions to remediate various resource configurations.,Grant the Security Admin role to the Cloud Function's service account at the organization level to ensure it can remediate findings across all projects.,"Create a dedicated service account with only the specific IAM permissions required for the remediation actions, and configure the Cloud Function to use this service account at runtime.",4,"Following the principle of least privilege, you should create a dedicated service account with only the permissions necessary for the specific remediation tasks. Cloud Functions can be configured to use a custom service account instead of the default Compute Engine service account, which typically has overly broad Editor permissions. Reference: https://cloud.google.com/functions/docs/concepts/iam"
GCP PSOE,Your organization wants to export Cloud Audit Logs to BigQuery for long-term security analysis. The security team requires optimized query performance with lower costs when analysts filter by date ranges. You need to configure a Cloud Logging sink to BigQuery. What configuration should you use?,Configure the sink to use clustered tables in the BigQuery dataset.,Configure the sink to use partitioned tables in the BigQuery dataset.,Configure the sink to use date-sharded tables in the BigQuery dataset.,Configure the sink to export to a linked BigQuery dataset from a log bucket.,2,Partitioned tables allow BigQuery to scan only the partitions that match the filter and skip the remaining partitions. This process called pruning improves query performance and reduces costs when filtering by date ranges. Partitioned tables are recommended over date-sharded tables for better performance. Reference: https://cloud.google.com/logging/docs/export/bigquery
GCP PSOE,Your security operations team is using Community Security Analytics (CSA) queries with Log Analytics to detect threats in your Google Cloud environment. You need to identify potential defense evasion techniques where an attacker may have modified logging configurations to hide their activities. Which log source and filter combination should you query?,Enable VPC Flow Logs and query for outbound connections from Cloud Logging IP ranges to detect log exfiltration.,Query Data Access audit logs and filter on protoPayload.methodName='google.logging.v2.LoggingServiceV2.ListLogEntries' to detect unauthorized log reads.,Query Admin Activity audit logs and filter on protoPayload.serviceName='logging.googleapis.com' to detect changes to logging settings and log sinks.,Query System Event audit logs and filter on protoPayload.serviceName='monitoring.googleapis.com' to detect alerting policy changes.,3,"Admin Activity audit logs record all configuration changes including modifications to logging infrastructure. Filtering on the logging.googleapis.com service captures attempts to disable logging, delete log sinks, or modify log bucket configurations, which are common defense evasion techniques. Reference: https://cloud.google.com/logging/docs/audit-logging"
GCP PSOE,Your security team is investigating a potential data exfiltration incident in Google Security Operations (SecOps). An analyst needs to determine if a suspicious domain that was recently added to threat intelligence feeds was accessed by any assets in the last 90 days. What should the analyst do?,Configure a reference list with the suspicious domain and enable automated enrichment for all future events.,Export all raw logs from the past 90 days to BigQuery and run a SQL query to find domain matches.,Create a real-time detection rule and wait for it to trigger alerts if the domain is accessed again in the future.,Run a retrohunt using a YARA-L rule that matches events containing the suspicious domain against historical data.,4,"A retrohunt enables searching historical data using existing or new detection rules. This allows analysts to search for detections throughout existing data in Google SecOps, which is ideal for investigating if assets accessed a newly identified suspicious domain within a specified time range. Reference: https://cloud.google.com/chronicle/docs/detection/run-rule-historical-data"
GCP PSOE,"Your organization uses Security Command Center Enterprise tier and needs to prioritize vulnerability remediation based on risk. You notice that two vulnerability findings have the same severity level, but one exposes a database containing sensitive customer data. How should you use Security Command Center to prioritize these vulnerabilities?",Apply security marks to manually tag database-related vulnerability findings as higher priority.,Export both findings to Google Security Operations and use YARA-L rules to assign risk scores based on affected resource types.,Review the attack exposure scores assigned by the Risk Engine to compare how each vulnerability exposes your high-value resources to potential attack paths.,Create custom detection rules in Event Threat Detection to increase the severity of findings related to database resources.,3,"The Risk Engine calculates attack exposure scores by simulating what attackers could do if they discovered the vulnerabilities. Findings that expose high-value resources like databases with sensitive data will have higher attack exposure scores, allowing you to prioritize remediation based on actual risk exposure rather than just severity. Reference: https://cloud.google.com/security-command-center/docs/attack-exposure-learn"
GCP PSOE,"Observability""Your organization needs to track the number of IAM policy changes across your Google Cloud environment over time to identify anomalous spikes that could indicate privilege escalation attempts. You decide to create a log-based metric to support this requirement. Which metric type and configuration should you use?",Create a distribution-type log-based metric with a filter for SetIamPolicy calls and extract the number of bindings changed as the metric value.,Create a distribution-type log-based metric with a filter for all IAM-related audit logs and configure histogram buckets for response time analysis.,Create a counter-type log-based metric with a filter for protoPayload.methodName='SetIamPolicy' and add a label that extracts the full timestamp from each log entry.,Create a counter-type log-based metric with a filter for protoPayload.methodName='SetIamPolicy' and add a label to extract the principal email from the log entries.,4,"Counter metrics count the number of log entries matching a filter, which is appropriate for tracking IAM policy change frequency. Adding a label for the principal email allows you to filter and analyze time series by user, supporting detection of anomalous activity patterns from specific principals. Reference: https://cloud.google.com/logging/docs/logs-based-metrics/counter-metrics"
GCP PSOE,"Your organization wants to establish a baseline of normal administrative behavior using Cloud Identity audit logs. A security engineer asks you which specific log types in Cloud Identity should be collected to track user authentication events, administrative actions in the Google Admin Console, and group membership changes. Which three Cloud Identity audit log types should you prioritize for this baseline?","OAuth Token audit logs, SAML audit logs, and Admin audit logs","Data Access audit logs, Admin Activity audit logs, and Policy Denied audit logs","Login audit logs, Admin audit logs, and Groups audit logs","Access Transparency logs, Admin audit logs, and Login audit logs",3,"Login audit logs track user sign-in events including suspicious logins from unfamiliar IP addresses, Admin audit logs record actions performed in the Google Admin Console such as when administrators add users or change settings, and Groups audit logs track changes to group settings and group memberships which directly affect IAM permissioning in Google Cloud. Reference: https://cloud.google.com/blog/products/identity-security/logs-based-security-alerting-in-google-cloud"
GCP PSOE,"Your security operations team wants to automate threat hunting when new threat intelligence is published to an external IOC feed. The system must receive IOC updates, parse them, and automatically search across historical logs in Google Security Operations (SecOps) within minutes of receiving new indicators. You need to design a solution using Google Cloud services that minimizes operational overhead and scales automatically. What should you do?",Configure Event Threat Detection custom detectors in Security Command Center to monitor for IOC feed updates and automatically trigger Cloud Functions for threat hunting.,Deploy a Compute Engine VM running a Python script that continuously monitors the IOC feed and pushes new indicators to the SecOps detection engine through direct database writes.,"Configure a Pub/Sub topic to receive IOC updates, create a Cloud Function with a Pub/Sub trigger that parses the IOC data, and calls the Google SecOps API to initiate retrohunts against the new indicators.","Configure Cloud Scheduler to periodically call a Cloud Function that polls the external IOC feed, downloads all indicators, and stores them in BigQuery for manual analysis by threat hunters.",3,"This approach provides an event-driven architecture where IOC updates trigger automated processing. Cloud Functions scale automatically and Pub/Sub provides reliable message delivery for security telemetry, while the SecOps API enables programmatic retrohunt execution. Reference: https://cloud.google.com/functions/docs/calling/pubsub"
GCP PSOE,Your organization uses Security Command Center Premium at the organization level. A security engineer created an Event Threat Detection custom module at the organization level to detect connections to malicious IP addresses from your threat intelligence feed. A project team needs to disable this custom module for their specific project without affecting other projects. What happens when the project team disables the inherited custom module at the project level?,The project team cannot disable the custom module because organization-level modules are enforced on all child resources.,The custom module must be cloned to the project level before it can be modified or disabled for that project.,The custom module is disabled across the entire organization because inherited modules cannot be selectively modified.,"The custom module is disabled only for the specific project, while remaining enabled for all other projects and folders in the organization.",4,"When you enable or disable an inherited custom module, your changes apply only to your current resource level. The original custom module residing at the parent level is not affected. This allows granular control over detection policies at different levels of the resource hierarchy. Reference: https://cloud.google.com/security-command-center/docs/use-custom-modules-etd"
GCP PSOE,"Your security team has deployed Container Threat Detection on multiple GKE clusters running container workloads. After reviewing findings, you notice that the file monitoring detectors are not generating any alerts for access to sensitive system files. What is the most likely cause and solution?",The file monitoring detectors are disabled by default and must be explicitly enabled in the Container Threat Detection modules settings.,"The clusters are using Ubuntu-based node images, which do not support Container Threat Detection file monitoring.","The GKE clusters are running GKE Sandbox, which is required for file monitoring detection capabilities to function.",The containerthreatdetection API was manually disabled which prevents all Container Threat Detection functionality including file monitoring.,1,Container Threat Detection's file monitoring detectors are disabled by default to avoid performance impacts on workloads with significant file I/O. These detectors must be manually enabled through the Modules page in Security Command Center settings. Reference: https://cloud.google.com/security-command-center/docs/concepts-container-threat-detection-overview
GCP PSOE,You are investigating a suspected data breach where sensitive customer data may have been exfiltrated from Cloud Storage. Your organization uses Sensitive Data Protection (Cloud DLP) to classify data and has integrated it with Security Command Center. You want to prioritize your investigation based on which Cloud Storage buckets contain the most sensitive data. What should you do?,Query Security Command Center for Data sensitivity findings generated by Sensitive Data Protection data profiles to identify high-sensitivity buckets.,Configure VPC Service Controls alerts to identify which buckets had perimeter violations during the investigation timeframe.,Run ad-hoc DLP inspection jobs on all Cloud Storage buckets to generate new sensitivity classifications during the active incident.,Export all Cloud Logging data access logs to BigQuery and manually analyze which buckets have the most read operations.,1,Sensitive Data Protection publishes Data sensitivity findings to Security Command Center that indicate the sensitivity level of data in storage resources. These findings help prioritize investigation by showing which buckets contain PII or other sensitive elements that require immediate attention during a breach investigation. Reference: https://cloud.google.com/dlp/docs/send-profiles-to-scc
GCP PSOE,"You are building a SOAR playbook to automate the incident response workflow when Security Command Center detects a Discovery: Service Account Self-Investigation finding. The playbook must collect evidence, contain the threat, and preserve the audit trail. What sequence of actions should the playbook execute?","First disable the service account to stop further API access, then export Cloud Audit Logs for the service account to a forensic bucket with a locked retention policy, and finally notify the incident response team with finding details.","First revoke all IAM role bindings for the service account across all projects, then capture a VM snapshot of any compute instances using the account, and finally store the bindings list in a forensic bucket.","First notify the incident response team with finding details, then rotate the service account key, and finally enable Cloud Audit Logging for the affected project.","First export Cloud Audit Logs to a forensic bucket, then delete the service account to prevent further access, and finally create a new service account with the same name to restore services.",1,"Disabling the service account is the immediate containment action that stops all API access. Exporting Cloud Audit Logs to a forensic bucket with a locked retention policy preserves the complete audit trail in an immutable state for investigation. Notifying the team last ensures all automated preservation steps are complete before human intervention begins. This sequence prioritizes containment, then evidence preservation, then notification. Reference: https://cloud.google.com/iam/docs/service-accounts-disable-enable and https://cloud.google.com/storage/docs/bucket-lock"
GCP PSOE,Your organization wants to centrally collect audit logs from all projects within a folder hierarchy and route them to a Cloud Storage bucket for long-term retention. You need to ensure that logs continue to be stored locally in each project's _Default bucket while also being sent to the central Cloud Storage bucket. Which sink configuration should you use?,Create an intercepting aggregated sink at the folder level with the --include-children flag to route logs to the Cloud Storage bucket.,Create individual project-level sinks in each project pointing to the central Cloud Storage bucket with identical filters.,Create a non-intercepting aggregated sink at the folder level with the --include-children flag to route logs to the Cloud Storage bucket.,Create a sink at the organization level without the --include-children flag and configure each project to inherit the sink configuration.,3,"A non-intercepting aggregated sink does not affect how log entries are routed to other sinks, including the _Default sink in each project. This ensures logs are both routed to the central Cloud Storage bucket and continue to be stored in each project's local log buckets. Reference: https://cloud.google.com/logging/docs/export/aggregated_sinks"
GCP PSOE,"You are configuring an Event Threat Detection custom module to detect connections to known malicious domains discovered by your security research team. You have created the JSON template with the domain list and custom remediation guidance. Before deploying to production, you want to verify the module's configuration and understand the operational constraints. Which two statements about Event Threat Detection custom modules are correct?",Custom modules have a size limit of 10 MB per module and can process logs from any external source configured in Cloud Logging.,Custom modules run alongside built-in detectors in real-time mode and have a default quota limit of 200 modules per organization.,Custom modules can override the behavior of built-in detectors and disable default threat intelligence sources to reduce false positives.,Security Command Center automatically provides remediation recommendations for all custom module findings based on the threat category.,2,"Event Threat Detection custom modules run alongside built-in detectors, enabled modules run in real-time mode that triggers scans whenever new logs are created, and the default quota limit for custom modules is 200. Reference: https://cloud.google.com/security-command-center/docs/custom-modules-etd-overview"
GCP PSOE,"Your security operations team needs to use Sensitive Data Protection data profiles to enrich asset context in Google Security Operations (SecOps). You want to ensure that when a security alert involves a BigQuery table, analysts can quickly understand the data sensitivity classification. What is the recommended approach to achieve this integration?",Use the DLP API's content.inspect method within a SOAR playbook to scan data assets in real-time whenever a security alert is triggered.,"Enable the integration between Sensitive Data Protection discovery service and Security Command Center, then configure SCC findings to flow into Google SecOps for correlation with alerts.",Export DLP data profiles to a separate BigQuery dataset and configure Google SecOps to query this dataset for real-time data sensitivity lookups during alert processing.,Configure Pub/Sub notifications from DLP discovery scans to trigger Cloud Functions that update custom labels on BigQuery tables for SecOps entity enrichment.,2,"Sensitive Data Protection has direct integration with Security Command Center, where data sensitivity and data risk findings are surfaced. Security Command Center Enterprise integrates with Google SecOps, allowing these DLP findings to be correlated with security alerts, enriching the asset context for analysts during investigations. Reference: https://cloud.google.com/blog/products/identity-security/dlp-sensitive-data-intelligence-now-available-in-scc"
GCP PSOE,Your organization needs to track the count of failed authentication attempts across your Google Cloud environment for security monitoring purposes. You want to visualize trends over time in Cloud Monitoring dashboards and create alerting policies when the count exceeds a threshold. You need to determine the appropriate log-based metric type. Which metric type should you use?,Distribution-type log-based metric with a filter matching failed authentication log entries.,Boolean-type log-based metric with a filter matching failed authentication log entries.,Counter-type log-based metric with a filter matching failed authentication log entries.,System-defined log-based metric for authentication failures with custom labels added.,3,"Counter metrics count the number of log entries that match a specified filter within a specific period. They are designed for tracking how many times a value or string appears in logs, making them ideal for counting security events like failed authentication attempts. Reference: https://cloud.google.com/logging/docs/logs-based-metrics/counter-metrics"
GCP PSOE,A developer needs to run Terraform code to provision Google Cloud resources in a production project. The developer's user account does not have direct permissions to create resources. Your security team requires that no service account keys be used and all actions are traceable to the individual developer. You need to configure the least privileged access. What should you do?,Grant the developer the Service Account User role on a dedicated service account and configure Terraform to authenticate using the attached service account.,Grant the developer the Editor role at the project level to provide the necessary permissions for provisioning resources directly.,Create a service account key for the dedicated service account and distribute it securely to the developer using Secret Manager.,"Grant the developer the Service Account Token Creator role on a dedicated service account, and configure Terraform to use impersonation with the --impersonate-service-account flag.",4,Granting Service Account Token Creator allows the developer to impersonate the service account without creating service account keys. All actions are logged with the developer's identity in Cloud Audit Logs through the serviceAccountDelegationInfo section. Reference: https://cloud.google.com/iam/docs/service-account-impersonation
GCP PSOE,"Your organization is using Google Security Operations (SecOps) with Applied Threat Intelligence (ATI). You notice that your analysts are overwhelmed with IOC match alerts. You want to configure detection rules that prioritize alerts based on indicators that Mandiant has observed in active breach investigations, where the Google Threat Intelligence verdict is malicious and severity is high. Which ATI priority model should you enable?",Enable the Active Breach priority model in the ATI Curated Prioritization rule pack.,Enable the Inbound IP address authentication model in the ATI Curated Prioritization rule pack.,Enable the Medium priority model in the ATI Curated Prioritization rule pack.,Enable the High priority model in the ATI Curated Prioritization rule pack.,1,"The Active Breach model specifically prioritizes indicators that Mandiant observed in active or past compromises where the GTI Verdict is Malicious and GTI Severity is High. This model uses features including GTI Verdict, GTI Severity, Active IR, Prevalence, and Attribution to identify the highest priority threats. Reference: https://cloud.google.com/chronicle/docs/detection/ati-prioritization"
GCP PSOE,"Detection engineering""Your organization recently received a new threat intelligence report containing IOCs for a previously unknown campaign. You have already created a YARA-L detection rule for these IOCs and want to search for any historical matches in your Google Security Operations (SecOps) data from the past 30 days. What should you do?",Convert the YARA-L rule to a UDM search query and manually search for matching events using the Search feature with a 30-day time range selected.,Export the past 30 days of UDM events to BigQuery and run the YARA-L rule as a scheduled query against the exported dataset for historical analysis.,Run a retrohunt on the YARA-L rule with a time range covering the past 30 days to search for detections throughout existing data in Google SecOps.,Enable the rule in live mode and wait for the detection engine to automatically backfill detections from the past 30 days during its scheduled processing cycles.,3,Retrohunt in Google SecOps allows you to run a detection rule against historical data to find matches that occurred before the rule was created. This is the intended method for searching existing data with new detection logic. Reference: https://cloud.google.com/chronicle/docs/detection/run-rule-historical-data
GCP PSOE,Your organization requires monitoring of a security service API endpoint that is only accessible from within your private VPC network. The endpoint responds to HTTPS requests on port 443. You need to configure uptime monitoring to detect availability issues. What should you do?,Create a synthetic monitor using a Cloud Run function deployed in your VPC with Serverless VPC Access to reach the internal endpoint.,Create a private uptime check using Service Directory with a servicedirectory_service monitored resource type targeting the internal IP address.,Configure a public uptime check with HTTPS protocol and add a VPN connection from Google's uptime check servers to your VPC.,Create a public uptime check using the Internal IP resource type and configure firewall rules to allow traffic from uptime check servers.,2,"Private uptime checks use Service Directory to monitor internal IP addresses within VPC networks. The servicedirectory_service resource type is required for private uptime checks, and it allows monitoring of resources that are not publicly accessible. Reference: https://cloud.google.com/monitoring/uptime-checks/private-checks"
GCP PSOE,"Platform operations""You are configuring Identity-Aware Proxy (IAP) for multiple web applications in your organization. Different applications require different access levels - some need only IP-based restrictions while others require device posture verification. When multiple access levels are applied to a single IAP-secured resource, how does IAP evaluate them for a user request?","When multiple access levels are applied to a resource, IAP evaluates them using AND logic - the user must satisfy all applied access levels to gain access.","IAP prioritizes access levels by creation date and evaluates only the most recently created access level, ignoring older ones.",IAP evaluates access levels in alphabetical order and grants access based on the first matching access level encountered.,"When multiple access levels are applied to a resource, IAP evaluates them using OR logic - the user is granted access if they satisfy at least one of the applied access levels.",4,"When you apply multiple access levels to a single IAP-secured resource, IAP uses logical OR evaluation. This means users are granted access when they meet the conditions specified in at least one of the selected access levels. This behavior allows administrators to define different acceptable contexts for access. Reference: https://cloud.google.com/beyondcorp-enterprise/docs/access-levels"
GCP PSOE,"Your organization receives hundreds of Security Command Center findings daily, but only critical and high-severity findings require immediate automated notification. You need to configure a notification workflow that sends only these findings to a Slack channel using Cloud Functions. What is the most efficient approach?","Create a NotificationConfig that exports all findings to Pub/Sub, and implement severity filtering logic within the Cloud Function to process only critical and high findings.",Create a NotificationConfig with a filter expression that specifies severity = 'CRITICAL' OR severity = 'HIGH' and state = 'ACTIVE' to export only matching findings to a Pub/Sub topic that triggers the Cloud Function.,Configure Security Command Center to send findings directly to the Slack API endpoint using the built-in webhook integration without requiring Cloud Functions.,"Create two separate NotificationConfigs with different filters for CRITICAL and HIGH severity findings, each publishing to separate Pub/Sub topics with dedicated Cloud Functions.",2,"NotificationConfig supports filter expressions that limit which findings are published to the Pub/Sub topic. By filtering at the source, only relevant findings trigger the Cloud Function, reducing unnecessary function invocations and processing overhead. Reference: https://cloud.google.com/security-command-center/docs/how-to-api-filter-notifications"
GCP PSOE,"Your security team is using Security Command Center Enterprise to manage posture findings. They want to integrate with ServiceNow for ticket management so that remediation tasks are tracked in their existing workflow system. After integrating ServiceNow, how does Security Command Center Enterprise handle the relationship between cases and tickets?",Security Command Center requires manual ticket creation through playbook actions after each case is generated by the connector.,Security Command Center creates one ticket for each case and automatically synchronizes case content and updates with the corresponding ticket.,Security Command Center exports finding data to ServiceNow on a scheduled batch basis without real-time synchronization.,"Security Command Center creates one ticket for each individual finding, with separate tickets linked to a parent case ticket.",2,"When you integrate with a ticketing system, Security Command Center creates a new ticket every time it creates a new case for findings. A single case can contain multiple findings, but one ticket is created per case. Security Command Center automatically updates the related ticket whenever a case is updated, synchronizing case content and information with the corresponding ticket. Reference: https://cloud.google.com/security-command-center/docs/integrate-ticketing-systems"
GCP PSOE,Your security team has developed a common workflow for communicating with clients during incident investigations. This workflow is used across multiple playbooks for different alert types. You want to implement this workflow efficiently so that any updates to the workflow automatically apply to all playbooks that use it. What should you do?,Duplicate the communication workflow steps in each playbook and use version control to track changes across all playbooks.,Create a separate standalone playbook for client communication and manually trigger it from each parent playbook using a webhook action.,Create a reusable playbook block with input parameters and insert it into parent playbooks that require the client communication workflow.,Create a custom integration that implements the communication workflow and call it as an action from each playbook.,3,"Playbook blocks are reusable mini-playbooks that let you implement common workflows across multiple playbooks. Any edit or change to a block automatically affects all playbooks that incorporate it, and input parameters make blocks flexible and adaptable. Reference: https://cloud.google.com/chronicle/docs/soar/respond/working-with-playbooks/working-with-playbook-blocks"
GCP PSOE,Your organization needs to retrieve asset metadata that includes relationships between Compute Engine instances and their associated disks using Cloud Asset Inventory. The organization currently has only Security Command Center Standard tier. What is required to enable this capability?,Upgrade to Security Command Center Premium or Enterprise tier to enable the RELATIONSHIP content type in Cloud Asset Inventory.,Use the gcloud scc assets list command to retrieve instance and disk relationship metadata from Security Command Center directly.,Configure a Cloud Asset Inventory feed with the RESOURCE content type and export to BigQuery to analyze disk relationships.,Enable the Cloud Asset Inventory API and use the IAM_POLICY content type to view disk associations for each VM instance.,1,"Relationship types in Cloud Asset Inventory require access to Security Command Center Premium or Enterprise tier, or Gemini Cloud Assist. Without this tier, you cannot retrieve asset relationship metadata such as COMPUTE_INSTANCE_USE_DISK. Reference: https://cloud.google.com/asset-inventory/docs/relationship-types"
GCP PSOE,Your organization activated Security Command Center Premium at the organization level and wants to monitor Google Workspace for potential account compromise and unauthorized access. What is required to enable Event Threat Detection to scan Google Workspace logs?,Create a custom module that uses the Unexpected OAuth Token Access template to detect suspicious Google Workspace authentication events.,Enable the Google Workspace Event Threat Detection module in Security Command Center settings and provide your Google Workspace admin credentials.,Activate Security Command Center Premium at the project level for each project that needs Google Workspace threat detection capabilities.,Share your Google Workspace logs with Google Cloud by configuring Google Workspace to export logs to Cloud Logging at the organization level.,4,Event Threat Detection can monitor Google Workspace logging streams only when Security Command Center is activated at the organization level AND Google Workspace logs are shared with Google Cloud. Google Workspace logs track user sign-ins and Admin Console actions. Reference: https://cloud.google.com/security-command-center/docs/concepts-event-threat-detection-overview
GCP PSOE,"Your security team notices that some log entries exported via a Cloud Logging sink are missing from the BigQuery destination tables. Upon investigation, you find an 'export_errors' table in the dataset. You need to identify the cause of this issue. What is the most likely reason?",A schema mismatch occurred when log entries had different field types than the existing table schema.,The sink filter was modified to exclude certain log types after the initial configuration.,The BigQuery streaming insert quota was exceeded for the destination table.,The destination dataset region does not match the Cloud Logging sink region.,1,"When BigQuery identifies a schema mismatch, it creates an error table (export_errors for partitioned tables or export_errors_YYYYMMDD for date-sharded tables) to store the error information. Schema mismatches occur when a later log entry changes the field type for an existing field, such as when a field is an integer in one entry but a string in another. Reference: https://cloud.google.com/logging/docs/export/bigquery"
GCP PSOE,You are configuring uptime checks for multiple security services across your organization. You need to grant a team member permission to create and modify uptime checks and alerting policies using the Google Cloud console. Which IAM role should you assign?,roles/monitoring.viewer,roles/monitoring.admin,roles/monitoring.notificationChannelEditor,roles/monitoring.editor,4,"The Monitoring Editor role grants permissions to create, update, and delete uptime checks and alerting policies. This role provides the necessary access to configure monitoring resources through the Google Cloud console without granting broader administrative permissions. Reference: https://cloud.google.com/monitoring/alerts/using-alerting-ui"
GCP PSOE,"During incident response, your team needs to isolate a group of GKE nodes that have been compromised by malware. The nodes are running critical workloads and you cannot immediately terminate them. You want to use IAM-governed tags to apply containment firewall rules without impacting legitimate workloads on other nodes. What is the correct sequence of actions?","Update the GKE node pool configuration to add custom network tags, then create a hierarchical firewall policy rule that blocks traffic to tagged instances.",Create a VPC Service Controls perimeter around the compromised nodes' project and configure ingress/egress rules to deny all traffic.,"Create a network firewall policy with deny rules targeting a specific secure tag value, bind the secure tag to the compromised nodes, then associate the policy with the VPC network.","Add a network tag to the compromised nodes, create a VPC firewall deny rule targeting that network tag, then remove compute.instances.setTags permission from node pool service accounts.",3,"IAM-governed secure tags provide controlled access through IAM permissions, preventing unauthorized users from removing containment tags from VMs. Network firewall policies with secure tags can be quickly applied to specific nodes without affecting other workloads. Binding tags to nodes applies immediately and triggers the firewall policy enforcement. Reference: https://cloud.google.com/firewall/docs/tags-firewalls-overview"
GCP PSOE,Your organization has recently activated Security Command Center Enterprise and wants to automate case creation from Security Health Analytics misconfiguration findings. You need to configure the ingestion connector so that posture findings are automatically converted into cases for your security analysts to triage. Which connector should you configure in the Security Operations console to enable automated case creation from posture findings?,Security Command Center API Polling Connector,SCC Enterprise – Threat Detection Connector,Google Chronicle – Chronicle Alerts Connector,SCC Enterprise – Urgent Posture Findings Connector,4,"The SCC Enterprise – Urgent Posture Findings Connector is specifically designed to ingest Security Command Center posture findings, analyze them, and automatically group them into new or existing cases based on finding type. This connector is the primary mechanism for automated case creation from Security Health Analytics and other posture-related findings. Reference: https://cloud.google.com/security-command-center/docs/integrate-ticketing-systems"
GCP PSOE,"Threat hunting""You are configuring the integration between Security Command Center (SCC) and Google Security Operations (Chronicle) for a threat hunting use case. Your goal is to correlate SCC toxic combination findings with threat intelligence to identify scenarios where exploitable attack paths align with known threat actor activity. Which approach best accomplishes this objective?","Ingest SCC toxic combination findings into Chronicle, then create composite detection rules that correlate toxic combination data with Applied Threat Intelligence IOC matches on the same resources.",Export SCC toxic combination findings to BigQuery and join them with Chronicle IOC match data exported to the same BigQuery dataset.,Configure SCC's Risk Engine to incorporate Google Threat Intelligence feeds directly into attack path simulations and adjust toxic combination scores accordingly.,Enable Event Threat Detection to monitor for threat activity on resources identified in toxic combination findings and configure alerts based on severity overlap.,1,"Chronicle's composite detection lets you interconnect rules so that the output of one rule acts as input for another. By correlating SCC toxic combination findings (which identify attack paths to high-value resources) with ATI IOC matches, you can identify scenarios where known threat actor activity aligns with exploitable paths in your environment. This provides proactive threat hunting by combining posture risk with active threat intelligence. Reference: https://cloud.google.com/chronicle/docs/detection/composite-rules and https://cloud.google.com/chronicle/docs/detection/applied-threat-intel-overview"
GCP PSOE,"Your SOC uses Google Security Operations (SecOps) SOAR for incident response. You need to ensure that all case activity, including automated playbook actions, manual analyst activities, and collaboration messages, is captured in a single searchable location for audit and compliance purposes. Where should analysts access this information?","The Cloud Audit Logs in the Google Cloud console, which captures all API calls and administrative actions across the SOAR platform.","The SOAR Dashboards page, which aggregates all case metrics and analyst performance data in real-time visualizations.","The SIEM Search page, which indexes all case-related activity alongside security event data for correlation.","The Case Wall within each case, which automatically documents all playbook action results, manual actions, and collaboration content.",4,"The Case Wall is the auto-documenting feature that captures all SOC activity including automated actions, manual activities, chats, tasks, and uploaded files in a single, searchable, and auditable repository within each case. Reference: https://cloud.google.com/security/products/security-operations"
GCP PSOE,Your security operations team is using Google Security Operations (SecOps) and wants to identify any assets that have communicated with IP addresses matching known threat indicators from Mandiant threat intelligence. Your organization has Applied Threat Intelligence (ATI) enabled with an Enterprise Plus license. How should you view and prioritize these matches?,Use UDM Search to query for all network connections and manually cross-reference results with exported Mandiant threat intelligence feeds.,"Navigate to the IoC Matches page and filter by Sources to show only Mandiant indicators, then prioritize based on GCTI Priority labels such as Active IR or High.",Create a custom YARA-L rule to detect connections to Mandiant threat indicators and enable alerting on all matches regardless of confidence score.,Configure a SOAR playbook to export all network logs daily and send them to Mandiant's API for external threat matching analysis.,2,"The IoC Matches page displays all indicators of compromise matched in your data against threat intelligence feeds. With ATI enabled, you can filter by Sources to view Mandiant IoCs and use GCTI Priority labels to prioritize investigation of the most critical matches. Reference: https://cloud.google.com/chronicle/docs/detection/ati-view-ioc-page"
GCP PSOE,Your security team receives too many alerts from the Applied Threat Intelligence (ATI) curated detection rules in Google Security Operations (SecOps). Many alerts are from Medium priority indicators that are not immediately actionable. You need to reduce alert volume while maintaining coverage for critical threats. What should you do?,Configure rule exclusions for all IP addresses that match RFC 1918 internal ranges to automatically exclude internal traffic from ATI matching.,Increase the GTI score threshold to 95 in the ATI configuration settings to filter out low-confidence indicators before they generate alerts.,Keep the ATI Medium priority rule packs in non-alerting mode while keeping High and Active Breach rule packs with alerting enabled.,Disable all ATI curated detection rule packs and create custom YARA-L rules that only match on indicators with GTI verdict of Malicious and High severity.,3,Google recommends keeping ATI medium rule packs in non-alerting mode due to the potential volume of Medium priority indicators. High and Active Breach priority rule packs should remain in alerting mode to maintain coverage for critical threats. Reference: https://cloud.google.com/chronicle/docs/detection/ati-prioritization
GCP PSOE,"You are investigating a potential breach in Google Security Operations (SecOps) and discovered a suspicious domain in your network traffic. You want to leverage VirusTotal to understand the relationships between this domain and potentially malicious infrastructure, including visualizing connections to related IPs, file hashes, and other domains. What should you do?",Use the Enrich Entities action in a SOAR playbook to automatically generate a relationship graph for the domain.,Navigate to the IOC matches page and use the Associations tab to view the VirusTotal relationship graph for the domain.,Query the entity graph in Google SecOps using UDM search to retrieve all related indicators connected to the domain.,"Open the Domain view in Google SecOps, navigate to the Graph tab, and launch VirusTotal Graph using your VirusTotal Enterprise credentials.",4,"VirusTotal Graph within Google SecOps analyzes the relationship between files, URLs, domains, IP addresses, and other items. It helps illustrate the interconnections between potentially malicious domains and assets within your enterprise. To use VirusTotal Graph, you must have a VirusTotal Enterprise account and can launch it from the Graph tab in Domain view, IP address view, or Hash view. Reference: https://cloud.google.com/chronicle/docs/investigation/view-virustotal-information"
GCP PSOE,"Data management""You have configured a Cloud Logging sink to export security logs to a BigQuery dataset. After several months of operation, your security team reports that some recent log entries are appearing in a table named export_errors instead of the expected log table. You need to identify the root cause and prevent this issue from recurring. What is the most likely cause of this issue?","The BigQuery dataset has exceeded its storage quota, causing new log entries to be redirected to an overflow error table for later processing.","A log entry contained a field with a data type that conflicts with an existing column in the BigQuery table schema, causing a schema mismatch error.","The log entries have timestamps that are too old for real-time streaming insertion, causing BigQuery to reject them and store them in an error table.","The sink's service account permissions have expired, causing authentication failures that result in log entries being written to an error table.",2,"When BigQuery identifies a schema mismatch, such as a field type change for an existing field, it creates an export_errors table to store the problematic log entries. The first log entry determines the schema, and subsequent entries with conflicting field types cause mismatches. Reference: https://cloud.google.com/logging/docs/export/bigquery"
GCP PSOE,A security analyst reviews Web Security Scanner findings in Security Command Center and discovers multiple XSS (cross-site scripting) vulnerabilities in a production web application. The analyst needs to verify the findings before escalating to the development team. How should the analyst verify the XSS vulnerability findings?,Check the finding's JSON definition for the externalUri field and manually inspect the page source code.,"Follow the Reproduction URL provided in the finding details, which produces an empty popup in the browser when the vulnerability is confirmed.",Run a manual penetration test using external tools like OWASP ZAP to independently verify the vulnerability exists.,Review the Cloud Audit Logs for the affected application to confirm exploitation attempts have occurred.,2,"Web Security Scanner provides a Reproduction URL for XSS findings that, when followed, produces an empty popup in the browser to confirm the scan successfully injected benign code into a script. This is the recommended verification method documented by Google. Reference: https://cloud.google.com/security-command-center/docs/how-to-remediate-web-security-scanner-findings"
GCP PSOE,Your organization uses Security Command Center Premium tier at the organization level. You need to implement real-time alerting so your security operations team receives immediate email notifications when Event Threat Detection identifies high or critical severity threats. What should you do?,"Create a BigQuery dataset for continuous export of ETD findings, then use Data Studio to create an email alert dashboard that sends notifications hourly.",Configure Event Threat Detection to send email notifications directly to your security team by updating the service settings in the Security Command Center console.,"Configure a continuous export to Pub/Sub with a filter for high and critical severity ETD findings, then deploy a Cloud Run function to send email notifications via SendGrid or a similar service.",Enable Cloud Logging for Event Threat Detection and configure a log-based alert to send notifications when high or critical findings appear.,3,"Continuous exports to Pub/Sub provide near real-time notification of findings that match specified filters. By combining this with a Cloud Run function, you can transform findings into email notifications. This architecture enables automated alerting workflows for security operations. Reference: https://cloud.google.com/security-command-center/docs/how-to-enable-real-time-notifications"
GCP PSOE,You are configuring VPC Service Controls for a Google Cloud environment. Your organization requires that VMs inside the perimeter can only access the specific Google Cloud services that are protected by the perimeter and no other services. How should you configure this restriction?,Enable VPC accessible services for the perimeter and set it to 'All restricted services' to allow only the services protected in the perimeter.,Configure the restricted.googleapis.com VIP as the only DNS endpoint for Google APIs from within the VPC network.,Configure firewall rules on the VPC network to block outbound traffic to Google API IP ranges except for the protected services.,Add egress rules that explicitly deny access to all services not listed in the restricted services configuration.,1,"The VPC accessible services feature limits the set of services accessible from network endpoints inside your service perimeter. Setting it to 'All restricted services' ensures that VMs inside can only access the services you have protected in the perimeter, preventing access to other Google Cloud services. Reference: https://cloud.google.com/vpc-service-controls/docs/create-service-perimeters"
GCP PSOE,You are building a Google Security Operations (SecOps) SOAR playbook for handling phishing incidents that requires manager approval before quarantining an endpoint. The IT manager who must approve the action does not have access to the Google SecOps platform. You need to configure the playbook to enable this external approval workflow. What should you do?,Create a custom integration that polls an external ticketing system for approval status before executing the quarantine action.,"Configure the quarantine action as Manual, enable the Approval link toggle, and add a preceding Send Email action that includes the Approve and Decline link placeholders.",Configure the quarantine action as Automatic and create a separate manual approval step that assigns the action to a SOC role for proxy approval.,Configure the quarantine action as Automatic and add a Time to respond deadline that auto-approves if no response is received.,2,"Approval links allow you to send manual actions waiting for user input (pending actions) to users outside of the platform. By enabling the Approval link toggle and including the generated placeholders in an email, external users can approve or decline actions without platform access. Reference: https://cloud.google.com/chronicle/docs/soar/respond/working-with-playbooks/assign-approval-links-in-actions"
GCP PSOE,"Your organization needs to implement Event Threat Detection custom modules to detect connections to a large set of malicious IP addresses from your threat intelligence platform. The threat feed contains over 100,000 IP addresses and is updated weekly. What constraint should you consider when planning this implementation?",Event Threat Detection custom modules can only process static configurations and do not support automated updates from external threat feeds.,"Each Event Threat Detection custom module has a size limit of 6 MB, so you may need to split the IP addresses across multiple custom modules.","Custom modules only support CIDR notation and cannot accept individual IP addresses, so all 100,000 IPs must be aggregated into CIDR blocks.","Event Threat Detection custom modules have a hard limit of 1,000 indicators per module that cannot be increased through quota requests.",2,"Each Event Threat Detection custom module has a maximum size limit of 6 MB. With a large number of IP addresses, the JSON template may exceed this limit, requiring the IOCs to be distributed across multiple custom modules. Additionally, there is a default quota of 200 custom modules per organization. Reference: https://cloud.google.com/security-command-center/docs/custom-modules-etd-overview"
GCP PSOE,Your security team has detected a potentially compromised container image running in your GKE production cluster. The image was deployed using Binary Authorization with a 'Disallow all images' default policy. You need to deploy a critical security patch immediately while ensuring the incident is properly logged for forensic analysis. What should you do?,Add the patched container image to the admissionWhitelistPatterns in the Binary Authorization policy and deploy immediately.,"Create a new attestor and manually sign the patched image, then wait for the attestation to propagate before deploying the container.","Disable Binary Authorization enforcement on the cluster, deploy the patched container, then re-enable enforcement after deployment completes.","Add the 'image-policy.k8s.io/break-glass: true' label to the Pod specification and deploy the patched container, then query Cloud Audit Logs for breakglass events.",4,"The breakglass label allows you to override Binary Authorization policy enforcement in emergency situations. When images are deployed with breakglass, Binary Authorization logs breakglass events in Cloud Audit Logs, providing a documented audit trail for incident response and forensic analysis. Reference: https://cloud.google.com/binary-authorization/docs/using-breakglass"
GCP PSOE,Your organization has enabled Security Command Center Premium tier at the organization level. The security team reports that the OPEN_FIREWALL detector is generating many findings for firewall rules that are intentionally configured to allow traffic on specific ports for internal testing purposes. You want to suppress these findings for the testing environment without disabling the detector globally. What should you do?,Configure Event Threat Detection custom modules to filter out OPEN_FIREWALL findings from the testing project.,Disable the OPEN_FIREWALL detector module in Security Health Analytics settings for the entire organization.,Create a dynamic mute rule with a filter that matches findings from the testing project and the OPEN_FIREWALL category.,Add a security mark 'allow_open_firewall:true' to each testing project to exclude them from the detection policy.,3,Dynamic mute rules allow you to automatically suppress findings based on specified criteria such as project and finding category without disabling the detector entirely. Dynamic mute rules are recommended over static rules as they offer more flexibility and can apply to both existing and future findings. Reference: https://cloud.google.com/security-command-center/docs/how-to-mute-findings
GCP PSOE,Your organization needs to implement a centralized security log analysis solution where logs from all projects across your Google Cloud organization are correlated with an external threat intelligence feed containing known malicious IP addresses. You want to route Cloud Audit Logs to BigQuery and perform JOIN operations against a threat intelligence table to detect potential threats. What should you do first?,Configure a Log Analytics linked dataset and route logs to a read-only BigQuery dataset for threat correlation.,Create an organization-level aggregated sink that routes audit logs to a BigQuery dataset in a dedicated security project.,Create project-level log sinks in each project that route logs directly to the threat intelligence system for analysis.,Enable Data Access audit logs and configure a Pub/Sub topic as the sink destination for real-time threat matching.,2,"Aggregated sinks at the organization level can collect and route log entries from all projects in the resource hierarchy to a centralized BigQuery dataset, enabling consistent analysis and JOIN operations with threat intelligence data. Reference: https://cloud.google.com/logging/docs/export/aggregated_sinks"
GCP PSOE,"Your security operations team uses Google SecOps with Applied Threat Intelligence enabled. Analysts report that they are receiving numerous IOC match alerts from the ATI Fusion Feed, but many are low-confidence indicators that consume investigation time. You need to optimize the alerting configuration to focus analyst attention on the most actionable threats. What should you do?","Keep ATI Medium Priority rule packs in non-alerting mode and enable alerting only for Active Breach Priority and High Priority rule packs, which filter IOCs based on GTI verdict and severity.",Disable the Applied Threat Intelligence feature and create custom YARA-L rules that only match IOCs you manually import from trusted intelligence sources.,Configure rule exclusions for all ATI rule packs to filter out IOCs that have been seen more than 10 times in the past week to reduce noise from common indicators.,Increase the default IC-Score threshold for all ATI rule packs from 80 to 95 to reduce the number of IOCs that trigger alerts.,1,Google recommends keeping ATI Medium Priority rule packs in non-alerting mode due to the potential volume of Medium priority indicators. Active Breach and High Priority rule packs use the GTI verdict (Malicious with High severity) and additional features like Active IR status to prioritize the most actionable IOCs. Reference: https://cloud.google.com/chronicle/docs/detection/ati-prioritization
GCP PSOE,Your security team has received threat intelligence from a trusted third-party vendor containing a list of IP addresses associated with known command-and-control servers. You need to configure Event Threat Detection in Security Command Center to generate findings when any VM in your environment connects to these IP addresses. Which approach should you use?,Export the IP addresses to Google Threat Intelligence (GTI) and configure Event Threat Detection to use GTI for matching.,Create a Configurable Bad IP custom module with the IP addresses from the threat intelligence feed and set the appropriate severity level.,Modify the built-in Malware: Bad IP detector to include the third-party IP addresses in its detection logic.,Create a Security Health Analytics custom module with IP address validation rules that trigger alerts on connection events.,2,"The Configurable Bad IP custom module template is specifically designed to detect connections to user-supplied IP addresses. When logs indicate a connection to any of the supplied IP addresses, a finding is generated and written to Security Command Center. This allows you to extend Event Threat Detection with your own custom threat intelligence. Reference: https://cloud.google.com/security-command-center/docs/custom-modules-etd-overview"
GCP PSOE,Security Command Center Enterprise detected a Malware: Bad IP finding indicating that a Compute Engine VM communicated with a known command and control IP address. You want to use this finding to perform proactive threat hunting and determine if other resources in your environment have communicated with similar malicious infrastructure. What should you do?,Use the Flow Analyzer URL from the SCC finding to investigate VPC Flow Logs for the specific VM that triggered the finding.,Create an Event Threat Detection custom module using the Configurable Bad IP template with the malicious IP address and enable it to detect future communications.,"Ingest the SCC finding into Google SecOps, extract the malicious IP from the finding, and create a YARA-L rule to search for other events involving that IP or related IOCs across all ingested telemetry.",Export the finding to Cloud Logging and configure a log-based alert to notify the security team when new findings reference the same IP address.,3,"SCC findings can be ingested into Google SecOps and analyzed alongside other security telemetry. By extracting the IOC from the finding and creating a YARA-L rule, you can correlate the threat intelligence with VPC Flow Logs, DNS logs, and other data sources to identify additional compromised resources. Reference: https://cloud.google.com/chronicle/docs/soar/marketplace-integrations/google-security-command-center"
GCP PSOE,Your organization uses Google Security Operations (SecOps) for threat detection and wants to leverage Sensitive Data Protection data profiles to enrich asset context for BigQuery tables containing sensitive information. You need to configure the integration to correlate user access behavior with data sensitivity levels. What should you do?,"Configure discovery scan settings to publish data profiles to Google SecOps, and enable Google Cloud data ingestion in SecOps to ingest DLP_CONTEXT entity data for use in detection rules.",Create a Cloud Function triggered by DLP inspection job completion that sends findings to SecOps via the Ingestion API as custom events.,"Configure an inspection job to save findings to BigQuery, then create a data feed in SecOps to ingest the findings table as event logs for correlation.","Enable Security Command Center integration with DLP, then configure SecOps to ingest SCC findings to obtain asset sensitivity context for detection rules.",1,Publishing data profiles to Google SecOps creates entity records with sensitivity labels that can be correlated with user activity in YARA-L rules. The DLP_CONTEXT data includes sensitivity scores and predicted infoTypes that enable context-aware detection of high-risk behavior involving sensitive data assets. Reference: https://cloud.google.com/chronicle/docs/detection/usecase-dlp-high-risk-user-download
GCP PSOE,"A Container Threat Detection finding shows 'Execution: Malicious Script Executed' with a category indicating a machine learning model identified executed Bash code as malicious. As a threat hunter, you want to understand how Container Threat Detection analyzed this script. Which statement accurately describes the detection mechanism?",Container Threat Detection monitors script execution in a sandboxed environment to observe behavior before flagging suspicious activity.,Container Threat Detection relies on static analysis of script files stored in the container filesystem to identify known malicious patterns.,Container Threat Detection uses natural language processing (NLP) to analyze Bash and Python scripts to determine if the executed code is malicious.,Container Threat Detection compares script hashes against a database of known malicious scripts maintained by Google Threat Intelligence.,3,"Container Threat Detection includes NLP-based analysis capabilities specifically designed to detect malicious Bash and Python code. The service analyzes executed scripts in real-time to determine if they exhibit malicious characteristics, such as attempts to download and execute binaries, establish reverse shells, or perform other suspicious activities. Reference: https://cloud.google.com/security-command-center/docs/concepts-container-threat-detection-overview"
GCP PSOE,You are setting up a threat hunting capability using Cloud Logging and BigQuery. Your organization requires the ability to query audit logs from all projects across the organization while maintaining the ability to JOIN log data with external threat intelligence datasets containing IOCs. What configuration should you implement?,Create an organization-level aggregated sink to route audit logs to a centralized log bucket with Log Analytics enabled and a linked BigQuery dataset for SQL-based threat hunting.,Create an organization-level aggregated sink that routes logs to Cloud Storage with a separate scheduled Dataflow job that loads logs into BigQuery daily.,"Configure project-level sinks in each project to route logs directly to a shared BigQuery dataset, then create views that JOIN with IOC tables.",Enable the Data Access audit logs for all projects and use Logs Explorer at the organization level to search for IOC matches using the Logging query language.,1,"An aggregated sink at the organization level captures logs from all projects in the hierarchy, Log Analytics enables SQL querying, and the linked BigQuery dataset allows JOIN operations with external threat intelligence tables containing IOCs while keeping the log data within Cloud Logging for retention management. Reference: https://cloud.google.com/logging/docs/export/aggregated_sinks_overview"
GCP PSOE,Your security team uses Google Security Operations (SecOps) SOAR and needs to implement a workflow where a case is automatically escalated to the SOC Manager role when it is marked as an Incident. You also need to ensure that the case cannot be reverted to a lower stage once marked as Incident. Which approach correctly implements this workflow using SOAR capabilities?,Create a playbook that monitors case priority changes and uses the Siemplify > Assign Case action to reassign to SOC Manager when priority exceeds a threshold.,Configure alert grouping rules to automatically create Incident-stage cases when alerts match critical severity criteria and assign them to SOC Manager at creation.,"Use the Case Actions menu to mark the case as Incident, which automatically assigns it to the SOC Manager role and permanently sets the final case stage.",Implement a custom field validation rule in SOAR Settings that prevents stage changes when the case contains tags associated with critical incidents.,3,"Marking a case as an Incident through Case Actions automatically assigns it to a user with the SOC Manager role and sets the stage to Incident. Once you select Incident, you cannot change it, making it the final stage for critical events. This is built-in SOAR functionality. Reference: https://cloud.google.com/chronicle/docs/soar/investigate/working-with-cases/what-actions-can-you-take-on-a-case"
GCP PSOE,"Your security team has deployed a Cloud Function that automatically remediates PUBLIC_BUCKET_ACL findings from Security Health Analytics by removing public access from affected Cloud Storage buckets. After the remediation function executes successfully, analysts report that the finding still shows as ACTIVE for several hours. What explains this behavior and what action should you recommend?","Security Health Analytics automatically changes finding state to INACTIVE during the next scheduled scan after detecting remediation, so no action is needed.",The Cloud Function should call the Security Command Center API to set the finding state to INACTIVE immediately after successful remediation.,Create a mute rule to hide the finding from the dashboard until Security Health Analytics confirms remediation.,The Cloud Function should delete the finding using the SCC API to remove it immediately from the findings list.,1,"Security Health Analytics automatically sets the state of vulnerability findings to INACTIVE when it detects that the issue has been remediated during its next scan. The scan frequency determines the delay, and the state will update automatically without manual intervention. Reference: https://cloud.google.com/security-command-center/docs/how-to-remediate-security-health-analytics-findings"
GCP PSOE,"You are investigating potential lateral movement after Security Command Center detected suspicious activity in your Google Cloud environment. Your VPC Flow Logs are stored in Cloud Logging, and you need to perform long-term historical analysis by joining network traffic data with external threat intelligence in BigQuery. What should you do?","Upgrade your log bucket to use Log Analytics, create a linked BigQuery dataset, and then use BigQuery to join the VPC Flow Logs data with threat intelligence tables.",Use Flow Analyzer in Network Intelligence Center to directly join VPC Flow Logs with external threat intelligence datasets.,"Create a logging sink to export VPC Flow Logs to Cloud Storage in JSON format, then create an external table in BigQuery to query the data.",Configure real-time streaming of VPC Flow Logs through Pub/Sub directly to BigQuery using a Dataflow pipeline for threat hunting analysis.,1,Creating a linked BigQuery dataset from a Log Analytics-enabled bucket allows you to query log data using BigQuery SQL and join it with other datasets like threat intelligence feeds. This approach provides read access to log data without duplicating storage. Reference: https://cloud.google.com/logging/docs/analyze/query-linked-dataset
GCP PSOE,Your organization requires that security logs exported to Cloud Storage cannot be deleted or modified for 5 years to meet regulatory compliance requirements. You have configured a Cloud Logging sink to route audit logs to a dedicated Cloud Storage bucket. What configuration should you apply to the Cloud Storage bucket to enforce this immutable retention requirement?,Set the bucket's IAM policy to deny the storage.objects.delete permission for all principals including project owners.,Enable Object Versioning on the bucket and configure the sink to write to a versioned bucket with soft delete enabled.,Configure a retention policy with a 5-year retention period on the bucket and lock the policy using Bucket Lock.,Configure Object Lifecycle Management to transition logs to Coldline storage after 5 years and prevent deletion.,3,"Bucket Lock allows you to configure a retention policy that specifies a minimum retention period during which objects cannot be deleted or modified. Locking the retention policy makes it permanent and prevents anyone from reducing the retention period or removing the policy, which is required for regulatory compliance such as FINRA, SEC, and CFTC requirements. Reference: https://cloud.google.com/storage/docs/bucket-lock"
GCP PSOE,Your organization uses Web Security Scanner to identify vulnerabilities in a customer-facing application. The security team requires authenticated scanning to test protected areas of the application where most business logic resides. The application uses a non-standard port (8443) for HTTPS connections. What should you do?,Create a Cloud Load Balancer to redirect traffic from port 443 to 8443 and use managed scans.,Configure a Web Security Scanner custom scan with authentication credentials and specify the starting URL including port 8443.,Enable managed scans and configure authentication credentials in the Security Command Center settings.,Deploy a reverse proxy on port 443 and configure managed scans with IAM service account credentials.,2,"Custom scans support authentication and non-default ports, unlike managed scans which only support default ports (80/443) and do not use authentication. Custom scans provide more thorough scanning including protected application areas. Reference: https://cloud.google.com/security-command-center/docs/how-to-web-security-scanner-custom-scans"
GCP PSOE,You are creating a log-based metric to count Security Command Center high-severity findings exported to Cloud Logging. You plan to use this metric in a Cloud Monitoring dashboard and create alerting policies. Which best practice should you follow when defining the log-based metric?,Use distribution-type log-based metrics instead of counter-type metrics to capture both the count and latency of findings processing.,Specify a single resource type in the log-based metric filter to ensure the time series data model matches Cloud Monitoring expectations and simplifies chart creation.,Create the log-based metric without specifying a resource type filter to capture findings from all possible sources and maximize detection coverage.,Configure the log-based metric to use bucket-scoped logging to automatically aggregate findings across all projects in the organization.,2,Specifying a single resource type in log-based metrics ensures the time series data model expected by Cloud Monitoring is satisfied. This simplifies the process of creating charts and alerting policies since there is no ambiguity about which time series data is being charted or monitored. Reference: https://cloud.google.com/logging/docs/logs-based-metrics
GCP PSOE,Your security team needs to detect toxic combinations in Security Command Center to identify high-risk vulnerability patterns. You want to understand how toxic combinations are scored to properly prioritize remediation. Which statement correctly describes how toxic combination severity is determined based on attack exposure scores?,"Toxic combinations with an attack exposure score of 10 or greater are assigned Critical severity, while those with scores less than 10 are assigned High severity.",Severity is manually assigned by security analysts when they review toxic combination cases in the Security Operations console.,All toxic combinations are assigned Critical severity regardless of their attack exposure score because they represent complete attack paths.,Toxic combination severity is inherited from the highest severity finding among the related findings that comprise the combination.,1,"Risk Engine calculates an attack exposure score for each toxic combination, and the severity is determined by this score. Toxic combinations with an attack exposure score greater than or equal to 10 receive Critical severity, while those with a score less than 10 receive High severity. Reference: https://cloud.google.com/security-command-center/docs/toxic-combinations-overview"
GCP PSOE,Your organization has set the constraints/iam.disableServiceAccountCreation organization policy at the organization level to deny service account creation. A team in the 'Development' folder needs to create service accounts for their CI/CD pipelines. You need to allow service account creation only for projects within this specific folder while maintaining the restriction elsewhere. What should you do?,Set the organization policy to 'Inherit parent's policy' at the Development folder level to override the restriction.,Set an organization policy on the Development folder that overrides the parent policy with 'enforce: false' for the constraint.,Delete the organization policy at the organization level and create individual policies for each folder that should deny service account creation.,Grant the service accounts in Development folder the Service Account Creator role to bypass the organization policy constraint.,2,"When you need to grant an exception for a specific folder, you can override the parent's policy by setting a new organization policy at the folder level with enforce: false. This stops inheritance from the parent and allows service account creation only within that folder while maintaining the restriction at the organization level and other folders. Reference: https://cloud.google.com/resource-manager/docs/organization-policy/creating-managing-policies"
GCP PSOE,You are configuring threat detection capabilities for a fleet of 50 GKE clusters using GKE Enterprise. You want to ensure that all new clusters automatically have security posture scanning enabled with consistent settings. What is the most efficient approach?,Use a Cloud Function triggered by GKE cluster creation events to automatically enable security posture scanning via the Container Security API.,Create a custom Terraform module that enables security posture scanning on each cluster and apply it during cluster creation.,"Enable Container Threat Detection at the organization level in Security Command Center, which automatically applies to all GKE clusters.",Configure fleet-level default settings for the GKE security posture dashboard using the Feature Manager in the Google Cloud console.,4,"GKE Enterprise allows you to configure fleet-level default settings for security posture features. When you configure these settings in the Feature Manager, any new clusters registered to the fleet during creation automatically inherit the specified security posture settings, ensuring consistent configuration across all clusters. Reference: https://cloud.google.com/kubernetes-engine/docs/how-to/fleet-security-posture"
GCP PSOE,Your security team wants to build an automated threat hunting workflow that triggers when new high-severity threat intelligence indicators are published. The workflow should call a Cloud Function to initiate a retrohunt against historical logs in Google SecOps. Which architecture should you implement?,"Create a Cloud Scheduler job to periodically poll the threat intelligence source, then call a Cloud Function via HTTP trigger that initiates retrohunts in Google SecOps.","Configure a Pub/Sub topic to receive threat intelligence updates, create a Cloud Function with an Eventarc trigger subscribed to the topic, and use the Chronicle API within the function to initiate retrohunts.",Deploy a Compute Engine instance running a custom script that monitors threat intelligence feeds and directly accesses the Google SecOps UI to run retrohunts.,Configure Google SecOps to automatically run retrohunts whenever the Applied Threat Intelligence feed is updated without external triggers.,2,"Pub/Sub topics provide reliable message delivery for threat intelligence updates, and Eventarc triggers enable event-driven Cloud Functions that can programmatically call the Chronicle API to initiate retrohunts. This architecture ensures decoupled, scalable, and reliable automated threat hunting. Reference: https://cloud.google.com/functions/docs/calling/pubsub"
GCP PSOE,"Your organization has detected a potential cryptomining attack in a GKE cluster using Container Threat Detection. During the threat hunting investigation, you want to analyze the specific container and process that triggered the detection. Container Threat Detection findings show the affected Pod name and container image URI. What is the most effective method to investigate the container environment if the container is still running?","Create a forensic snapshot of the node's persistent disk using Compute Engine snapshots, mount it to an analysis VM, and examine the container filesystem offline for evidence.","Export the container logs from Cloud Logging using the container name filter, analyze the stdout and stderr streams, and correlate log entries with the detection timestamp.",Query the Container Threat Detection DaemonSet metrics in Cloud Monitoring to retrieve detailed process execution telemetry and memory analysis data for the affected container.,"Use kubectl exec to connect to the container shell with the Pod namespace and name from the finding, then run commands to view running processes and investigate the execution environment.",4,"If the container is still running, you can investigate the container environment directly by obtaining GKE credentials and using kubectl exec to connect to the container shell. This allows you to run commands like viewing processes to understand what is running in the container. The finding provides the Pod_Namespace, Pod_Name, and Container_Name needed for the kubectl exec command. Reference: https://cloud.google.com/security-command-center/docs/findings/threats/reverse-shell"
GCP PSOE,Your organization is running a multi-tenant GKE cluster that executes untrusted code from external users. You want to enable Container Threat Detection while also using GKE Sandbox to isolate workloads. What architecture should you implement?,Configure Container Threat Detection in monitoring-only mode which is compatible with GKE Sandbox environments.,Enable both GKE Sandbox and Container Threat Detection on the same node pools to maximize security coverage for all workloads.,Create separate node pools: use GKE Sandbox-enabled pools for untrusted workloads and non-sandboxed pools with Container Threat Detection for trusted workloads.,Deploy Container Threat Detection only and rely on its NLP-based detection to identify malicious code execution without requiring GKE Sandbox.,3,Container Threat Detection is not compatible with GKE Sandbox. You must disable GKE Sandbox on clusters where you want Container Threat Detection deployed. Using separate node pools allows you to leverage both security capabilities where appropriate. Reference: https://cloud.google.com/security-command-center/docs/how-to-use-container-threat-detection
GCP PSOE,Your organization uses Security Command Center Enterprise to manage security posture. The security team wants to ensure that databases containing sensitive customer data are prioritized in attack path simulations. You need to configure SCC to automatically classify these data resources based on their sensitivity level. What should you do?,Use Cloud Asset Inventory to export database metadata and create a Cloud Function that updates SCC security marks based on the presence of sensitive data columns.,Create custom resource value configurations in SCC that manually specify each database resource by name and assign HIGH priority values to those containing customer data.,Configure Security Health Analytics detectors to identify databases and automatically tag them as high-value resources based on their naming conventions.,"Enable Sensitive Data Protection discovery and configure resource value configurations to include discovery insights, which automatically sets priority values based on data sensitivity classifications.",4,Security Command Center can integrate with Sensitive Data Protection discovery to automatically set resource priority values based on data sensitivity classifications (HIGH or MEDIUM). This ensures databases with sensitive data are properly prioritized in attack path simulations. Reference: https://cloud.google.com/security-command-center/docs/attack-exposure-learn
GCP PSOE,Your security team suspects a compromised VM is performing internal reconnaissance by scanning multiple ports across internal subnets in your Google Cloud environment. You need to write a BigQuery query to identify this activity from VPC Flow Logs data exported to BigQuery. Which query pattern should you use to detect potential port scanning behavior?,GROUP BY destination_port with AVG(round_trip_time) to identify ports experiencing connection latency anomalies.,GROUP BY source_ip with COUNT(packets) to identify sources generating the highest packet counts.,"GROUP BY source_ip, destination_ip with COUNT(DISTINCT destination_port) to identify sources connecting to many unique destination ports within a short time window.","GROUP BY destination_ip, protocol with SUM(bytes_sent) to identify destinations receiving high volumes of traffic from multiple sources.",3,Port scanning is characterized by a single source IP attempting connections to numerous destination ports on target hosts. Grouping by source and destination IPs while counting distinct destination ports reveals sources exhibiting this behavior. This pattern effectively identifies horizontal scanning activity where attackers probe multiple services. Reference: https://cloud.google.com/vpc/docs/flow-logs
GCP PSOE,Your organization uses Google Security Operations SOAR to automate incident response. You need to configure a playbook that only triggers for alerts containing a specific Rule Generator value from your phishing detection connector. What should you do?,Use the All trigger and add a condition step at the beginning of the playbook to check the Rule Generator field.,Configure the connector to only forward phishing alerts to SOAR rather than filtering at the playbook level.,Use the Alert Type trigger and select the Rule Generator name that matches your phishing detection alerts.,Create a custom trigger using the Python SDK to filter alerts based on Rule Generator values before playbook execution.,3,"The Alert Type trigger activates based on the Rule Generator field, which is configured during connector setup. You select the Rule Generator name from the menu when configuring the trigger, and the playbook will trigger only for alerts matching that specific Rule Generator value. Reference: https://cloud.google.com/chronicle/docs/soar/respond/working-with-playbooks/using-alert-type-trigger-in-a-playbook"
GCP PSOE,Your organization uses Google Security Operations (SecOps) SIEM and wants to detect when network connections are made to IP addresses listed in a maintained reference list of known malicious indicators. The security team needs to optimize rule performance while ensuring accurate detections. What should you do when writing the YARA-L detection rule?,Use the 'in' operator with the reference list and configure the rule to run only during off-peak hours to minimize system load.,Create a custom parser to pre-filter events before they reach the detection engine to reduce processing overhead.,Add an event type filter before the reference list check in the events section and explicitly exclude empty field values to prevent unintended matches.,Configure the reference list as type CIDR and use regex matching to validate IP address formats before checking the list.,3,"Adding event type filters at the beginning of the events section helps optimize rule performance by reducing the number of events evaluated. Additionally, omitted fields default to zero values (empty strings), which can lead to unintended matches if not explicitly excluded. Google recommends putting equality filters before regex or other comparisons, and filters are applied in the order they appear in the rule. Reference: https://cloud.google.com/chronicle/docs/detection/yara-l-best-practices"
GCP PSOE,You are performing threat hunting in Google Security Operations (SecOps) and want to identify users whose behavioral patterns suggest potential compromise. You need to prioritize your investigation by focusing on entities exhibiting the most anomalous behavior relative to their historical baseline. Which feature should you use?,Create a UDM search query using statistical aggregations to count events per user across all event types.,Query the IOC Matches page filtered by user entities and sort by the number of IOC matches.,Use the Risk Analytics dashboard to identify entities with elevated risk scores based on accumulated findings.,Review the curated detections alert feed and filter by user-related detection rules to find suspicious users.,3,"Risk Analytics calculates entity risk scores based on alerts and detections associated with each entity, using weighting and normalization to identify anomalous behavior compared to historical patterns. The dashboard displays the top 10,000 highest-risk entities and allows filtering by risk score changes. Reference: https://cloud.google.com/chronicle/docs/detection/risk-analytics-overview"
GCP PSOE,Your organization has activated Security Command Center Premium tier at the project level for a production project. You want to enable Event Threat Detection to monitor Google Workspace logs for suspicious user sign-in activity and detect unsafe Google Groups changes. What should you do?,Create an Event Threat Detection custom module using a Google Workspace log template to detect the suspicious sign-in patterns.,Enable Google Workspace audit log sharing with the production project and configure Event Threat Detection to scan the shared logs.,Activate Security Command Center Premium tier at the organization level to enable Event Threat Detection monitoring of Google Workspace logs.,Configure the project's Cloud Audit Logs to capture Google Workspace events and enable the corresponding Event Threat Detection detectors.,3,Event Threat Detection can only monitor Google Workspace logs when Security Command Center is activated at the organization level. Project-level activations do not have access to organization-wide Google Workspace logging streams required for detecting unsafe Google Groups changes and suspicious sign-ins. Reference: https://cloud.google.com/security-command-center/docs/concepts-event-threat-detection-overview
GCP PSOE,You are analyzing VPC Flow Logs in BigQuery to hunt for network anomalies. Your hypothesis is that an attacker may be using a compromised VM to communicate with command-and-control infrastructure. Which BigQuery query pattern would be most effective for identifying this behavior?,Query for connections using non-standard ports to identify protocol tunneling through unusual services.,Query for the total sum of bytes transferred by each VM to identify the heaviest network consumers.,Query for VMs with outbound connections to external IPs that were not seen in the previous 30-day baseline of normal traffic.,Query for rejected outbound connections to identify firewall blocks indicating malicious connection attempts.,3,Newly observed external destinations that deviate from established baseline traffic patterns are strong indicators of C2 communication. Attackers typically establish connections to infrastructure not previously contacted by legitimate applications. Comparing current connections against historical baselines is a proven threat hunting technique. Reference: https://cloud.google.com/vpc/docs/flow-logs
GCP PSOE,"Your security team needs to deploy a new VPC Service Controls perimeter to protect BigQuery and Cloud Storage resources in your production environment. Before enabling enforcement, you want to identify potential access violations without blocking legitimate traffic. What should you do?",Configure Cloud Audit Logs to monitor access patterns and create the perimeter based on historical access.,Deploy the perimeter in enforced mode in a development environment and replicate violations to production.,Create the service perimeter in dry run mode and analyze the logged violations before converting to enforced mode.,Create the service perimeter in enforced mode with ingress rules allowing all sources during a testing period.,3,Dry run perimeters log violations as though the perimeters are enforced but don't prevent access to restricted services. This allows you to identify and mitigate issues before enabling enforcement. Reference: https://cloud.google.com/vpc-service-controls/docs/service-perimeters
GCP PSOE,Your organization wants to analyze Cloud Audit Logs to detect potential defense evasion attempts where attackers might disable logging configurations. You need to use Log Analytics to query for these security events. Which audit log type and query approach should you use?,Use Logs Explorer with filtering queries to search for logging configuration changes in system logs.,Query Policy Denied audit logs using Log Analytics to identify blocked logging changes.,Query Data Access audit logs for read operations on logging configuration resources.,Query Admin Activity audit logs for changes to Logging settings using SQL in Log Analytics.,4,"Admin Activity audit logs record API calls that modify the configuration of resources, including Logging settings. Documentation explicitly states that to 'identify potential privilege escalation by using Identity and Access Management (IAM), or defense evasion by disabling Logging, use Admin Activity audit logs.' Log Analytics enables SQL-based analysis of these logs. Reference: https://cloud.google.com/logging/docs/analyze/analyze-audit-logs"
GCP PSOE,You are building an incident response automation that needs to rapidly contain a compromised workload by blocking its ability to access Cloud Storage buckets containing sensitive data. The compromised workload runs in a project that is not currently protected by VPC Service Controls. You need to implement containment using VPC Service Controls within the fastest possible timeframe. What is the critical consideration you must account for?,VPC Service Controls perimeters must be tested in dry-run mode for at least one hour before they can be converted to enforced mode.,Cloud Storage buckets must have a VPC Service Controls-compatible access control list configured before they can be protected by a service perimeter.,VPC Service Controls requires the project to have Private Google Access enabled on all subnets before perimeter protection becomes effective.,VPC Service Controls changes can take up to 30 minutes to propagate and take effect after a service perimeter is created or updated.,4,"After creating or updating a VPC Service Controls service perimeter, changes can take up to 30 minutes to propagate fully. During an incident response, you must account for this propagation delay when planning containment timelines. This is a documented limitation that affects the speed at which VPC Service Controls-based containment becomes effective. Reference: https://cloud.google.com/vpc-service-controls/docs/create-service-perimeters"
GCP PSOE,Your organization needs to export Admin Activity audit logs from Cloud Logging to BigQuery for long-term security analysis. The security team requires optimal query performance and cost efficiency when analyzing logs across time ranges. You need to configure the log sink. What should you do?,"Create a log sink to Cloud Storage with JSON format, then configure a BigQuery load job to import the data into partitioned tables.",Create a log sink with the destination set to a BigQuery dataset using the default date-sharded table configuration.,Create a log sink with the destination set to a BigQuery dataset and enable the option to use partitioned tables.,Create a log bucket with Log Analytics enabled and configure a linked BigQuery dataset for the sink destination.,3,"Partitioned tables provide better query performance and cost efficiency compared to date-sharded tables. BigQuery can prune partitions based on time filters, reducing the amount of data scanned and lowering query costs. Reference: https://cloud.google.com/logging/docs/export/bigquery"
GCP PSOE,"Your organization uses Google Security Operations (SecOps) to monitor security telemetry from Google Cloud, AWS, and Azure environments. You need to identify threats across all three cloud providers using pre-built detection logic without developing custom rules. What should you do?",Create custom YARA-L rules that query each cloud provider's native API for real-time threat data.,Configure Security Command Center Event Threat Detection to automatically forward findings to all three cloud environments.,"Enable curated detections in the Cloud Threats category, which includes rule sets for Google Cloud, AWS, and Azure data sources.",Deploy Google SecOps forwarders in each cloud environment to enable automatic threat correlation.,3,"Curated detections are YARA-L rule sets maintained by Google Cloud Threat Intelligence (GCTI) that provide out-of-the-box threat detection for multi-cloud environments. The Cloud Threats category includes specific rule packs for AWS and Azure alongside Google Cloud, enabling cross-environment threat detection without custom rule development. Reference: https://cloud.google.com/chronicle/docs/detection/use-curated-detections"
GCP PSOE,You need to create an alerting policy that monitors the availability of a security API gateway using the uptime_check/check_passed metric. The alert should trigger when the service is unavailable and notify the security operations team. Which metric configuration should you use?,Configure a metric-threshold condition using monitoring.googleapis.com/uptime_check/check_passed with a threshold of 1 and trigger when the metric value is below the threshold.,Configure a metric-absence condition using monitoring.googleapis.com/uptime_check/request_latency to detect when no latency data is reported.,Configure a metric-threshold condition using compute.googleapis.com/instance/uptime to monitor the cumulative time the service has been running.,Configure a log-based alerting policy that monitors Cloud Logging for uptime check failure log entries written when checks fail.,1,"The uptime_check/check_passed metric returns a boolean value (1 for success, 0 for failure). Configuring the threshold condition to trigger when the value is below 1 will detect when checks fail. This is the appropriate metric for monitoring uptime check results. Reference: https://cloud.google.com/monitoring/charts/uptime-charts"
GCP PSOE,Your incident response team is investigating a potential supply chain compromise. You need to integrate container vulnerability findings from Artifact Registry with your centralized security monitoring to correlate container vulnerabilities with other security events. The solution must surface HIGH and CRITICAL severity vulnerabilities in deployed container images. What should you configure?,Configure Artifact Analysis to send Pub/Sub notifications for all vulnerabilities and create a Cloud Function to forward findings to Security Command Center.,Enable advanced vulnerability insights on each GKE cluster and view findings in the GKE security posture dashboard.,Export Artifact Analysis findings to BigQuery and create custom dashboards to correlate vulnerabilities with Security Command Center findings.,Enable the Container Scanning API in your project and use Security Command Center to view Artifact Registry vulnerability assessment findings for deployed container images.,4,"When the Container Scanning API is enabled, Artifact Analysis scans container images in Artifact Registry and Security Command Center aggregates vulnerability findings for deployed container images. SCC surfaces HIGH and CRITICAL severity findings, allowing correlation with other security events in a centralized dashboard. Reference: https://cloud.google.com/security-command-center/docs/concepts-security-sources"
GCP PSOE,"You are implementing an automated notification system that sends Security Command Center findings to multiple destinations including email, Slack, and your SIEM. The notifications should be triggered when Security Health Analytics detects critical or high-severity misconfigurations. What is the most scalable approach to implement this multi-destination notification workflow?","Create a single NotificationConfig that publishes findings to one Pub/Sub topic, then create multiple Pub/Sub subscriptions with separate Cloud Functions for each notification destination.","Deploy a single Cloud Function that receives Pub/Sub messages and sequentially calls each notification API (email, Slack, SIEM) within the same function execution.","Create separate NotificationConfig resources for each destination, each with its own Pub/Sub topic and Cloud Function to handle the specific notification channel.",Configure continuous exports to BigQuery and create scheduled queries that poll for new findings and trigger separate Cloud Functions for each notification destination.,1,"Pub/Sub supports multiple subscriptions to a single topic, allowing each subscriber to receive a copy of every message. This fan-out pattern enables scalable delivery to multiple destinations without duplicating the NotificationConfig. Reference: https://cloud.google.com/security-command-center/docs/how-to-enable-real-time-notifications"
GCP PSOE,"Your security team has detected a potential malware incident in your GKE production cluster. A critical hotfix container image needs to be deployed immediately to contain the threat, but the image has not yet completed the standard attestation process required by your Binary Authorization policy. You need to deploy this image immediately while maintaining an audit trail for post-incident review. What should you do?","Modify the Binary Authorization policy to 'Allow All Images' mode, deploy the hotfix, then change the policy back to require attestations after deployment.","Add the image-policy.k8s.io/break-glass label to the Pod specification and deploy the image, then review breakglass events in Cloud Audit Logs after containment.","Temporarily disable Binary Authorization on the GKE cluster, deploy the hotfix image, then re-enable Binary Authorization after the deployment completes.","Create a manual attestation for the hotfix image using a temporary key pair, deploy the image, then delete the attestation and attestor after the incident.",2,Binary Authorization's breakglass feature allows pod creation even if images violate policy by adding the break-glass label. This creates audit log entries containing breakglass annotations that the incident response team can review later. This is the intended emergency mechanism for bypassing policy enforcement while maintaining accountability. Reference: https://cloud.google.com/binary-authorization/docs/using-breakglass
GCP PSOE,"You are implementing least privilege for service accounts across your Google Cloud organization. After running workloads for several months, you want to identify service accounts with excess permissions and reduce their access to only what is needed. What should you do?","Use IAM Recommender to review policy insights that compare permissions granted versus permissions used over the last 90 days, then apply the suggested role replacements or revocations for service accounts with unused permissions.","Configure Cloud Audit Logs to capture all Data Access events, analyze logs to identify which APIs each service account calls, and manually create custom roles containing only those specific permissions.","Enable Activity Analyzer to identify unused service accounts, disable all service accounts that have not been used in the last 30 days, and delete them after a 90-day waiting period.","Export IAM policies to BigQuery, run SQL queries to identify service accounts with basic roles like Editor or Owner, and replace all basic roles with the Viewer role to reduce permissions.",1,"IAM Recommender uses machine learning to analyze permission usage over the last 90 days and generates policy insights highlighting excess permissions. It suggests specific role changes such as replacing broad roles with more narrow predefined roles or revoking unused roles entirely, helping you achieve least privilege. Reference: https://cloud.google.com/policy-intelligence/docs/role-recommendations-overview"
GCP PSOE,Your organization wants to correlate Cloud Audit Logs with an external threat intelligence feed containing known malicious IP addresses. The threat intel data is updated hourly and stored in a BigQuery table. You need to design a solution that enables analysts to query logs enriched with threat context at scale using standard SQL. What should you do?,"Create an aggregated sink to route Cloud Audit Logs to a BigQuery dataset, then write SQL queries that JOIN the log table with the threat intelligence table on IP address fields.","Export logs to Cloud Storage, load them into BigQuery using scheduled batch jobs, and configure BigQuery materialized views that automatically join with threat intelligence data.",Use Cloud Logging Log Analytics with the linked BigQuery dataset feature and create a Pub/Sub subscriber that enriches logs before they are stored.,Configure Event Threat Detection custom modules to automatically correlate Cloud Audit Logs with the external threat intelligence feed stored in BigQuery.,1,"Routing logs to BigQuery via sinks enables direct SQL querying, and BigQuery JOINs allow you to correlate log data with threat intelligence tables at scale. This approach supports standard SQL operations for enrichment and is the recommended pattern for log correlation with threat indicators. Reference: https://cloud.google.com/logging/docs/export/bigquery"
GCP PSOE,"You are conducting a threat hunt in Google Security Operations (SecOps) and need to identify file hashes in your environment that have been flagged as malicious by multiple antivirus engines. You want to leverage threat intelligence that aggregates scan results from dozens of security vendors and provides relationship data between files, domains, and IP addresses. Which integration should you use to enrich file hash entities with this comprehensive threat intelligence?",Configure the VirusTotal v3 integration and use the Enrich Hash action to retrieve multi-vendor scan results and relationship data for file hashes.,Use the Google Cloud Threat Intelligence (GCTI) integration to query file hash reputation from the GCTI curated database.,Enable Applied Threat Intelligence and filter IOC matches using the Mandiant source to view file hash enrichment data.,Configure the Safe Browsing integration to retrieve file hash threat intelligence and malware scan results from Google's threat database.,1,"The VirusTotal v3 integration in Google SecOps provides the Enrich Hash action that retrieves scan results from multiple antivirus engines and includes relationship data between files, domains, IP addresses, and URLs. The integration supports MD5, SHA-1, and SHA-256 hashes and returns comprehensive threat intelligence. Reference: https://cloud.google.com/chronicle/docs/soar/marketplace-integrations/virustotal-v3"
GCP PSOE,Your organization detected a potential privilege escalation incident where an attacker may have granted sensitive IAM roles to external accounts. You need to identify all SetIamPolicy operations that added role bindings containing non-organizational members in the last 7 days. Which log source and query approach should you use?,Query Admin Activity audit logs filtering for methodName containing SetIamPolicy and examine the policyDelta.bindingDeltas field for ADD actions with external members.,Query Data Access audit logs filtering for GetIamPolicy operations to retrieve the current policy state and identify external members.,Query Policy Denied audit logs to identify failed privilege escalation attempts that were blocked by deny policies.,Query System Event audit logs filtering for IAM policy modifications initiated by Google Cloud automated processes.,1,"Admin Activity audit logs always record SetIamPolicy operations and cannot be disabled. The policyDelta.bindingDeltas field within serviceData shows the specific changes made, including the action (ADD/REMOVE), role, and member. This allows identification of role grants to external principals. Reference: https://cloud.google.com/logging/docs/analyze/analyze-audit-logs"
GCP PSOE,Your organization is planning to deploy VPC Service Controls to protect sensitive BigQuery datasets and Cloud Storage buckets. You want to test the perimeter configuration before blocking production traffic while monitoring for any potential violations. What should you do?,Create the service perimeter in enforced mode and configure ingress rules to allow all traffic during the testing period.,Create the service perimeter in enforced mode and use Cloud Monitoring alerts to notify you when access is blocked.,Create a perimeter bridge between the test and production environments to validate the configuration before enforcement.,Create the service perimeter in dry run mode and monitor the violation logs in Cloud Logging before enforcing the perimeter.,4,Dry run mode logs violations as though the perimeters are enforced but does not prevent access to restricted services. This allows you to identify any issues caused by your service perimeters before moving to enforced mode. The violation data can be analyzed in Cloud Logging using the cloudaudit_googleapis_com_policy log. Reference: https://cloud.google.com/vpc-service-controls/docs/dry-run-mode
GCP PSOE,Your organization is implementing a security log archival solution. You need to create an aggregated sink at the organization level to route all Cloud Audit Logs from all projects to a centralized Cloud Storage bucket for long-term retention and forensic analysis. The security team requires logs to remain accessible in individual projects. Which sink configuration should you use?,Create a non-intercepting aggregated sink with the --include-children flag and a filter for logName:cloudaudit.googleapis.com,Create project-level sinks in each project with identical Cloud Storage bucket destinations and audit log filters.,Create an intercepting aggregated sink with the --include-children flag and a filter for logName:cloudaudit.googleapis.com,Create a non-intercepting aggregated sink without the --include-children flag and a filter for logName:cloudaudit.googleapis.com,1,A non-intercepting aggregated sink routes log entries to the destination while also allowing the log entries to continue being processed by sinks in child resources. The --include-children flag ensures logs from all child projects and folders are included. This maintains visibility in individual projects while centralizing logs. Reference: https://cloud.google.com/logging/docs/export/aggregated_sinks
GCP PSOE,Your organization wants to automate threat hunting by triggering a Cloud Function whenever new threat intelligence IOCs are published to a Pub/Sub topic. The function should call the Google SecOps API to initiate a retrohunt against historical logs. You need to configure the trigger mechanism for the Cloud Function. What should you do?,Configure Cloud Scheduler to poll the Pub/Sub topic every minute and invoke the Cloud Function via HTTP when new messages exist.,Deploy the Cloud Function with a direct Pub/Sub subscription using pull-based message consumption within the function code.,Deploy an event-driven Cloud Function with an Eventarc trigger configured to subscribe to the Pub/Sub topic containing threat intelligence updates.,Create an HTTP-triggered Cloud Function and configure the threat intelligence publisher to directly call the function's HTTPS endpoint with IOC data.,3,"Eventarc is Google's implementation of the CloudEvents spec and is required for triggering event-driven Cloud Functions in response to Pub/Sub messages. This provides a serverless, scalable mechanism to automatically invoke the function whenever new IOCs are published. Reference: https://cloud.google.com/functions/docs/calling/pubsub"
GCP PSOE,Your organization recently received threat intelligence about a new malware campaign. You want to search your Google Security Operations (SecOps) historical logs for any past evidence of the campaign's IOCs that may have been missed before the intelligence was available. What should you do?,Enable Applied Threat Intelligence and wait for automatic historical matching of the new campaign indicators.,Export all historical logs to BigQuery and run SQL queries to search for IOC matches across the exported data.,"Create a YARA-L detection rule that matches the IOCs, then run a retrohunt against your historical event data for the desired time range.",Submit a support request to Google to manually search your historical data for the specific IOCs from the threat intelligence report.,3,Retrohunts allow you to run a rule against historical data to detect matches that occurred before the rule was created or enabled. This is the recommended approach for searching historical logs for newly identified IOCs. Reference: https://cloud.google.com/chronicle/docs/detection/run-rule-historical-data
GCP PSOE,"Detection engineering""Your organization has deployed Event Threat Detection custom modules at the organization level to detect connections to a list of threat intelligence IOC IP addresses. A new business unit is onboarded as a folder under your organization. How will the custom modules apply to projects within this new folder?","The custom modules only apply to projects that existed when the modules were created, and new projects require separate module creation.","The custom modules are automatically inherited by the new folder and all projects within it, and findings will be generated at the project level where the threat is detected.",The findings generated in the new folder will count against the parent organization's hourly finding quota rather than the folder's quota.,The custom modules must be manually enabled for the new folder by an administrator with the securitycenter.eventThreatDetectionCustomModules.update permission.,2,"Event Threat Detection custom modules created at the organization level are automatically inherited by all descendant folders and projects. When threats are detected in child projects, findings are generated and attributed to those projects while following the detection rules defined at the organization level. This inheritance model ensures consistent security coverage across the organization. Reference: https://cloud.google.com/security-command-center/docs/use-custom-modules-etd"
GCP PSOE,You have configured a log sink to route security-relevant logs to a BigQuery dataset for threat hunting. The dataset receives approximately 500 GB of new log data daily. Security analysts report that queries against this data are slow and expensive. You need to optimize query performance and cost when analysts search for specific time ranges of log data. What should you configure?,Create materialized views on the log data that pre-aggregate common threat hunting queries.,"Configure the log sink to use partitioned tables based on timestamp, and require analysts to include partition filters in their queries.",Configure the log sink to use date-sharded tables and instruct analysts to use table wildcards in their queries.,Enable BigQuery BI Engine acceleration on the dataset to cache frequently queried data.,2,"When routing logs to BigQuery, you can use partitioned tables that partition data based on log entry timestamps. Partition pruning eliminates unnecessary partitions from query scans, significantly reducing both query time and cost. Requiring partition filters ensures analysts include time-based filters to leverage this optimization. Reference: https://cloud.google.com/logging/docs/export/bigquery"
GCP PSOE,Your organization has multiple playbooks in Google Security Operations (SecOps) SOAR that share a common workflow for sending notification emails and assigning cases to analysts. You want to reduce maintenance overhead and ensure that updates to this common workflow are automatically applied across all playbooks. What should you do?,Duplicate the workflow steps in each playbook and create a scheduled job to synchronize changes across playbooks.,Create a custom integration in the IDE that implements the notification and assignment logic as a single action.,Export the common workflow as a Use Case from Content Hub and import it into each playbook when updates are needed.,Create a playbook block containing the shared workflow and incorporate it into each playbook that requires it.,4,"Playbook blocks are reusable mini-playbooks that let you implement common workflows across multiple playbooks. Any edit or change to a block automatically affects all playbooks that incorporate it, making maintenance and improvements efficient. Blocks can also return output values to support dynamic interaction. Reference: https://cloud.google.com/chronicle/docs/soar/respond/working-with-playbooks/working-with-playbook-blocks"
GCP PSOE,Your organization has deployed several public-facing web applications on Google Kubernetes Engine (GKE). The security team wants to implement automated vulnerability scanning that detects OWASP Top 10 vulnerabilities without requiring manual configuration for each application. The team needs centralized visibility of findings across all projects. What should you do?,Enable Web Security Scanner managed scans in Security Command Center at the organization level.,Enable Security Health Analytics to scan web applications for code vulnerabilities.,Configure custom scans in Web Security Scanner for each GKE application individually.,Deploy Cloud IDS with managed detection signatures for web application vulnerability detection.,1,"Managed scans are configured and managed by Security Command Center, automatically run weekly to detect and scan public web endpoints across all projects without requiring individual project team involvement. Findings are automatically available in the Security Command Center Vulnerabilities page for centralized visibility. Reference: https://cloud.google.com/security-command-center/docs/concepts-web-security-scanner-overview"
GCP PSOE,A security analyst on your team is investigating a potential compromise and needs to query 90 days of VPC Flow Logs stored in Cloud Logging to identify connections to IP addresses from a newly published threat intelligence report. The analyst wants to use SQL queries for the investigation. What should you do?,Create an aggregated sink at the organization level to route VPC Flow Logs to a BigQuery dataset and wait for logs to accumulate before querying.,Export the VPC Flow Logs from Cloud Logging to Cloud Storage in JSON format and create an external BigQuery table pointing to the exported files.,Use the Logs Explorer with the Logging query language to filter logs using IN operators with the list of IP addresses from the threat intelligence report.,Upgrade the log bucket storing VPC Flow Logs to use Log Analytics and create a linked BigQuery dataset to enable SQL querying of historical log data.,4,"Upgrading a log bucket to use Log Analytics enables SQL-based querying of logs, and creating a linked BigQuery dataset allows the analyst to use BigQuery SQL capabilities including JOIN operations with external IOC tables. This provides the most direct path to querying 90 days of historical logs with SQL. Reference: https://cloud.google.com/logging/docs/log-analytics"
GCP PSOE,Your security operations team wants to build a comprehensive security posture dashboard using Looker Studio that visualizes Security Command Center findings over time with the ability to drill down by finding category and affected resource. What is the recommended architecture?,Use the Looker Studio SCC connector to directly query Security Command Center findings without intermediate storage.,Export SCC findings to Cloud Storage in CSV format and configure Looker Studio to read from the Cloud Storage bucket for visualization.,Configure Cloud Monitoring to collect SCC metrics and use the Looker Studio Cloud Monitoring connector to build the dashboard with finding visualizations.,"Configure a BigQuery continuous export for SCC findings, then connect Looker Studio directly to the BigQuery dataset to create interactive visualizations with drill-down capabilities.",4,"BigQuery continuous export captures SCC findings in real-time with full finding details including category and resource information. Looker Studio can connect directly to BigQuery as a data source, enabling interactive visualizations with filters and drill-down capabilities by category and resource. Reference: https://cloud.google.com/security-command-center/docs/how-to-analyze-findings-in-big-query"
GCP PSOE,You want to verify that Container Threat Detection is properly configured and generating findings for your GKE cluster. You need to intentionally trigger a detector to test the configuration. What is the recommended approach to generate a test finding while avoiding noise reduction filters?,Deploy a test container with a name prefixed with 'ktd-test' and execute a suspicious action such as loading an unexpected library.,Create a container and wait 24 hours before executing suspicious actions to ensure the noise reduction window has expired.,Use the Security Command Center API to manually create synthetic findings that simulate Container Threat Detection alerts.,Disable Container Threat Detection's noise reduction settings in Security Command Center before running tests.,1,Container Threat Detection temporarily filters certain findings like Added Library Loaded when containers are first created to reduce noise. Prefixing container or pod names with 'ktd-test' bypasses this filter and allows you to see all findings during testing. Reference: https://cloud.google.com/security-command-center/docs/how-to-test-container-threat-detection
GCP PSOE,"Your security team wants to detect OWASP Top Ten vulnerabilities in web applications running on App Engine, GKE, and Compute Engine across your organization. You need to implement vulnerability detection with minimal operational overhead and ensure findings are centralized for all projects. What should you do?",Configure Web Security Scanner custom scans for each project and export results to a BigQuery dataset for consolidation.,Deploy third-party DAST tools on each application and integrate with Cloud Logging for centralized visibility.,Create scheduled Cloud Functions that invoke the Web Security Scanner API for each project's web applications.,Enable Web Security Scanner managed scans in Security Command Center at the organization level.,4,"Managed scans are configured and managed by Security Command Center, automatically run weekly to detect and scan public web endpoints, and findings are centralized in Security Command Center. Organization-level activation allows centralized management without involving individual project teams. Reference: https://cloud.google.com/security-command-center/docs/concepts-web-security-scanner-overview"
GCP PSOE,Your organization is onboarding Google Security Operations (SecOps) SOAR and needs to configure playbooks that automatically trigger when specific types of alerts are ingested from your email security product. The alerts are identified by a Rule Generator field value of 'Email_Phishing_Detected' configured in your connector. You want the playbook to only process these specific phishing alerts. How should you configure the playbook trigger?,Set the playbook trigger type to All and add a condition flow as the first step to filter out alerts that don't match the Email_Phishing_Detected rule generator value.,Configure the playbook priority to 1 and set environment restrictions to only allow the playbook to run in the environment where the email security connector is configured.,Configure the playbook trigger type as Alert Type and specify the Rule Generator value 'Email_Phishing_Detected' to match alerts from the email security connector.,Create a webhook that pre-filters alerts before ingestion and only sends Email_Phishing_Detected alerts to Google SecOps SOAR for playbook processing.,3,"The Alert Type trigger fires based on the Rule Generator field, which is configured during connector setup. This allows playbooks to target specific alert types from specific sources, ensuring only phishing alerts from the email security product trigger this playbook. Reference: https://cloud.google.com/chronicle/docs/soar/respond/working-with-playbooks/using-triggers-in-playbooks"
GCP PSOE,"A security analyst needs to be notified immediately whenever a specific security-critical event appears in audit logs, such as a human user accessing the security key of a service account. The analyst wants to extract specific information from the triggering log entry to include in the notification. Which alerting approach should you recommend?",Create a Pub/Sub subscription to the audit log topic and configure Cloud Functions to parse and send notifications when matching events occur.,Create a counter-type log-based metric with a filter for the security event and configure a metric-based alerting policy with a threshold of 1.,Create a log-based alerting policy in Logs Explorer that matches the specific audit log event pattern and configure documentation to include relevant information.,Configure a SQL-based alerting policy in Log Analytics to query for the security event and extract the required fields.,3,"Log-based alerting policies are designed to notify you when a specific message appears in your logs and can extract data from the log entry that triggers the alert. They are useful for catching security-related events that are rare and important, where you want to know immediately that something occurred. Reference: https://cloud.google.com/logging/docs/alerting/log-based-alerts"
GCP PSOE,You are investigating a potential command and control (C2) communication incident. You have Cloud DNS query logs and VPC Flow Logs stored in a Cloud Logging bucket that has been upgraded to use Log Analytics with a linked BigQuery dataset. You need to correlate DNS queries to suspicious domains with subsequent network connections to the resolved IP addresses. Which approach should you use?,Export both log types to separate Cloud Storage buckets and use Cloud Dataflow to perform the correlation analysis.,"Create separate log-based metrics for DNS queries and VPC Flow Logs, then use Cloud Monitoring to correlate the metrics using cross-metric filtering.","Use BigQuery SQL to join the Cloud DNS query logs with VPC Flow Logs using the resolved IP address field, filtering by a time window after the DNS resolution.",Query the Logs Explorer with a filter that matches both dns.googleapis.com and compute.googleapis.com log types in the same query expression.,3,"BigQuery SQL allows you to join multiple log sources using common fields. By joining DNS query logs with VPC Flow Logs on the resolved IP address and applying time-based filtering, you can correlate DNS resolutions with subsequent network activity. This approach leverages the linked dataset capability to query log data with full SQL syntax. Reference: https://cloud.google.com/logging/docs/analyze/query-linked-dataset"
GCP PSOE,You are configuring Sensitive Data Protection to profile Cloud SQL databases across your organization and want to ensure that data profiles generate findings in Security Command Center for visibility into sensitive data locations. Your organization has Security Command Center Premium activated at the organization level. What must you configure to enable this integration?,"Add Cloud Data Loss Prevention as an integrated service in Security Command Center, then enable the 'Publish to Security Command Center' option in your discovery scan configuration.",Configure a Pub/Sub topic action in your discovery scan configuration and create a Cloud Function that transforms DLP profile notifications into SCC findings using the SCC API.,Enable the Security Command Center API in each project containing Cloud SQL databases and grant the DLP service agent the Security Center Findings Editor role.,Create an inspection job for each Cloud SQL database with the PublishSummaryToCscc action enabled to send findings summary to Security Command Center.,1,Security Command Center integration requires both enabling DLP as an integrated service and configuring the discovery scan to publish profiles. This allows data profiles to generate observation findings in SCC showing data sensitivity and risk levels. Reference: https://cloud.google.com/dlp/docs/send-profiles-to-scc
GCP PSOE,"A new advanced persistent threat (APT) campaign has been publicly disclosed with associated IOCs including IP addresses, domains, and file hashes. You need to determine if your organization was affected by this campaign using Google Security Operations (SecOps). The campaign may have been active in your environment for several months before detection. What is the most effective approach?",Submit all suspicious IOCs to VirusTotal for analysis and wait for the automatic alert generation in Google SecOps.,Enable real-time IOC matching and wait 30 days for the new indicators to be detected across future events.,Create YARA-L detection rules containing the IOCs and run a retrohunt against your historical data to identify any past matches.,Configure Google Threat Intelligence to scan your Cloud Storage buckets for the disclosed file hashes.,3,Google SecOps retrohunt functionality allows you to run detection rules against historical log data to identify matches that occurred before the threat was known. This is essential for threat hunting when investigating newly disclosed campaigns that may have been active in your environment. Reference: https://cloud.google.com/chronicle/docs/detection/run-rule-historical-data
GCP PSOE,Your organization's SOC team needs to implement a workflow in Google Security Operations (SecOps) SOAR where Tier 1 analysts complete initial triage and then escalate cases requiring further evaluation to Tier 2 analysts. You need to configure the playbook to automatically update the case stage when escalation occurs. Which case stage transition should the playbook execute to indicate that the case requires next-tier evaluation?,Change the case stage from Triage to Assessment.,Change the case stage from Triage to Incident.,Change the case stage from Triage to Investigation.,Change the case stage from Triage to Improvement.,1,"The Assessment stage specifically indicates that the case has been escalated to the next tier for evaluation, which is the exact purpose of Tier 1 to Tier 2 handoff. Triage is the default initial phase when the case is created, and Assessment represents the escalation point in the SOC workflow. Reference: https://cloud.google.com/chronicle/docs/soar/investigate/working-with-cases/what-actions-can-you-take-on-a-case"
GCP PSOE,Your organization uses Cloud Logging sinks to export security logs to a BigQuery dataset with date-sharded tables. The security team reports that querying logs across multiple days is slow and expensive. You want to improve query performance while maintaining the existing log data. What should you do?,"Create a new sink configured with partitioned tables enabled, and use BigQuery to query across both the historical date-sharded tables and new partitioned tables.",Enable Log Analytics on a logging bucket and create a linked BigQuery dataset to replace the existing sink destination.,Delete the existing date-sharded tables and recreate the sink with partitioned tables to ensure consistent table format.,"Modify the existing sink to switch from date-sharded tables to partitioned tables, which will automatically convert the historical data.",1,You can create a new sink with partitioned tables for improved performance going forward. Partitioned tables are recommended over date-sharded tables because BigQuery doesn't need to maintain separate schema and metadata for each partition. Historical data in date-sharded tables remains accessible and can be queried alongside new partitioned data. Reference: https://cloud.google.com/bigquery/docs/partitioned-tables
GCP PSOE,Your organization activated Security Command Center Premium before June 2023 and has been using the Security Command Center API for asset management. You need to maintain visibility into your cloud assets going forward. What action should you take to ensure continued access to asset inventory capabilities?,Migrate asset management operations from the Security Command Center API and gcloud scc assets commands to Cloud Asset Inventory.,Continue using Security Command Center Assets API and periodically update your API client libraries to maintain compatibility.,Upgrade to Security Command Center Enterprise tier to gain access to enhanced asset discovery features that replace the deprecated API.,Enable asset discovery in Security Command Center organization settings using the enable_asset_discovery flag to restore the deprecated functionality.,1,"Security Command Center asset management features were deprecated for organizations that activated SCC before June 20, 2023, and these features were removed on June 20, 2024. Cloud Asset Inventory is the recommended replacement for asset discovery and management, and it discovers assets automatically without requiring additional configuration. Reference: https://cloud.google.com/security-command-center/docs/how-to-api-configure-asset-discovery"
GCP PSOE,"Your organization has activated Security Command Center Premium tier at the organization level. You want to enable Event Threat Detection to monitor for network-based threats such as outgoing DDoS and malicious IP connections. However, you are constrained by budget and want to minimize additional logging costs while still enabling Event Threat Detection capabilities. What should you do?",Configure Cloud NAT logging as a substitute for VPC Flow Logs to reduce costs while maintaining full ETD network threat detection capabilities.,Enable VPC Flow Logs on all subnets and configure them to sample at 100% to ensure Event Threat Detection has complete network visibility.,"Enable Event Threat Detection without enabling VPC Flow Logs, as ETD can analyze an independent, internal stream of VPC flow data for network threat detection.","Disable Event Threat Detection and instead use Cloud IDS, which does not require VPC Flow Logs for network threat detection.",3,"Event Threat Detection can use foundational data sources to detect network threats without requiring you to enable VPC Flow Logs. When VPC Flow Logs are not enabled, ETD analyzes an independent, duplicate, and internal stream of VPC flow data. This approach minimizes logging costs while still providing network threat detection capabilities. Reference: https://cloud.google.com/security-command-center/docs/concepts-event-threat-detection-overview"
GCP PSOE,Your organization is configuring Event Threat Detection and needs to understand which log sources are automatically monitored without additional configuration. A security engineer asks which audit logs Event Threat Detection scans by default. Which statement about Event Threat Detection log monitoring is correct?,Admin Activity audit logs are always written and automatically scanned by Event Threat Detection without additional configuration.,All Cloud Audit Logs including Data Access logs are enabled and scanned by default when Event Threat Detection is activated.,VPC Flow Logs are automatically enabled across all VPCs when Event Threat Detection is activated in Security Command Center.,Google Workspace logs are automatically ingested when Security Command Center is activated at the project level.,1,"Admin Activity audit logs are always written and cannot be configured or disabled. Event Threat Detection automatically scans these logs. However, some other log types that Event Threat Detection can scan are turned off by default and may need to be enabled for comprehensive threat detection. Reference: https://cloud.google.com/security-command-center/docs/concepts-event-threat-detection-overview"
GCP PSOE,You recently enabled Container Threat Detection on a new GKE cluster in your organization. Your security analyst reports that no findings are being generated even though test activities were performed immediately after enablement. What is the most likely reason for this behavior?,The GKE cluster is running on an unsupported node operating system that is not compatible with Container Threat Detection.,Event Threat Detection must be enabled before Container Threat Detection can generate findings in Security Command Center.,The Container Threat Detection DaemonSet failed to deploy because the cluster lacks the required IAM service agent role.,Container Threat Detection has an activation latency of 3.5 hours for newly onboarded organizations or projects before findings can be generated.,4,"Container Threat Detection has documented activation latency of 3.5 hours for newly onboarded organizations or projects. This means findings may not appear immediately after enablement, and security teams should account for this delay during initial testing. Reference: https://cloud.google.com/security-command-center/docs/how-to-use-container-threat-detection"
GCP PSOE,Your security team is implementing an automated threat hunting workflow where Security Command Center findings trigger immediate IOC searches in Google SecOps. You need to deploy a Cloud Function that receives SCC finding notifications and queries the SecOps API. Which IAM configuration should you implement for the Cloud Function runtime service account?,Grant the Cloud Functions Invoker role to the SCC service account and use API keys stored in environment variables within the Cloud Function for Chronicle API authentication.,Configure the Cloud Function to impersonate a user principal with Security Center Admin role using domain-wide delegation and workload identity federation.,Create a custom service account with the Chronicle API Editor role for Google SecOps access and configure the Cloud Function to use this service account as its runtime identity.,Use the default Compute Engine service account with the Project Editor role to ensure the Cloud Function has all necessary permissions for any future security automation requirements.,3,"Creating a dedicated service account follows the principle of least privilege. The Chronicle API Editor role provides the necessary permissions to query and interact with Google SecOps APIs for threat hunting operations. Configuring the function's runtime service account ensures it operates with appropriate, scoped permissions. Reference: https://cloud.google.com/chronicle/docs/reference/feature-rbac-permissions-roles"
GCP PSOE,Your organization activated Security Command Center before June 2023 and has been using the Security Command Center API for asset management. You learn that these asset management features are being deprecated. What is the recommended migration path for asset inventory operations?,Enable Cloud Asset Inventory and manually configure asset discovery for each resource type you want to monitor.,"Migrate asset management operations to Cloud Asset Inventory, which discovers assets automatically without requiring manual discovery configuration.",Export all assets from Security Command Center to BigQuery and configure custom queries to replace the deprecated functionality.,Continue using the Security Command Center API but enable the enhanced asset discovery mode to receive extended support.,2,"Google has announced that Security Command Center's asset management features will be removed for organizations that activated before June 20, 2023. Cloud Asset Inventory is the recommended replacement, and it 'discovers assets automatically, so you do not need to enable or otherwise configure discovery.' Reference: https://cloud.google.com/security-command-center/docs/how-to-api-configure-asset-discovery"
GCP PSOE,"You are designing a Looker Studio dashboard architecture to visualize Security Command Center findings exported to BigQuery. The dashboard will be used by multiple teams, including the SOC team and compliance auditors. You want to ensure that compliance auditors only see findings related to their specific projects while the SOC team sees all findings. How should you configure the data access?","Create separate reusable data sources with SQL queries filtered by project, and share each data source with the appropriate team.","Create one report for the SOC team and share it broadly, then rely on BigQuery row-level access policies to restrict auditor visibility.",Configure filter by email address in a single data source to dynamically show project-specific findings based on the viewer's email.,"Use Looker Studio Pro team workspaces to manage access, with separate workspaces for SOC and compliance teams.",1,Creating separate reusable data sources with project-filtered SQL queries allows you to control data access at the data source level. The SOC team uses an unfiltered data source while compliance auditors use a filtered one. Reusable data sources provide better governance since access can be managed independently of reports. Reference: https://cloud.google.com/looker/docs/studio/data-governance-in-looker-studio-an-overview
GCP PSOE,Your organization activated Security Command Center Premium and wants to analyze all cloud assets across the entire organization. The security operations team notices that the Assets page in Security Command Center displays asset information. Where does Security Command Center obtain this asset inventory data?,Security Command Center requires you to enable asset discovery in Organization Settings before assets are populated on the Assets page.,Security Command Center imports asset data from Cloud Logging by analyzing resource creation events in Cloud Audit Logs.,Security Command Center maintains its own independent asset discovery service that scans all Google Cloud resources in the organization.,"Security Command Center reads asset data directly from Cloud Asset Inventory, which automatically discovers and catalogs assets across the organization.",4,"As of the current implementation, Security Command Center's Assets page obtains its asset inventory data from Cloud Asset Inventory. Cloud Asset Inventory automatically discovers assets without requiring separate configuration in Security Command Center. Reference: https://cloud.google.com/security-command-center/docs/work-with-resources-in-the-console"
GCP PSOE,A security analyst reports that requests from specific corporate office IP addresses are being denied access to Cloud Storage buckets protected by a VPC Service Controls perimeter. The requests originate from users who should have access based on their corporate location. You need to allow access from these IP addresses while maintaining perimeter security. What should you do?,Create an egress rule that allows the service perimeter to send responses to the corporate IP address ranges.,"Create an access level in Access Context Manager with the corporate office public IP address ranges, and add the access level to the service perimeter configuration.",Add the corporate office VPC network to the perimeter as a member network to allow traffic from the corporate network endpoints.,Configure an ingress rule on the perimeter that specifies the corporate IP address ranges in the ingressFrom sources field and allows access to all resources.,2,"Access levels enable you to define conditions based on client attributes such as IP address ranges. When you add an access level to a perimeter, requests that meet the access level conditions can access protected resources from outside the perimeter without requiring additional ingress rules. Reference: https://cloud.google.com/vpc-service-controls/docs/use-access-levels"
GCP PSOE,Your security team has received a list of 500 malicious IP addresses from a threat intelligence feed. You need to search for connections to these IP addresses in Cloud Logging data that spans the past 90 days. The data resides in a log bucket that has been upgraded to Log Analytics. You want to implement a scalable and cost-effective solution for this threat hunting activity. What should you do?,Configure Cloud Logging sinks to stream all logs to Pub/Sub and build a real-time matching application to check against the IOC list.,"Create a linked BigQuery dataset from the log bucket, upload the IOC list as a BigQuery table, and use a SQL JOIN query to correlate log entries with the malicious IP addresses.","Export all logs from the past 90 days to Cloud Storage, download the files locally, and use a Python script to search for the malicious IP addresses.",Use the Logs Explorer to manually search for each IP address by entering individual filter queries for all 500 IP addresses sequentially.,2,"Creating a linked BigQuery dataset enables you to join log data with external datasets like IOC lists. This approach allows scalable SQL-based correlation, supports large IOC lists efficiently, and enables repeated queries without additional data movement costs. Reference: https://cloud.google.com/logging/docs/analyze/query-linked-dataset"
GCP PSOE,"Your organization has implemented Google Security Operations (SecOps) SOAR and needs to standardize the case escalation workflow. When high-priority cases are detected, you want to automatically notify the assigned SOC Manager, update the case stage to Assessment, and create a task for a Tier 2 analyst to review. You want to implement this using the most efficient approach. What should you do?",Configure a Quick Actions widget in the case view to allow analysts to manually execute the escalation workflow with a single click.,"Create a playbook block that includes the Change Case Stage action, Assign Case action, and Email > Send Email action, then incorporate this block into existing playbooks that handle high-priority cases.","Create a separate standalone playbook with a priority trigger that fires on high-priority cases to execute the Change Case Stage, Assign Case, and Send Email actions sequentially.","Write a custom Python integration in the IDE that uses the SOAR API to update case stages, send notifications, and create tasks programmatically.",2,"Playbook blocks are reusable mini-playbooks that let you implement common workflows across multiple playbooks. Any edit to a block automatically affects all playbooks that incorporate it, making this the most efficient and maintainable approach for standardizing escalation workflows. Reference: https://cloud.google.com/chronicle/docs/soar/respond/working-with-playbooks/working-with-playbook-blocks"
GCP PSOE,You are implementing SLO monitoring for a custom security scanning service that doesn't correspond to an automatically detected microservice in Cloud Monitoring. The service uses custom metrics to track scanning success rates. What should you do to enable SLO monitoring for this security service?,Use the Monitoring API to create metric-based alerting policies instead of SLOs since custom services cannot have SLOs defined.,Create a custom service in Cloud Monitoring and then define SLOs using custom metrics in the SLI configuration.,Configure the security scanning service as a Cloud Service Mesh service to enable automatic SLI detection and SLO creation.,Export the custom metrics to an external monitoring system that natively supports SLO monitoring for custom applications.,2,"When no existing service type accommodates an application, you can define a custom service. Custom services allow you to arbitrarily group SLOs together and create SLOs on business metrics that don't correspond to an existing microservice. You can then specify custom metrics as the SLI for your SLO. Reference: https://cloud.google.com/stackdriver/docs/solutions/slo-monitoring/ui/define-svc"
GCP PSOE,Your security operations team needs to receive immediate notifications when any user accesses a service account key from the Google Cloud console. You want to implement a solution that notifies the team each time this specific security event occurs in your audit logs. Which alerting approach should you use?,Configure a SQL-based alerting policy in Log Analytics to query for the service account key access event.,Create a user-defined counter log-based metric with an alerting policy that monitors when the count exceeds zero.,Create a system-defined log-based metric alerting policy that monitors audit log access patterns.,Create a log-based alerting policy from Logs Explorer using a filter that matches the service account key access event.,4,"Log-based alerting policies are designed for security-related events where you need to be notified when a specific message occurs in a log entry. As stated in the documentation, they are 'useful for catching security-related events in log entries, like...a human user accesses the security key of a service account.' Log-based alerting policies trigger on individual log entries matching your query. Reference: https://cloud.google.com/logging/docs/alerting/log-based-alerts"
GCP PSOE,"Detection engineering""Your organization is using Security Command Center Premium and needs to detect when Compute Engine instances are created in regions that violate your organization's data residency policy. The built-in Security Health Analytics detectors do not cover this specific requirement. You want to implement a detection mechanism that runs automatically when new instances are created. What should you do?",Create a Security Health Analytics custom module that uses CEL expressions to check if compute.googleapis.com/Instance resources are created in non-approved regions.,Create a Cloud Asset Inventory feed with a Pub/Sub notification and Cloud Functions to generate custom findings when instances are created in non-approved regions.,Configure an Event Threat Detection custom module using the Configurable allowed Compute Engine region template to monitor for instance creation in restricted regions.,Enable the built-in COMPUTE_REGION_VIOLATION detector in Security Health Analytics and configure it with your list of approved regions.,1,"Security Health Analytics custom modules support real-time scans that are triggered whenever an asset's configuration changes, including when new resources are created. Custom modules use YAML definitions with CEL expressions to specify the detection logic. You can specify one to five resource types to scan and define predicates to check resource properties like region. Reference: https://cloud.google.com/security-command-center/docs/custom-modules-sha-overview"
GCP PSOE,You are configuring Google Security Operations (SecOps) to ingest Cloud Audit Logs and Access Transparency logs for security analysis. You want to correlate customer administrative actions with any Google personnel access to establish a complete privileged access baseline. What is the key difference between these two log sources?,Cloud Audit Logs record actions by your organization's members while Access Transparency logs record actions taken by Google personnel.,Access Transparency logs are enabled by default for all projects while Cloud Audit Logs require explicit configuration.,Cloud Audit Logs are stored in the _Default bucket while Access Transparency logs require custom log sink configuration.,Cloud Audit Logs capture only read operations while Access Transparency logs capture both read and write operations by any user.,1,"Cloud Audit Logs record the actions that members of your Google Cloud organization have taken in your Google Cloud resources, whereas Access Transparency logs record the actions taken by Google personnel. When used together, they provide audit logging on both customer actions and Google administrative access to Customer Data. Reference: https://cloud.google.com/assured-workloads/access-transparency/docs/overview"
GCP PSOE,You need to monitor a security scanning service and determine whether it meets its service-level objectives. The service must respond to scanning requests within 200ms for 95% of requests over a calendar month. You need to select the appropriate SLI configuration in Cloud Monitoring. Which approach should you use?,Configure a windows-based SLI using availability as the metric type and filter for responses completed within 200ms.,Configure a request-based SLI using latency as the metric type and set the threshold to 200ms to define what constitutes a good request.,Configure an availability SLI with the SLO goal set to 200ms and the compliance period set to one calendar month.,Create a custom metric that records latency values and use a distribution-cut indicator with a percentile threshold of 95%.,2,"Request-based SLIs measure individual requests against a goodness criterion. For latency-based SLOs, you configure a threshold (200ms) where requests below that latency are counted as good, and the SLO target (95%) specifies what percentage must be good. Reference: https://cloud.google.com/stackdriver/docs/solutions/slo-monitoring/ui/create-slo"
GCP PSOE,"Your organization experienced a security incident where an attacker used compromised service account credentials to exfiltrate data from Cloud Storage buckets. You want to prevent similar incidents by ensuring that even with valid credentials, data cannot be copied to external destinations. Which approach should you implement?",Configure IAM Conditions on Cloud Storage buckets to restrict access based on source IP addresses of authorized networks.,Create VPC firewall rules that deny egress traffic from all VMs to the Cloud Storage service IP ranges.,Configure VPC Service Controls with an enforced perimeter that restricts Cloud Storage API access and blocks data copying to resources outside the perimeter.,Implement VPC Service Controls in dry run mode to log all data access operations and block suspicious transfers automatically.,3,"VPC Service Controls prevent data exfiltration by restricting service operations such as copying data to resources outside the perimeter, even when using valid credentials. An enforced perimeter actively blocks requests that violate the policy, protecting against both stolen credentials and malicious insiders. Reference: https://cloud.google.com/vpc-service-controls/docs/overview"
GCP PSOE,You are performing threat hunting on GKE clusters and want to investigate Container Threat Detection findings. You need to understand how Container Threat Detection collects runtime telemetry from your GKE nodes. Which architecture component is responsible for collecting and passing container event information to the detector service?,A GKE-managed control plane component that intercepts all container runtime calls through the Kubernetes API server.,A sidecar container automatically injected into each pod by the Container Threat Detection admission controller.,A central logging agent deployed as a Kubernetes Deployment that polls container logs from all nodes periodically.,A user mode DaemonSet deployed in the kube-system namespace with the label k8s-app=container-watcher.,4,Container Threat Detection passes event information through a user mode DaemonSet to a detector service for analysis. This DaemonSet runs in the kube-system namespace and can be identified by the label k8s-app=container-watcher. Reference: https://cloud.google.com/security-command-center/docs/how-to-use-container-threat-detection
GCP PSOE,Your incident response team has identified a sophisticated attack where compromised VMs are communicating with command-and-control servers using encrypted connections on standard HTTPS port 443. You need to implement network-level containment that blocks these specific malicious destinations while allowing legitimate business traffic. What approach should you use?,Enable VPC Service Controls dry-run mode to monitor API calls and configure egress policies to block unauthorized external data transfers.,Deploy Cloud IDS sensors and configure them to automatically block detected malicious traffic by integrating with VPC firewall rules.,Configure VPC firewall rules with destination IP addresses of the command-and-control servers and deny all egress traffic on port 443 to those addresses.,"Create a global network firewall policy with egress deny rules using FQDN objects that specify the known command-and-control server domain names, and assign appropriate priority.",4,Network firewall policies support FQDN (Fully Qualified Domain Name) objects that can be used as destinations in egress rules. This allows you to block traffic to specific malicious domains on port 443 while allowing legitimate HTTPS traffic to other destinations. The policy is evaluated based on DNS resolution of the specified FQDNs. Reference: https://cloud.google.com/firewall/docs/firewall-policies-rule-details
GCP PSOE,"During an active security incident, your incident response team needs to rapidly contain multiple compromised VMs across different projects within a Shared VPC environment. You need to implement firewall rules that can be centrally managed and applied consistently across all affected VMs. Which firewall configuration approach should the playbook specify?",Create a global network firewall policy with high-priority deny rules and associate it with the Shared VPC network to block traffic for VMs with specific secure tags.,Create individual VPC firewall rules in each service project targeting VMs by their internal IP addresses to block all suspicious traffic.,Deploy hierarchical firewall policies at the organization level with network tags to immediately isolate the compromised VMs across all projects.,Configure VPC Service Controls perimeters around each compromised project to prevent network communication between the affected VMs.,1,"Global network firewall policies are defined at the project level and can be associated with multiple VPC networks, enabling centralized management across a Shared VPC environment. Secure tags provide IAM-governed targeting that cannot be modified by users without appropriate permissions. Reference: https://cloud.google.com/firewall/docs/network-firewall-policies"
GCP PSOE,Your SOC team wants to track incident response efficiency metrics such as mean time to resolve (MTTR) and cases closed by analyst over time. Google Security Operations (SecOps) data is already exported to BigQuery. You need to create a long-term reporting solution that executives can access without requiring BigQuery expertise. What should you do?,Query the BigQuery tables directly in the Google Cloud console and export results as CSV files to share with executives on a weekly basis for trend analysis.,Connect Looker Studio to the BigQuery dataset containing case data using the BigQuery connector and create an interactive dashboard with calculated fields for MTTR and analyst performance metrics.,Create custom YARA-L rules in Google SecOps to calculate MTTR and display results in the SIEM dashboard for executive review.,Export case data from BigQuery to Google Sheets on a scheduled basis and create pivot tables for executives to analyze incident response trends and analyst performance.,2,"Looker Studio provides a self-service BI platform that can connect directly to BigQuery using the native connector. Executives can view interactive dashboards without needing SQL expertise, and calculated fields can derive metrics like MTTR from raw case timestamps. Reference: https://cloud.google.com/bigquery/docs/visualize-looker-studio"
GCP PSOE,"You have created a Cloud Monitoring dashboard with charts displaying log-based metrics derived from Security Command Center findings. You need to configure an alerting policy that notifies the security team when high-severity findings exceed a threshold. However, the security team reports that alerting is inconsistent. What should you check first to resolve this issue?",Change the alerting policy from metric-based to log-based alerting to receive notifications for individual log entries instead.,Configure the notification channel to use multiple delivery methods to ensure the security team receives alerts reliably.,Increase the alert threshold value to reduce the number of false positive notifications being generated.,Verify the Rolling window setting is at least 10 minutes for log-based metrics and configure how the policy handles missing data.,4,"Log-based metric time series can have data gaps and values of zero. For alerting policies monitoring log-based metrics, Google recommends setting the rolling window to at least 10 minutes and configuring how the policy handles missing data to avoid inconsistent alerting behavior. Reference: https://cloud.google.com/logging/docs/logs-based-metrics#missing-data"
GCP PSOE,You have activated Security Command Center Premium tier and enabled Event Threat Detection. Your security operations team reports that they are not seeing any Malware: Bad Domain findings even though you suspect malicious DNS activity in your environment. What is the most likely cause of this issue?,The Malware: Bad Domain detector must be manually enabled in the Event Threat Detection modules settings.,"Event Threat Detection findings are only visible in Cloud Logging, not in the Security Command Center console.","Cloud DNS logging is not enabled, which is required for Event Threat Detection to detect malware using domain resolution.",Event Threat Detection requires the Enterprise tier of Security Command Center to generate Malware: Bad Domain findings.,3,"Event Threat Detection can detect malware using domain resolution only when Cloud DNS logging is enabled. Some logs that Event Threat Detection scans are turned off by default, and Cloud DNS logs are essential for detecting Malware: Bad Domain findings. For network detection of malware through domain resolution, Cloud DNS logs are typically sufficient for most users. Reference: https://cloud.google.com/security-command-center/docs/concepts-event-threat-detection-overview"
GCP PSOE,You have configured a user-defined log-based counter metric to track authentication failures in your Cloud Logging environment. Security analysts report that the alerting policy monitoring this metric is generating false positive notifications during periods of low activity. You want to reduce false notifications while maintaining detection accuracy. What should you do?,Increase the rolling window value in the alerting policy condition to at least 10 minutes to ensure multiple matching log entries are counted before triggering an alert.,Modify the counter metric filter to use stricter matching criteria and reduce the number of labels to limit time series cardinality.,Configure the alerting policy to use a log-based alert instead of a metric-based alert to eliminate timing delays in metric aggregation.,Enable backfill for the log-based metric to populate historical data and establish a consistent baseline for anomaly detection.,1,"Log-based metric data can have gaps that result in false notifications during periods of low activity. Google documentation recommends increasing the rolling window value to reduce false positives, specifically stating that 'the value should be large enough to make sure that multiple log entries that match your filter are counted.' A minimum of 10 minutes is recommended for alignment period. Reference: https://cloud.google.com/logging/docs/logs-based-metrics/charts-and-alerts"
GCP PSOE,Your organization has enabled Security Command Center Premium tier and wants to deploy Container Threat Detection to monitor GKE clusters. Several of your clusters are running workloads in GKE Sandbox to provide additional isolation for untrusted code. You need to ensure Container Threat Detection can protect your containerized workloads. What should you do?,Configure Container Threat Detection to monitor only the control plane logs using Event Threat Detection while GKE Sandbox handles runtime protection.,Enable Container Threat Detection and configure it to use user-space monitoring mode that is compatible with GKE Sandbox workloads.,Create separate node pools for GKE Sandbox workloads and Container Threat Detection to ensure they operate on different nodes.,Disable GKE Sandbox on the clusters where you want to deploy Container Threat Detection since they are not compatible.,4,Container Threat Detection is not compatible with GKE Sandbox. The documentation explicitly states that GKE Sandbox must be disabled on clusters where you want Container Threat Detection deployed. This is because Container Threat Detection's kernel-level instrumentation conflicts with gVisor's sandboxing mechanism. Reference: https://cloud.google.com/security-command-center/docs/how-to-use-container-threat-detection
GCP PSOE,Your organization uses Security Command Center Premium and Google Security Operations (SecOps). Event Threat Detection has identified a suspicious outbound connection to a known malicious IP address. You need to determine if the same IP address has been observed elsewhere in your environment over the past 30 days. What is the most efficient approach?,Use Cloud Logging's Logs Explorer to search for the IP address across all log entries from the past 30 days using a filter query.,"Ingest SCC findings into Google SecOps, then use the IOC matches page to view all events associated with the malicious IP address across your security telemetry.",Create a continuous export from SCC to Pub/Sub and configure a Cloud Function to search for the IP address in Cloud Armor logs.,Export the SCC finding to BigQuery and run a SQL query to search for the IP address across all Cloud Audit Logs from the past 30 days.,2,"Google SecOps automatically correlates ingested IoCs against your security telemetry and displays all matches on the IOC matches page. This provides visibility into all instances where the malicious IP appeared in your environment, including historical data up to your retention period. Reference: https://cloud.google.com/chronicle/docs/investigation/alerts-iocs"
GCP PSOE,A compliance team at your organization requires visibility into when Google personnel access your organization's customer data stored in Google Cloud. They need to establish a baseline of Google administrative access patterns and alert when access exceeds a threshold. Which combination of Google Cloud features should you use to meet this requirement?,"Configure Cloud Identity Login Audit logs, export to Google SecOps, and create detection rules for anomalous access","Enable Access Transparency logs, configure a logs-based metric in Cloud Monitoring, and set up an alerting policy with defined thresholds","Enable Data Access audit logs for all services, route to a Cloud Storage bucket, and use Cloud Functions to analyze access frequency","Enable Cloud Audit Logs Admin Activity logging, create a BigQuery export sink, and schedule daily queries to analyze access patterns",2,"Access Transparency logs record actions taken by Google personnel when accessing customer data. You can monitor these logs using Cloud Monitoring API, create logs-based metrics to capture access patterns, and configure alerting policies that trigger when access exceeds specified thresholds. This approach enables both baseline establishment and anomaly detection. Reference: https://cloud.google.com/assured-workloads/access-transparency/docs/reading-logs"
GCP PSOE,"Your organization uses Security Command Center Enterprise with Security Health Analytics enabled. A security analyst notices that when a finding is remediated, the corresponding case remains open for several hours before closing. The analyst wants to understand when the case will automatically close. What triggers the automatic closure of a case created from Security Health Analytics findings?","The case closes immediately when the resource configuration is corrected in Google Cloud, as Security Health Analytics monitors changes in real-time.",The analyst must manually close the case after verifying remediation by running the Close Case action in the Security Operations console.,"When all findings in the case are either set to INACTIVE state by Security Health Analytics after detecting remediation or are muted, the case is automatically closed.",The case closes after 24 hours based on the Sync SCC Data job schedule configured in the SOAR Settings.,3,"Security Command Center automatically closes a case when all findings it contains are either inactive or muted. Security Health Analytics sets a finding state to INACTIVE when it detects that the underlying misconfiguration has been remediated during its next scan cycle. If you mute all findings in a case, the case is also closed automatically. Reference: https://cloud.google.com/security-command-center/docs/how-to-use-security-health-analytics and https://cloud.google.com/security-command-center/docs/mute-findings-in-cases"
GCP PSOE,"Your security team has created an isolated forensic project in Google Cloud for incident investigations. You need to configure IAM access so that only the incident response team can upload forensic evidence to the storage bucket, while ensuring no one can delete or modify existing evidence. Which IAM configuration should you implement?",Grant the incident response team the Storage Legacy Bucket Writer role on the forensic bucket and configure an IAM Deny policy to block object deletion.,Grant the incident response team the Storage Object Admin role (roles/storage.objectAdmin) on the forensic bucket and enable Object Versioning to track all changes.,Grant the incident response team the Storage Admin role (roles/storage.admin) on the project and use Cloud Audit Logs to monitor for unauthorized deletions.,Grant the incident response team the Storage Object Creator role (roles/storage.objectCreator) on the forensic bucket and configure a locked retention policy on the bucket to prevent deletion.,4,"The Storage Object Creator role allows uploading new objects but does not grant permissions to read, modify, or delete existing objects. Combined with a locked retention policy, this ensures that evidence can be collected but cannot be tampered with or removed until the retention period expires. This implements the principle of least privilege while maintaining evidence integrity. Reference: https://cloud.google.com/storage/docs/access-control/iam-roles and https://cloud.google.com/storage/docs/bucket-lock"
GCP PSOE,"Your organization has standardized a communication workflow for escalating high-severity incidents to stakeholders. This workflow involves sending approval requests via email, waiting for customer confirmation, and updating case stages based on the response. Multiple investigation playbooks across different environments need to use this identical escalation process. You want to implement this workflow efficiently while minimizing maintenance overhead. What should you do?","Create a playbook block with configurable input parameters for communication type and method, then insert this block into each parent playbook that requires the escalation workflow.","Copy and paste the escalation action sequence into each playbook manually, using placeholders to maintain consistency across different environments and alert types.",Create a separate escalation playbook and configure alert triggers to attach it as an additional playbook whenever high-severity alerts are generated.,Build a dedicated connector that triggers an external escalation service and integrate it as an action step within each playbook requiring the workflow.,1,"Playbook blocks are reusable mini-playbooks that can be inserted into multiple parent playbooks. Blocks support input parameters to customize their behavior and can return output values to parent playbooks. Any edit to a block automatically affects all playbooks that incorporate it, reducing maintenance overhead. Reference: https://cloud.google.com/chronicle/docs/soar/respond/working-with-playbooks/working-with-playbook-blocks"
GCP PSOE,Your security team observes that Security Health Analytics generates a large number of findings for resources in a development project that are intentionally configured with relaxed security settings for testing purposes. You want to suppress these findings for the development project while ensuring that new and existing findings in production projects remain visible. You also want the flexibility to easily reverse this suppression if the development project moves to production. What should you do?,Add security marks to resources in the development project to exclude them from Security Health Analytics detectors.,Create a dynamic mute rule with a filter that matches findings from the development project and configure it without an expiration date.,Disable Security Health Analytics for the development project using Security Command Center Services settings.,Create a static mute rule with a filter that matches findings from the development project.,2,"Dynamic mute rules can mute both existing and future findings based on filter criteria. When configured without an expiration date, they act indefinitely but can be easily deleted to reverse the suppression. Unlike static mute rules, dynamic rules automatically unmute findings when the rule is removed. Reference: https://cloud.google.com/security-command-center/docs/how-to-mute-findings"
GCP PSOE,Your organization needs to detect when cloud resources connect to IP addresses from your organization's private threat intelligence feed. The threat intelligence team regularly updates this feed with new indicators. You have Security Command Center Premium tier activated at the organization level. What is the most appropriate approach to implement this detection capability?,Create an Event Threat Detection custom module using the Configurable Bad IP template with your organization's maintained IP address list.,Export VPC Flow Logs to Google SecOps and create YARA-L rules that match against a reference list containing your threat intelligence IP addresses.,Configure Security Health Analytics custom detectors to scan network configurations for connections to the malicious IP addresses.,Configure the built-in Malware: Bad IP detector in Event Threat Detection to include your organization's custom IP address list.,1,"Event Threat Detection custom modules allow you to define detection parameters using your own threat intelligence. The Configurable Bad IP custom module template scans VPC Flow Logs for connections to IP addresses you maintain, runs alongside built-in detectors in real-time, and generates findings when matches are detected. Reference: https://cloud.google.com/security-command-center/docs/custom-modules-etd-overview"
GCP PSOE,Your security team needs to detect lateral movement activity where a user authenticates to multiple distinct hosts within a short time frame. You want to create a YARA-L rule in Google Security Operations (SecOps) that triggers only when the same user connects to more than three unique hostnames within a 15-minute window. Which YARA-L rule structure should you use?,Use a multi-event rule with a match section that groups by $user over 15m and a condition section that checks #hostname > 3.,Use a single-event rule with the over keyword in the events section to specify the 15-minute time window for user authentication events.,Create a rule with a condition section that uses count($hostname) > 3 without a match section to detect multiple host connections.,Implement a composite rule that chains multiple single-event authentication rules and aggregates results using detection-only mode.,1,"Multi-event YARA-L rules use the match section to group events by a common field (user) over a time window (15m), and the condition section can use the '#' operator to count distinct values of the hostname variable, triggering when more than three unique hosts are detected. Reference: https://cloud.google.com/chronicle/docs/detection/yara-l-2-0-overview"
GCP PSOE,"You are configuring VPC Service Controls for a Shared VPC environment with a host project and multiple service projects. After enabling the perimeter, service projects are unable to access protected APIs. What is the most likely cause and solution?",The service projects need egress rules configured to allow API access through the host project's network configuration.,VPC accessible services are not enabled for the perimeter. Enable VPC accessible services and add all restricted services to the allowed list.,The Shared VPC host project is not included in the same service perimeter as the service projects. Add the host project to the perimeter.,The perimeter needs to be recreated at the folder level using a scoped policy that includes both the host and service projects.,3,"When using Shared VPC, you must include the host project in a service perimeter along with any projects that belong to the Shared VPC. Network endpoints belonging to service projects appear to be outside the perimeter if only service projects are included, since subnets are associated with the host project. Reference: https://cloud.google.com/vpc-service-controls/docs/service-perimeters"
GCP PSOE,Your organization uses Sensitive Data Protection discovery to profile BigQuery tables. A table profile shows a 'High' data risk level even though the sensitivity level is only 'Moderate'. You need to understand why the data risk is elevated. What is the most likely explanation?,"The profiling job did not complete successfully, causing incomplete risk calculation and default elevated risk assignment.","The inspection template used for profiling included too many infoTypes, causing false positives that elevated the risk score.","The table contains moderate-sensitivity data but has no access controls to restrict data exposure, resulting in elevated data risk.",The table contains free-form text columns which automatically elevate data risk regardless of detected infoTypes.,3,Data risk level considers both the sensitivity level of the data and the presence of access controls. A table with moderate-sensitivity data that is widely accessible or lacks access controls will receive a higher data risk level than its sensitivity alone would indicate. Reference: https://cloud.google.com/sensitive-data-protection/docs/sensitivity-risk-calculation
GCP PSOE,"You are configuring Container Threat Detection for your organization's GKE clusters. Your security team requires detection of modifications to critical system files such as /etc/shadow and /etc/pam.d on container hosts. After enabling Container Threat Detection, you notice that these file monitoring detections are not being generated. What is the most likely cause?",Container Threat Detection requires the Premium tier of Security Command Center which has not been activated.,The Container Threat Detection DaemonSet has not been deployed on the GKE cluster nodes.,The file monitoring detectors are disabled by default to avoid performance degradation on workloads with significant file I/O.,The GKE clusters are using GKE Sandbox which is incompatible with file-level monitoring.,3,"Container Threat Detection includes file monitoring detectors that monitor for access or modification to critical system files. These detectors are disabled by default because workloads with significant file I/O, such as CI/CD systems, could potentially suffer performance degradation when these detectors are enabled. You must explicitly enable them. Reference: https://cloud.google.com/security-command-center/docs/concepts-container-threat-detection-overview"
GCP PSOE,Your organization is using Security Command Center Enterprise tier and you notice that some vulnerability findings have higher severity levels than their default category severity. You need to understand why certain findings are being escalated in severity. What is causing this behavior?,Security Health Analytics custom modules have been configured with override rules that increase severity based on resource labels.,"Risk Engine has calculated high attack exposure scores for these findings, which automatically increases the severity level when they expose designated high-value resources.","Event Threat Detection has correlated these vulnerabilities with active threat indicators, automatically elevating their severity classification.","The findings are associated with toxic combinations that have been identified by the posture management service, triggering automatic severity escalation.",2,"In the Enterprise tier, finding severity levels can dynamically change based on attack exposure scores calculated by Risk Engine. When attack path simulations determine that a finding exposes high-value resources, the severity level increases accordingly to reflect the actual risk, and can decrease if the exposure score decreases. Reference: https://cloud.google.com/security-command-center/docs/finding-severity-classifications"
GCP PSOE,"Incident response""Your security team is preparing to implement VPC Service Controls as part of your incident response containment strategy. Before enforcing a new service perimeter that would isolate a critical production project during incidents, you want to validate that the containment configuration will not disrupt legitimate business operations. What should you do?",Enable VPC Service Controls audit logging on the production environment and retrospectively analyze access patterns from the past 30 days to predict containment impact.,"Create a service perimeter in dry-run mode with the planned containment configuration, trigger a test workload, and analyze the violation logs to identify potential disruptions before enforcement.",Deploy the enforced service perimeter during a maintenance window and immediately roll back if production issues are detected within a monitoring period.,Create an identical test service perimeter in enforced mode in a non-production project and simulate the containment workflow with synthetic traffic.,2,"Dry-run mode allows testing of VPC Service Controls configurations without blocking access. Requests that would violate the perimeter are logged but not denied, allowing you to identify and resolve potential issues before moving to enforced mode during an actual incident. Reference: https://cloud.google.com/vpc-service-controls/docs/dry-run-mode"
GCP PSOE,Your organization uses Google Security Operations (SecOps) and exports security data to BigQuery. You need to implement automated weekly reports that calculate the total number of incidents by severity and the average case resolution time for the previous week. The reports should be stored in a dedicated BigQuery table for historical tracking. What should you do?,Configure the Google SecOps BigQuery export to automatically generate summary metrics tables alongside the raw event data export.,"Create a BigQuery scheduled query that runs weekly, calculates incident metrics from the exported SecOps data, and writes results to a dedicated reporting table with date partitioning.","Use Looker Studio scheduled email delivery to send weekly dashboard snapshots, then manually save the results to BigQuery for historical records.","Develop a Cloud Function that queries BigQuery daily and aggregates the results into a Google Sheet, then configure Looker Studio to read from the Sheet.",2,BigQuery scheduled queries allow you to automate recurring SQL queries that calculate metrics and store results in destination tables. Using date partitioning enables efficient historical tracking and querying of weekly metrics over time. Scheduled queries can run automatically on a weekly schedule without manual intervention. Reference: https://cloud.google.com/bigquery/docs/scheduling-queries
GCP PSOE,Your organization has deployed Google Security Operations (SecOps) and needs to perform post-incident analysis on historical detection data to identify trends in rule effectiveness over time. You want to analyze which detection rules generate the most false positives versus true positives. Which BigQuery table should you query?,"udm_events_aggregates table, which stores aggregated data summarized by hour of normalized events.","ingestion_metrics table, which stores statistics related to ingestion and normalization of data from various sources.","rule_detections table, which stores detections returned by rules run in Google SecOps including rule metadata and detection timestamps.","ioc_matches table, which stores all indicator of compromise matches found against UDM events.",3,"The rule_detections table specifically stores detections returned by rules run in Google SecOps. This table contains the rule identifiers, detection timestamps, and related event data needed to analyze rule effectiveness and trends over time. Reference: https://cloud.google.com/chronicle/docs/reports/overview-chronicle-bigquery"
GCP PSOE,You are configuring Container Threat Detection for your GKE environment. A security architect asks you to explain how Container Threat Detection collects runtime telemetry from containers. Which statement accurately describes the Container Threat Detection architecture?,Container Threat Detection uses a sidecar container injected into each pod that streams events directly to Security Command Center.,Container Threat Detection uses a kernel module installed on each node that intercepts system calls and sends them to Cloud Logging.,Container Threat Detection uses an external agent deployed in a dedicated monitoring namespace that polls container metrics via the Kubernetes API.,Container Threat Detection uses a user mode DaemonSet that passes event information and container details to a detector service for analysis.,4,Container Threat Detection passes event information and information that identifies the container through a user mode DaemonSet to a detector service for analysis. Event collection is configured automatically when Container Threat Detection is enabled. The watcher DaemonSet passes container information in a best effort manner. Reference: https://cloud.google.com/security-command-center/docs/concepts-container-threat-detection-overview
GCP PSOE,"Your security operations team has created a Looker Studio dashboard displaying Security Command Center findings from BigQuery. Multiple analysts need to collaborate on developing and maintaining the dashboard, and you want to ensure that if an analyst leaves the organization, the dashboard remains accessible. You are using Looker Studio Pro. What should you do?","Create a team workspace and move the dashboard and data sources into the workspace, then add analysts as Contributors.",Create a Google Group containing all analysts and share the dashboard with the group as Editors.,Share the dashboard with individual analysts using the Share button and grant Editor permissions to each user.,Export the dashboard configuration to a JSON file and store it in a shared Cloud Storage bucket for version control.,1,"Team workspaces in Looker Studio Pro enable team collaboration in a shared space. When you create content in or move content into a team workspace, all members have access to the assets. If a member leaves the organization, remaining members can still access any assets that the former member added. The organization owns content created in Looker Studio Pro team workspaces, eliminating orphaned report issues. Reference: https://cloud.google.com/looker/docs/studio/about-team-workspaces"
GCP PSOE,"You are configuring Google Security Operations (SecOps) to automatically enrich security incidents with threat intelligence from VirusTotal. Your organization requires automated enrichment for file analysis, URL analysis, and the ability to search historical VirusTotal data for previously flagged malicious indicators. Which integration capability supports all these requirements?",Configure the standard VirusTotal integration with a free API key and enable automated enrichment for all entity types.,Configure Applied Threat Intelligence to ingest VirusTotal crowdsourced indicators and enable automated file submissions.,"Configure the VirusTotal v3 integration with Premium API access to enable file analysis, URL analysis, and retrohunting capabilities.",Enable native VirusTotal file metadata enrichment in Google SecOps without any additional API configuration.,3,"The VirusTotal v3 integration supports file analysis, URL analysis, and retrohunting capabilities to search historical VirusTotal data for files, URLs, IPs, or domains that were previously flagged as malicious. This integration requires VirusTotal Premium API. Reference: https://cloud.google.com/chronicle/docs/soar/marketplace-integrations/virustotal-v3"
GCP PSOE,Your organization's Security Operations team has detected a suspicious IAM role grant that may indicate a privilege escalation attempt. A user was granted the roles/owner role on a production project at an unusual time. You need to investigate the incident by identifying who performed this action and what specific changes were made. Which Cloud Audit Logs query approach should you use?,Query Admin Activity audit logs filtering on protoPayload.methodName containing 'SetIamPolicy' and examine the protoPayload.authenticationInfo.principalEmail and protoPayload.serviceData.policyDelta.bindingDeltas fields.,Query System Event audit logs filtering on resource.type equal to 'project' and examine the protoPayload.authorizationInfo field for permission grants.,Query Data Access audit logs filtering on protoPayload.methodName containing 'SetIamPolicy' and examine the protoPayload.request.policy field for role binding information.,Query Admin Activity audit logs filtering on protoPayload.serviceName equal to 'iam.googleapis.com' and examine the protoPayload.response.bindings field for current policy state.,1,"Admin Activity audit logs capture SetIamPolicy calls which modify IAM permissions, and the authenticationInfo.principalEmail field identifies who performed the action. The policyDelta.bindingDeltas field shows the specific role additions or removals, including the role granted and the member affected. Reference: https://cloud.google.com/logging/docs/audit/understanding-audit-logs"
GCP PSOE,You are configuring the SCC Enterprise - Urgent Posture Findings Connector for your organization's Security Command Center Enterprise deployment. Your team wants to ensure that findings are assigned to the correct resource owners for remediation. You need to configure the connector to determine ownership properly. What is the correct order of precedence that the connector uses to identify resource owners?,"Cloud tags inherited from the finding resource, then Essential Contacts, then the Fallback Owner parameter value.","Essential Contacts, then cloud tags inherited from the finding resource, then the Fallback Owner parameter value.","Fallback Owner parameter value, then Essential Contacts, then cloud tags inherited from the resource.","IAM policy bindings on the resource, then project-level Essential Contacts, then organization-level Essential Contacts.",1,"The connector first analyzes findings for cloud tag values inherited from the finding resource. If no cloud tags are present, it attempts to define the resource owner using Essential Contacts. If neither source provides ownership information, the connector uses the Fallback Owner parameter value configured in the connector settings. Reference: https://cloud.google.com/security-command-center/docs/determine-ownership-posture-findings"
GCP PSOE,"You have enabled Container Threat Detection in Security Command Center Premium tier for your organization. After deploying a new GKE cluster, you notice that Container Threat Detection is not generating findings for that cluster. The cluster is running a supported version of GKE with Container-Optimized OS nodes. What is the most likely cause of this issue?","The Container Threat Detection service agent has been deleted from the project, preventing findings from being generated.","The cluster nodes do not have sufficient memory resources to run the Container Threat Detection DaemonSet, causing the pods to fail.",Container Threat Detection is not enabled by default for new clusters and must be manually enabled in the Security Command Center settings after cluster creation.,The cluster is in a private VPC without proper network configuration to communicate with Google APIs and services required by Container Threat Detection.,4,"For Container Threat Detection to work, if the cluster is in a VPC, its network must meet routing, firewall, and DNS requirements to communicate with Google APIs and services. Private clusters require Private Google Access or Private Service Connect configuration. Reference: https://cloud.google.com/security-command-center/docs/how-to-use-container-threat-detection"
GCP PSOE,You are configuring Identity-Aware Proxy (IAP) to protect a web application. Your security policy requires that users must come from the corporate network (10.0.0.0/8) AND use an encrypted device to access the application. You have created an access level named 'corp_secure' in Access Context Manager that includes both IP subnet and device encryption requirements. What must you verify about the access level configuration?,Verify that Endpoint Verification is installed and the access level is configured with ALLOW_INVALID_OR_MISSING mode to permit gradual rollout.,Verify that the access level is defined at the organization level access policy and both conditions are configured within the same access level with AND semantics.,Verify that the access level is applied directly to the backend service using gcloud compute backend-services update command.,Verify that two separate access levels are created at the project level and both are selected in the IAP binding.,2,"Access levels used with IAP must be set in the organizational access policy (scoped policies are not supported by IAP). For multiple conditions that must all be met, they should be configured within the same access level where conditions within an access level are combined using AND semantics by default. Reference: https://cloud.google.com/iap/docs/cloud-iap-context-aware-access-howto"
GCP PSOE,Your organization has an Organization Policy constraint enforced at the organization level that denies specific Compute Engine regions. A project team has submitted a request to be exempted from this policy. You need to configure the project to allow the denied regions while maintaining the organization-level restrictions for other projects. Which action should you take at the project level?,Grant the project team the Organization Policy Administrator role to modify the constraint themselves.,Create a project-level organization policy that sets inheritFromParent to FALSE and allows the needed regions.,Delete the organization-level policy and recreate it with an exception for the specific project.,Create a project-level organization policy that sets inheritFromParent to TRUE and adds the needed regions to the allowed list.,2,"Setting inheritFromParent to FALSE prevents the policy from inheriting the parent's settings, allowing you to define a completely different policy at the project level. This effectively exempts the project from the organization-level restriction while maintaining restrictions for other projects. Reference: https://cloud.google.com/resource-manager/docs/organization-policy/understanding-hierarchy"
GCP PSOE,Your organization uses Google Security Operations (SecOps) with Applied Threat Intelligence enabled. You want to understand why a specific IOC was assigned its current priority level. The indicator is a domain that was flagged with 'High' priority. Which information sources does the ATI prioritization model consider when assigning the High priority level to domain indicators?,"Number of VirusTotal engine detections, domain age, whois registration data, and historical DNS records.","GTI Verdict, GTI Severity, Prevalence, and Attribution to threat actors or malware tracked by Mandiant.","GTI Verdict, GTI Severity, Active IR status, Prevalence, and network direction indicators.","IC-Score threshold, malware family classification, geographic origin, and MITRE ATT&CK technique mappings.",2,"The High model prioritizes indicators that weren't observed in Mandiant investigations but were identified by Google Threat Intelligence as being associated with threat actors or malware. The relevant features used by this model include GTI Verdict, GTI Severity, Prevalence, and Attribution. Reference: https://cloud.google.com/chronicle/docs/detection/ati-prioritization"
GCP PSOE,"Your organization has deployed Google Security Operations (SecOps) and wants to identify users who have significantly deviated from their historical behavior patterns. You need to configure the Risk Analytics dashboard to detect both rapid behavioral changes and slow, persistent attacks. Which configuration approach should you use?",Set the risk calculation window to 24 hours only and manually adjust entity risk scores using multiplication factors for long-term pattern detection.,Configure a single 7-day risk calculation window and rely solely on base entity risk scores to identify all types of behavioral deviations.,Create custom YARA-L rules to replace the Risk Analytics dashboard functionality for user behavior baseline monitoring.,Use both 24-hour and 7-day risk calculation windows and compare normalized entity risk trends between windows to identify different attack patterns.,4,"The Risk Analytics dashboard supports both 24-hour and 7-day risk calculation windows. According to Google documentation, brute force attacks are more apparent when setting the Risk Calculation Window to 24 hours, while longer time frames help spot long-term attacks. Comparing normalized entity risk trends across both windows provides comprehensive behavioral baseline deviation detection. Reference: https://cloud.google.com/chronicle/docs/detection/risk-analytics-dashboard"
GCP PSOE,You are creating a Cloud Monitoring dashboard to visualize security posture data from Security Command Center. You want to display the distribution of findings across different compliance frameworks such as CIS and NIST. Which widget configuration provides the most effective visualization?,"Configure a line chart widget with multiple data series, one per compliance framework, to show how each framework's finding counts change over time.","Add a pie chart widget that uses a log-based metric with labels for compliance framework, allowing you to see the proportional distribution of findings per framework.",Use a gauge widget to display the total finding count with color thresholds based on compliance risk levels for overall posture assessment.,Create a table widget that lists each compliance framework with its associated finding count and severity breakdown for detailed analysis.,2,"Pie charts in Cloud Monitoring can display the proportional breakdown of metric values. By creating a log-based metric with labels extracted from the compliance framework field in SCC findings, you can visualize how findings are distributed across different compliance standards. Reference: https://cloud.google.com/monitoring/charts"
GCP PSOE,"Observability""Your organization has set up a continuous export from Security Command Center to Pub/Sub. You notice that the Pub/Sub subscription has expired and no new findings have been delivered for over 31 days. You want to prevent this issue from recurring. What should you do?",Configure a Cloud Scheduler job to send heartbeat messages to the Pub/Sub topic every 24 hours to keep the subscription active.,Delete and recreate the NotificationConfig in SCC to refresh the connection between SCC and the Pub/Sub topic.,Enable the SCC notification service account to automatically renew subscriptions by granting it the pubsub.subscriptions.update permission.,Recreate the Pub/Sub subscription with the --expiration-period flag set to 'never' to prevent automatic expiration.,4,"By default, Pub/Sub subscriptions expire after 31 days of inactivity. Setting the --expiration-period flag to 'never' when creating the subscription ensures it does not automatically expire, which is critical for continuous security monitoring pipelines. Reference: https://cloud.google.com/security-command-center/docs/how-to-enable-real-time-notifications"
GCP PSOE,"You need to detect when Cloud KMS CryptoKey resources in your organization have a rotation period longer than 30 days, which violates your organization's internal compliance policy. The built-in Security Health Analytics detectors do not check for this specific rotation period threshold. You want to implement a detection that produces findings in Security Command Center. What should you do?",Configure an Organization Policy constraint to enforce a maximum CryptoKey rotation period and rely on SCC posture management to detect violations.,Create an Event Threat Detection custom module to monitor Cloud Audit Logs for CryptoKey operations with non-compliant rotation periods.,Use the SCC API to create custom findings programmatically when a Cloud Function detects non-compliant CryptoKey configurations.,Create a Security Health Analytics custom module that uses a CEL expression to check if the CryptoKey rotationPeriod property exceeds 30 days.,4,"Security Health Analytics custom modules allow you to define custom detection rules for misconfigurations that are not covered by built-in detectors. CEL expressions can evaluate resource properties like rotationPeriod against thresholds you specify, generating findings when the condition is met. Reference: https://cloud.google.com/security-command-center/docs/custom-modules-sha-create"
GCP PSOE,Your organization's security operations team needs to create real-time security dashboards in Looker Studio to visualize Security Command Center (SCC) findings. The dashboards must display findings data that updates continuously as new security issues are detected. Which approach should you use to provide the data to Looker Studio?,Use the SCC API to directly query findings from Looker Studio using a custom connector.,Schedule bulk exports from SCC to BigQuery daily and connect Looker Studio to refresh the data source each morning.,"Export SCC findings to Cloud Storage as CSV files, and configure Looker Studio to use file upload data sources.","Configure SCC continuous export to BigQuery, and connect Looker Studio to the BigQuery findings table.",4,SCC continuous export streams new and updated findings to a BigQuery table in near real time. Looker Studio can then connect directly to this BigQuery table to create interactive visualizations that reflect the latest security findings. This is the recommended method for continuous data availability. Reference: https://cloud.google.com/security-command-center/docs/how-to-analyze-findings-in-big-query
GCP PSOE,"Your security team is planning to enforce a new organization policy constraint that restricts the creation of external IP addresses on Compute Engine VMs. Before enforcing this policy in production, you need to understand its impact on existing resources and workloads without actually blocking any operations. What should you do?",Create the organization policy at a folder level for non-production projects before applying it organization-wide.,Create the organization policy using the dryRunSpec field to audit violations without enforcing the policy.,Configure Cloud Monitoring alerts for the constraint and then enforce the policy immediately.,"Use Policy Simulator to test the constraint, then immediately enforce the policy at the organization level.",2,An organization policy in dry-run mode logs violations as audit events without actually denying the violating actions. This allows you to understand the impact of the policy change over time before enforcing it in production. Reference: https://cloud.google.com/resource-manager/docs/organization-policy/dry-run-policy