GCP PSOE,Your threat hunting team has developed a hypothesis that attackers are using a specific pattern of low-prevalence domains for command and control communication. You want to create a YARA-L rule in Google Security Operations (SecOps) that identifies network connections to domains that have been accessed by only one internal asset in your environment. Which enrichment field should you use in your detection rule?,Use the target.domain.reputation_score field to filter for domains with unknown reputation indicating low prevalence.,Query the graph.entity.domain.first_seen_timestamp to identify newly observed domains in the environment.,Create a reference list of known low-prevalence domains and match network events against this static list.,Use the graph.entity.domain.prevalence.rolling_max field set to 1 to identify domains with minimal internal access over a 10-day rolling window.,4,"Google SecOps calculates prevalence statistics that indicate how many unique internal assets have accessed a given domain. The rolling_max field represents the maximum daily prevalence score over the previous 10-day window. A value of 1 indicates the domain was accessed by only one internal asset, which is characteristic of potential C2 infrastructure. Reference: https://cloud.google.com/chronicle/docs/event-processing/data-enrichment"
GCP PSOE,Your SOC team needs to share a custom Google Security Operations (SecOps) dashboard with another team that operates a separate SecOps instance in a different region. The dashboard contains custom threat visualization charts. What is the correct procedure to accomplish this?,Export the dashboard to a JSON file from your instance and have the other team import the JSON file into their SecOps instance.,Export the dashboard LookML code and provide it to the other team to import into their Looker-based dashboard system.,Configure Workforce Identity Federation to enable cross-instance dashboard access between the two SecOps deployments.,Share the dashboard URL with the other team and grant them viewer access through the dashboard sharing settings.,1,Google SecOps native dashboards can be exported to JSON files that contain the dashboard layout and filter settings. These JSON files can then be imported into another SecOps instance. This is the supported method for sharing dashboards across instances. Reference: https://cloud.google.com/chronicle/docs/reports/manage-native-dashboards
GCP PSOE,"Your organization has deployed multiple Event Threat Detection custom modules to detect connections to IOCs from various threat intelligence feeds. During a security incident, you notice that expected findings are not appearing for some IOC matches. You suspect the custom modules may have exceeded a quota limit. What is the default quota limit for custom module findings per parent resource per hour in Event Threat Detection?",200 findings per parent resource (organization or project) per hour,Unlimited findings with a rate limit of 10 findings per second,50 findings per custom module per hour,1000 findings per parent resource (organization or project) per hour,1,"Event Threat Detection custom modules have a quota limit of 200 custom module findings per parent resource per hour. Each finding counts towards either the organization or project quota, depending on which level the source custom module was created. This limit cannot be increased, so organizations with high-volume detection needs should design their custom modules accordingly. Reference: https://cloud.google.com/security-command-center/docs/custom-modules-etd-overview"
GCP PSOE,"After configuring a log sink to route security-relevant logs to a Cloud Storage bucket for forensic evidence collection, you discover that the sink was created 3 days after the security incident began. You need to preserve the historical logs from the 3-day gap that were stored in the Cloud Logging _Default bucket. What should you do?",Use the gcloud logging copy command to copy the historical logs from the _Default bucket to the Cloud Storage bucket.,Modify the sink to use a backdated filter to capture logs from the 3-day period before the sink was created.,Export the logs using the Logs Explorer to a local file and manually upload them to the Cloud Storage bucket.,Contact Google Cloud Support to request extraction of the missing logs from Cloud Logging internal archives.,1,Cloud Logging provides the ability to retroactively copy log entries that are already stored in log buckets to Cloud Storage buckets using the copy logs feature. This allows recovery of logs from the gap period before the sink was configured. Reference: https://cloud.google.com/logging/docs/routing/copy-logs
GCP PSOE,Your company must comply with SEC Rule 17a-4(f) requirements for retaining security logs for 7 years in an immutable format. You are configuring a Cloud Storage bucket as the destination for security logs routed via Cloud Logging sinks. Which Cloud Storage configuration should you implement to meet the immutability requirement?,Configure the Cloud Storage bucket with Archive storage class and set object retention to 7 years.,Configure a retention policy on the Cloud Storage bucket with a 7-year retention period and lock the policy.,Enable Object Versioning on the Cloud Storage bucket and configure a lifecycle policy to retain versions for 7 years.,Enable customer-managed encryption keys (CMEK) and configure Cloud KMS key rotation every 90 days.,2,"Bucket Lock with a locked retention policy ensures objects cannot be deleted or modified until the retention period expires. Once locked, the policy cannot be removed or reduced, meeting WORM (Write Once Read Many) requirements for SEC Rule 17a-4(f), CFTC Rule 1.31(c)-(d), and FINRA Rule 4511(c) compliance. Reference: https://cloud.google.com/storage/docs/bucket-lock"
GCP PSOE,"You are establishing a data classification baseline across your organization's Cloud Storage buckets using Sensitive Data Protection. After running discovery scans, you notice that some buckets show a data risk level of 'Unknown.' What is the most likely cause of this status?","The data in the buckets could not be scanned successfully, making it uncertain whether sensitive data exists.","The buckets contain only public data with no access restrictions, resulting in undefined risk classification.","The buckets have been configured with automatic tagging enabled, which sets the data risk level to a placeholder status until reviewed.",The infoTypes specified in the inspection template do not match any data patterns in the buckets.,1,"According to Sensitive Data Protection documentation, an 'Unknown' data risk level indicates that the data couldn't be scanned successfully, leaving uncertainty about whether sensitive data exists. This can occur due to permission issues, unsupported file types, or other scanning failures. Reference: https://cloud.google.com/sensitive-data-protection/docs/sensitivity-risk-calculation"
GCP PSOE,"You have configured a user-defined log-based metric to count IAM policy changes for security monitoring. When you create an alerting policy based on this metric, you notice false notifications occurring due to gaps in the metric data. You need to reduce false notifications while maintaining effective security alerting. What should you do?",Increase the rolling window value in the alerting policy configuration to at least 10 minutes.,Configure the alerting policy to use metric-absence condition type instead of threshold condition.,Enable auto extraction on the log-based metric to fill in missing data points automatically.,Set the retest window to zero for the most responsive alerting policy configuration.,1,"Log-based metric data can have gaps that result in false notifications. Increasing the rolling window value reduces the risk of false notifications by aggregating data over a longer period, ensuring that multiple log entries matching the filter are counted before the condition is evaluated. Reference: https://cloud.google.com/logging/docs/logs-based-metrics/charts-and-alerts"
GCP PSOE,Your security team needs to monitor for IAM policy changes that grant sensitive roles. You want to be notified immediately when a log entry containing 'SetIamPolicy' with the 'roles/owner' role appears in your audit logs. What is the most appropriate alerting approach?,Configure Event Threat Detection in Security Command Center to detect IAM policy changes and create findings.,Create a log-based alerting policy from the Logs Explorer with a filter that matches Admin Activity audit log entries containing SetIamPolicy and roles/owner.,Create a user-defined counter metric for SetIamPolicy events and configure an alerting policy with a threshold greater than zero.,Create a SQL-based alerting policy that queries for SetIamPolicy events with roles/owner in the admin activity logs.,2,Log-based alerting policies scan individual log entries in near real time and send notifications when specific message patterns appear. This approach is ideal for detecting individual security-relevant events like IAM policy changes granting owner access. Reference: https://cloud.google.com/logging/docs/alerting/log-based-alerts
GCP PSOE,You are writing a YARA-L detection rule in Google Security Operations (SecOps) to identify multiple failed login attempts by the same user within a 10-minute window. The rule should generate a detection only when 5 or more failed logins occur. Which YARA-L rule structure correctly implements this detection logic?,Use the outcome section to set a counter variable and reference it in a separate aggregation rule that evaluates the threshold.,Create five separate event variables ($e1 through $e5) and specify all five must exist in the condition section within the time window.,"Use a match section with the user variable and 'over 10m', then specify '#e >= 5' in the condition section to count event occurrences.",Use a condition section with 'count($e) >= 5' and specify the 10-minute window using a timestamp comparison in the events section.,3,"YARA-L uses the match section to specify time windows and variables to group by, and the condition section uses the '#' operator to count event occurrences. The syntax '#e >= 5' checks that the event variable $e occurs 5 or more times within the match window. Reference: https://cloud.google.com/chronicle/docs/detection/yara-l-2-0-syntax"
GCP PSOE,Your security team suspects lateral movement within your Google Cloud environment. A compromised VM in the production subnet may be attempting to communicate with servers in other subnets that it should not normally access. You need to identify VMs that have established unexpected connections to multiple subnets within the past 24 hours using VPC Flow Logs exported to BigQuery. Which query approach should you use?,"Query the VPC Flow Logs table in BigQuery and use GROUP BY on jsonPayload.connection.src_ip to count distinct destination subnets, filtering for internal RFC1918 addresses and aggregating by source VM.",Query the VPC Flow Logs table in BigQuery and filter for jsonPayload.reporter='DEST' to capture all incoming traffic volumes sorted by bytes_sent.,Query the VPC Flow Logs table in BigQuery and use DISTINCT on jsonPayload.connection.dest_ip to find all external IP addresses contacted by any VM in the last 24 hours.,Query the VPC Flow Logs table in BigQuery and use COUNT(*) on all flow records grouped by timestamp to identify traffic spikes during off-peak hours.,1,"To detect lateral movement, you need to identify source IPs communicating with an abnormally high number of destination subnets. Grouping by source IP and counting distinct destination subnets reveals VMs scanning or connecting to multiple network segments, which is a key indicator of lateral movement. Reference: https://cloud.google.com/vpc/docs/flow-logs"
GCP PSOE,"Your organization is implementing VPC Service Controls. The security team requires that VMs inside the perimeter can only access BigQuery and Cloud Storage APIs, even though additional services like Compute Engine are also protected by the perimeter. How should you configure this requirement?",Configure firewall rules on the VPC network to block API traffic to all services except BigQuery and Cloud Storage.,Enable VPC accessible services for the perimeter and configure the allowed services list to include only BigQuery and Cloud Storage APIs.,Create an egress rule that denies all services except BigQuery and Cloud Storage from within the perimeter.,Remove all services except BigQuery and Cloud Storage from the restricted services list in the perimeter configuration.,2,"The VPC accessible services feature limits which services are accessible from network endpoints inside your perimeter to a specific set of services you define. By enabling this feature and specifying only BigQuery and Cloud Storage, VMs inside the perimeter can only access those APIs even if other services are in the restricted services list. Reference: https://cloud.google.com/vpc-service-controls/docs/manage-service-perimeters"
GCP PSOE,You are optimizing detection rules in Google Security Operations (SecOps) and need to check IP addresses against a maintained list of known malicious infrastructure. The list contains thousands of entries and is updated frequently by your threat intelligence team. What is the recommended approach for implementing this in your YARA-L rules?,Write individual 'or' conditions in the events section for each IP address to provide maximum flexibility for future modifications to the detection logic.,Store the IP addresses in a BigQuery table and use '$e.target.ip in EXTERNAL_QUERY(malicious_ips)' to perform a live lookup during rule evaluation.,"Configure the outcome section to calculate a risk score using 'if($e.target.ip = [list of IPs], 100, 0)' to assign scores based on matches.",Create a reference list containing the malicious IP addresses and use the 'in %' operator in the events section to check if '$e.target.ip in %malicious_ip_list'.,4,"Reference lists are designed for grouping items that need to be checked against events. Using the 'in %' operator with a reference list in the events section is the recommended approach for checking values against large, frequently updated lists. Reference: https://cloud.google.com/chronicle/docs/detection/yara-l-best-practices"
GCP PSOE,You are implementing a detection solution where Cloud Logging data stored in a log bucket with Log Analytics enabled needs to be enriched with external threat intelligence data from a commercial feed stored in a separate BigQuery dataset. You want analysts to query both datasets using SQL without duplicating log data. What should you do?,"Create a linked BigQuery dataset for the log bucket, then use BigQuery SQL to JOIN the log view with the external threat intelligence dataset.",Use federated queries from Log Analytics to access the external threat intelligence BigQuery dataset without creating a linked dataset.,"Route logs directly to a BigQuery dataset using a log sink, then JOIN with the threat intelligence dataset.","Export threat intelligence data to the log bucket, then query both datasets using Log Analytics SQL.",1,"Creating a linked BigQuery dataset for a log bucket enables BigQuery to read the log data without data duplication or additional ingestion costs. The linked dataset allows SQL JOINs with any other BigQuery dataset, including the external threat intelligence feed, providing unified query access. Reference: https://cloud.google.com/logging/docs/analyze/query-linked-dataset"
GCP PSOE,Your organization wants to build an automated threat hunting workflow that triggers whenever new high-priority IOCs are published to a centralized threat intelligence feed. The workflow should search historical logs in Google Security Operations (SecOps) for matches against these new IOCs. You need to design a solution that minimizes operational overhead and responds to threat intelligence updates in near real-time. What should you do?,"Create a Pub/Sub topic to receive threat intelligence updates, deploy a Cloud Function with an Eventarc trigger subscribed to the topic, and use the function to call the Google SecOps Detection Engine API to initiate retrohunts against the new IOCs.",Create a Compute Engine VM running a continuous polling script that checks for new IOCs and directly writes search queries to the Google SecOps SIEM Search page using browser automation.,"Configure Cloud Scheduler to periodically poll the threat intelligence feed every 5 minutes, then use a Cloud Function to compare current and previous IOC lists and manually query logs using BigQuery.","Deploy a Cloud Function with an HTTP trigger that external threat intelligence providers call directly, and store results in Cloud Storage for batch processing overnight.",1,"Pub/Sub provides reliable, asynchronous message delivery for threat intelligence updates, and Eventarc triggers enable near real-time invocation of Cloud Functions. The Detection Engine API supports programmatic retrohunt execution to search historical data for new IOC matches. This event-driven architecture minimizes operational overhead by eliminating polling and manual intervention. Reference: https://cloud.google.com/functions/docs/calling/pubsub and https://cloud.google.com/chronicle/docs/reference/detection-engine-api"
GCP PSOE,You need to add a widget to your Cloud Monitoring security dashboard that shows the status of alerting policies monitoring Security Command Center findings. You want analysts to quickly identify if there are any open incidents related to security findings. What should you do?,"Create a scorecard widget that displays the count of active SCC findings, using red and green thresholds to indicate normal versus elevated states.","Add a text widget with a link to the Cloud Monitoring Alerting page, so analysts can navigate to view all incident details when needed.","Configure a logs panel widget that filters for SCC finding notifications, allowing analysts to review recent security events in real-time.","Add an Alert Policy widget to the dashboard, selecting the alerting policy that monitors your SCC findings log-based metrics, which displays open incidents and threshold violations.",4,"Alert Policy widgets in Cloud Monitoring dashboards display the monitored metric, threshold, and the number of open incidents. This provides analysts with immediate visibility into whether alerting conditions are being met and if action is required. Reference: https://cloud.google.com/monitoring/alerts/manage-alerts"
GCP PSOE,Your organization's threat intelligence team has identified a set of malicious IP addresses associated with an emerging threat campaign targeting your industry. You need to configure Security Command Center to detect when any of your Google Cloud resources communicate with these IP addresses in near-real time. Which approach should you use?,Configure a Security Health Analytics custom module to scan for connections to the identified IP addresses.,Create a Configurable Bad IP custom module for Event Threat Detection with your organization's list of malicious IP addresses.,Enable the built-in Malware: Bad IP detector and wait for Google to update its threat intelligence with your IP addresses.,Export VPC Flow Logs to BigQuery and create scheduled queries to identify connections to the malicious IP addresses.,2,"The Configurable Bad IP custom module allows you to specify a custom list of suspicious IP addresses. When VPC Flow Logs indicate a connection to any supplied IP address, a finding is generated and written to Security Command Center in near-real time. This directly addresses the requirement to detect communications with known malicious IPs identified by your threat intelligence team. Reference: https://cloud.google.com/security-command-center/docs/custom-modules-etd-overview"
GCP PSOE,"Your organization uses Security Command Center Premium and has received multiple vulnerability findings. You need to prioritize remediation effectively. According to Google Cloud best practices, which factor should you prioritize first when determining which vulnerabilities to remediate?","Resource type, as compute resources should always be prioritized over storage or network resources regardless of severity.","Finding age, as older vulnerabilities represent greater accumulated risk over time and should be remediated first.","Attack exposure scores, as they indicate which findings expose your designated high-value resources through potential attack paths.","Static severity classifications, as CRITICAL findings should always be addressed before HIGH severity findings.",3,"Google Cloud recommends prioritizing vulnerability and misconfiguration findings by attack exposure scores before prioritizing by severity. Attack exposure scores are dynamic indicators calculated based on specific finding instances, affected resources, and the difficulty an attacker would face reaching your high-value resources. This provides more contextual prioritization than static severity levels alone. Reference: https://cloud.google.com/security-command-center/docs/vulnerabilities-prioritize-remediation"
GCP PSOE,Your threat hunting team needs to identify suspicious service account impersonation in your Google Cloud environment using Cloud Logging. You want to detect when service accounts are being used to make API calls from unusual source IP addresses. Which log field should you examine in your Logs Explorer query?,protoPayload.status.code to identify failed authentication attempts from invalid IP addresses.,protoPayload.requestMetadata.callerIp to identify the IP address of the caller making the API request.,protoPayload.authenticationInfo.principalEmail to identify which service account is being used.,resource.labels.project_id to identify which project the service account belongs to.,2,"The callerIp field in requestMetadata captures the IP address from which the API call originated. By correlating this with the authenticated principal, you can identify when service accounts are being accessed from unexpected locations indicating potential credential compromise or unauthorized impersonation. Reference: https://cloud.google.com/logging/docs/audit/understanding-audit-logs"
GCP PSOE,Your organization wants to implement Cloud Monitoring alerting policies to detect security anomalies from custom security metrics that will be written by a third-party security appliance. The security team needs to create the alerting policy before the metrics start flowing to ensure immediate detection when the appliance goes live. The metrics will be written to the custom.googleapis.com namespace. What should you do?,Create a PromQL-based alerting policy using the Cloud Monitoring API with metric existence validation disabled.,Create a log-based alerting policy that monitors Cloud Logging for the first occurrence of the custom metric data.,Create a metric-absence alerting policy that triggers when the expected security metrics are not present.,Create the alerting policy using the Google Cloud console by selecting the expected metric type from the menu-driven interface.,1,"PromQL-based alerting policies support the option to disable metric existence validation, allowing you to create alerting policies for metrics that do not yet exist. This capability is particularly useful for configuring alerting policies using infrastructure-as-code tools like Terraform before the metrics are generated. Reference: https://cloud.google.com/monitoring/promql/promql-in-alerting"
GCP PSOE,Your team has deployed an automated remediation workflow using Security Command Center notifications and Cloud Functions. The Cloud Function successfully receives findings but fails when attempting to remediate resources in other projects within the organization. What should you do to resolve this issue?,Enable the Security Command Center API in all target projects and grant the SCC service agent cross-project access to invoke the Cloud Function.,Modify the NotificationConfig to include the target project IDs in the filter expression so the function receives project context.,Grant the Cloud Function's runtime service account the necessary IAM roles at the organization or folder level to allow cross-project remediation actions.,"Redeploy the Cloud Function in each project where remediation is needed, using project-specific NotificationConfig exports for each deployment.",3,"The runtime service account needs permissions on the target resources it will modify. For cross-project remediation, the service account must have IAM roles granted at a higher level in the resource hierarchy (organization or folder) that includes all target projects. Reference: https://cloud.google.com/functions/docs/securing/function-identity"
GCP PSOE,You are performing proactive threat hunting and need to identify anomalous service account impersonation in your Google Cloud environment. Security Command Center has detected a 'Privilege Escalation: Anomalous Impersonation of Service Account for Admin Activity' finding. You want to investigate this activity further using Cloud Logging. Which audit log field should you examine to identify the delegation chain?,protoPayload.requestMetadata.callerSuppliedUserAgent,protoPayload.authenticationInfo.serviceAccountDelegationInfo,protoPayload.response.bindings.members,protoPayload.authorizationInfo.permission,2,"The serviceAccountDelegationInfo field contains information about the service account delegation chain used in an impersonation request. This field shows the sequence of service accounts involved in the impersonation, which is essential for investigating anomalous impersonation detected by Event Threat Detection. Reference: https://cloud.google.com/logging/docs/audit/understanding-audit-logs"
GCP PSOE,"Your security team has enabled multiple Google Cloud Threat Intelligence (GCTI) curated detection rule sets in Google Security Operations. After two weeks, you notice that one rule set is generating a high volume of detections on known-safe internal assets. You want to reduce false positives while maintaining detection coverage for genuine threats. What should you do?",Disable the entire rule set and create custom YARA-L rules that replicate the detection logic while adding explicit exclusions for internal assets.,Configure rule exclusions for the affected rule set to exclude events based on UDM fields matching your known-safe internal assets such as specific hostnames or IP addresses.,Switch the rule set from Precise mode to Broad mode to reduce the sensitivity of detections and decrease the volume of alerts on internal assets.,Modify the curated detection rules directly in the Rules Editor to add 'not' conditions that exclude your internal asset IP ranges and hostnames.,2,Rule exclusions are specifically designed for curated detections to reduce detection volume by defining criteria that prevent certain events from being evaluated. This allows you to exclude known-safe assets while maintaining coverage. Reference: https://cloud.google.com/chronicle/docs/detection/use-curated-detections
GCP PSOE,"Your organization is approaching the Event Threat Detection custom module quota limit and needs to consolidate custom modules. You have multiple Configurable Bad IP modules, each detecting different threat categories. What is the maximum number of custom modules allowed per organization, and what is a key limitation you should consider when consolidating IP lists into fewer modules?","The default quota is 200 custom modules. Each module has a 6 MB size limit, so consolidated IP lists must fit within this constraint.",The default quota is 500 custom modules. Each module can only contain 1000 IP addresses in the detection parameters.,"The default quota is 100 custom modules. Each module can generate a maximum of 100 findings per hour, limiting detection frequency.","The default quota is 200 custom modules. Consolidated modules cannot mix different severity levels, requiring separate modules per threat category.",1,"Event Threat Detection custom modules have a default quota of 200 modules per organization and each module has a maximum size of 6 MB. When consolidating multiple IP lists into fewer modules, you must ensure the combined JSON configuration including all IP addresses, metadata, severity, and recommendations does not exceed this 6 MB limit. Reference: https://cloud.google.com/security-command-center/docs/custom-modules-etd-overview"
GCP PSOE,"Threat hunting""Your organization recently enabled Applied Threat Intelligence (ATI) in Google Security Operations (SecOps). You want to understand how IOC matches are prioritized to focus your threat hunting efforts on the most critical indicators. Which statement accurately describes how ATI prioritizes IOCs?",ATI requires manual priority assignment by analysts for each IOC match before generating alerts for the detection dashboard.,"ATI uses the Google Threat Intelligence (GTI) score to prioritize IOCs, assigning labels like Active Breach, High, and Medium based on confidence and threat severity.","ATI prioritizes IOCs based solely on the number of assets affected, with higher asset counts receiving Active Breach priority classification.","ATI assigns priority based on chronological order, with the most recently discovered IOCs receiving the highest priority level.",2,"Google SecOps now uses the Google Threat Intelligence (GTI) score for prioritization in Applied Threat Intelligence. The GTI score delivers a unified verdict aggregating threat intelligence data and assigns priority labels such as Active Breach, High, or Medium to IOCs. Reference: https://cloud.google.com/chronicle/docs/detection/ati-curated-detections"
GCP PSOE,"Your organization is using Security Command Center Enterprise with ticketing system integration. You want to ensure that when all findings in a case are addressed, the case is automatically closed without manual intervention. An analyst has muted all the findings in a case because they were determined to be acceptable risk. What happens to the case after all findings are muted?","The case priority is automatically lowered to informational, but the case stays open for tracking.",The case remains open but is moved to a separate 'Muted Cases' queue for periodic review.,Security Command Center automatically closes the case when all findings in it are muted.,The case remains unchanged and must be manually closed by an analyst after verification.,3,"When you mute all findings in a case, Security Command Center Enterprise automatically closes the case. This prevents muted findings from continuing to consume analyst attention and ensures the case queue reflects only active, unmuted findings that require triage. Reference: https://cloud.google.com/security-command-center/docs/mute-findings-in-cases"
GCP PSOE,"Your security operations team has configured an SLO for a critical authentication service with a 99.5% availability target over a 30-day rolling compliance period. The team wants to receive alerts that warn them well before the error budget is fully depleted, while avoiding excessive alert noise from short-lived issues. Which alerting configuration should you implement?",Create a burn-rate alerting policy with a threshold of 0.03% hourly consumption and a 1-minute lookback duration.,Configure an alerting policy that triggers when the remaining error budget drops below 50% of the total budget allocated for the compliance period.,Configure a burn-rate alerting policy with a slow-burn threshold of 2x the baseline consumption rate and a 24-hour lookback duration.,Configure an alerting policy on the availability metric with a threshold of 0.5% error rate and a 5-minute evaluation window.,3,A burn-rate alerting policy monitors how quickly your error budget is being consumed. A slow-burn alert with a 2x baseline threshold and 24-hour lookback period is a recommended starting point that detects sustained issues that would eventually deplete the error budget while avoiding alerts from brief spikes. Reference: https://cloud.google.com/stackdriver/docs/solutions/slo-monitoring/alerting-on-budget-burn-rate
GCP PSOE,"A security incident has been detected, and you must immediately place a legal hold on specific Cloud Storage objects that contain forensic artifacts while an investigation is ongoing. The retention duration is unknown at this time. Which Cloud Storage feature should you use?","Configure a bucket-level retention policy without locking it, setting a long retention period that can be extended if needed.",Enable Object Retention Lock on the bucket and set retain-until times on specific objects in locked mode.,Apply temporary holds to the specific objects containing forensic artifacts to prevent deletion until the hold is explicitly released.,Apply event-based holds to the objects and configure the bucket with a suitable retention policy that triggers when the hold is released.,3,"Temporary holds prevent objects from being deleted or replaced regardless of any retention policy, and they have no expiration date. This makes them ideal for legal holds where the retention duration is unknown. The hold remains until explicitly released by an authorized user. Reference: https://cloud.google.com/storage/docs/object-holds"
GCP PSOE,You have created an Event Threat Detection custom module at the organization level to detect connections to malicious IP addresses. A project team within your organization needs to disable this detection for their specific project while keeping it enabled for all other projects. How should you accomplish this?,Delete the organization-level custom module and recreate it individually in each project where detection is needed.,"Disable the inherited custom module at the project level, which only affects that specific project without changing the organization-level configuration.",Create an exclusion rule in the organization-level custom module to exempt the specific project's resources from detection.,Modify the organization-level custom module to add a project filter that excludes the specific project from scanning.,2,"When you disable an inherited custom module at the project level, the changes are only applied to that project. The original custom module residing at the parent organization level is not affected, and other projects continue to inherit the enabled module. This provides granular control over detection settings. Reference: https://cloud.google.com/security-command-center/docs/use-custom-modules-etd"
GCP PSOE,A security analyst on your team wants to reduce noise from irrelevant Security Health Analytics findings that are constantly appearing in cases. The analyst mutes all findings within a specific case. What happens to the case after all findings are muted?,"The case is archived for 30 days before being permanently deleted, allowing for potential unmuting of findings.",Security Command Center automatically closes the case because all findings within it are muted.,The case remains open and the muted findings are hidden from view but continue to affect case priority.,The case remains open but is moved to a low-priority queue for future review by analysts.,2,"When you mute all findings in a case, Security Command Center automatically closes the case. Muting findings prevents them from appearing in cases, and when no active or unmuted findings remain, the case lifecycle ends. Reference: https://cloud.google.com/security-command-center/docs/mute-findings-in-cases"
GCP PSOE,Your organization uses Event Threat Detection in Security Command Center Premium at the organization level. The security team wants to detect malware by monitoring DNS queries across your environment. You want to enable the required logging with cost optimization in mind. Which log source should you enable?,VPC Flow Logs with the default aggregation interval and 50% sample rate for comprehensive network visibility.,"Cloud DNS logging, which provides sufficient visibility for Event Threat Detection to detect malware using domain resolution.",Data Access audit logs enabled for all services to capture comprehensive access patterns for malware detection.,"Admin Activity audit logs, which are automatically written and provide malware detection capabilities.",2,"Cloud DNS logging provides sufficient visibility for Event Threat Detection to detect malware using domain resolution. For most users, Cloud DNS logs are sufficient for the network detection of malware, and this is the most cost-effective option compared to VPC Flow Logs. Reference: https://cloud.google.com/security-command-center/docs/concepts-event-threat-detection-overview"
GCP PSOE,Your organization runs workloads on Amazon Web Services (AWS) that need to access data stored in Google Cloud Storage. You want to configure authentication that follows least privilege principles and eliminates the need for long-lived credentials. What should you do?,"Configure Workload Identity Federation with an AWS identity provider, create a dedicated service account with only the required Cloud Storage permissions, and grant the roles/iam.workloadIdentityUser role to specific AWS principals.","Create a service account key for a service account with Storage Object Admin permissions, store the key in AWS Secrets Manager, and configure the AWS workload to use Application Default Credentials with the key.",Configure Workload Identity Federation and grant the roles/iam.workloadIdentityUser role to all members of the workload identity pool on a service account with Storage Admin permissions at the project level.,Create a Compute Engine default service account with Editor permissions and share the service account credentials with the AWS workload through a secure channel.,1,"Workload Identity Federation allows AWS workloads to authenticate using their native AWS credentials without service account keys. Creating a dedicated service account with minimal permissions follows least privilege, and granting workloadIdentityUser to specific principals rather than all pool members prevents over-permissioning. Reference: https://cloud.google.com/iam/docs/workload-identity-federation"
GCP PSOE,"Observability""Your security team requires the roles/securitycenter.notificationConfigEditor IAM role to manage notification configurations for Security Command Center findings. A team member with this role reports they cannot create a new NotificationConfig. What additional permission or role is most likely missing?",The Security Center Admin role (roles/securitycenter.admin) at the organization level.,The securitycenter.notification.create permission added via a custom role at the folder level.,The Project IAM Admin role (roles/resourcemanager.projectIamAdmin) on the SCC project.,The Pub/Sub Admin role (roles/pubsub.admin) on the target Pub/Sub topic.,4,"Creating a NotificationConfig requires both SCC notification permissions and Pub/Sub Admin role on the topic that will receive notifications. When the NotificationConfig is created, SCC automatically grants the securitycenter.notificationServiceAgent role to its service account on the topic, which requires pubsub.topics.setIamPolicy permission. Reference: https://cloud.google.com/security-command-center/docs/how-to-notifications"
GCP PSOE,Your organization uses Google Security Operations (SecOps) to establish user activity baselines and detect anomalies. You need to understand how entity risk scores are calculated and normalized to properly interpret the Risk Analytics dashboard. Which statement accurately describes the entity risk score calculation in Google SecOps?,Entity risk scores are calculated in real-time using machine learning algorithms that compare current behavior against peer group baselines with scores ranging from 0-100.,Entity risk scores are calculated using prevalence statistics that measure how commonly an entity's activity patterns occur across the enterprise environment.,Entity risk scores are static values assigned by detection rules and do not change based on the selected risk calculation window.,"Base entity risk scores are calculated by adding risk scores across findings for an entity during the risk window with weighting applied, then normalized to a range of 1-1000.",4,"Google SecOps calculates entity risk scores by aggregating the risk scores from findings (alerts and detections) within the selected risk window. Weighting defines how alert and detection risk scores contribute to the calculation, and scores are normalized using min-max normalization to a range of 1-1000, with entities having a 0 risk score excluded from the dashboard. Reference: https://cloud.google.com/chronicle/docs/detection/risk-analytics-overview"
GCP PSOE,Your incident response team is investigating a potential data exfiltration event. You need to aggregate logs from multiple Google Cloud projects across your organization into a centralized location for forensic analysis. The logs must be searchable using SQL queries while maintaining a complete audit trail. What is the most effective approach?,"Export logs from each project using the gcloud logging read command to local storage, consolidate them manually, and import into a SIEM for centralized analysis.","Create a Pub/Sub topic in each project, configure log sinks to publish to the topics, then use Dataflow to merge the streams into a single BigQuery table for analysis.","Create an aggregated sink at the organization level that routes logs to a centralized log bucket, upgrade the bucket to use Log Analytics, and create a linked BigQuery dataset for SQL-based forensic queries.","Configure individual log sinks in each project to export logs to a shared Cloud Storage bucket, then use BigQuery external tables to query the JSON log files for analysis.",3,"Aggregated sinks at the organization or folder level can route logs from multiple projects to a centralized destination. Upgrading the log bucket to Log Analytics enables SQL queries directly on log data, and linking to BigQuery provides additional analytical capabilities for forensic investigation. This maintains logs in their native format while enabling powerful analysis. Reference: https://cloud.google.com/logging/docs/routing/overview"
GCP PSOE,"Your security team is implementing log-based detection in Google Cloud and needs to analyze Admin Activity audit logs to identify potential privilege escalation attempts, such as IAM policy changes granting sensitive roles. The team requires the ability to aggregate findings, identify patterns across multiple log entries, and create visualizations. Which tool should you recommend for this analysis?",Use Log Analytics with SQL queries to analyze the Admin Activity audit logs stored in a Log Analytics-upgraded bucket.,Create log-based metrics for each IAM change type and view the metrics individually in Cloud Monitoring dashboards.,Use Logs Explorer with advanced filters to search Admin Activity audit logs and manually review matching entries.,Configure a log sink to export Admin Activity logs to Cloud Storage and use gsutil commands to analyze the exported files.,1,"Log Analytics supports SQL queries that can aggregate data, identify patterns across multiple log entries, and create visualizations. It is specifically recommended for generating insights and trends from logs, including security analysis use cases like detecting privilege escalation through IAM changes. Reference: https://cloud.google.com/logging/docs/analyze/query-and-view"
GCP PSOE,Your organization requires security logs exported to BigQuery to be retained for exactly 90 days before automatic deletion. You are configuring a new Cloud Logging sink to a BigQuery dataset and want to implement cost-effective storage management. What should you configure?,Configure the sink to use partitioned tables and set the table expiration to 90 days in the BigQuery dataset settings.,Configure the sink to use partitioned tables and set a partition expiration of 90 days at the dataset level or on the individual tables.,Configure the sink to use a linked BigQuery dataset from a Log Analytics-upgraded bucket with 90-day retention.,Configure the sink to use date-sharded tables and create a Cloud Function to delete tables older than 90 days on a daily schedule.,2,"Partitioned tables support partition expiration settings that automatically delete data older than the specified duration. Setting partition expiration at the dataset level applies the default to all tables, while table-level settings can override this. This provides automated lifecycle management for compliance and cost control. Reference: https://cloud.google.com/bigquery/docs/managing-partitioned-tables"
GCP PSOE,"Web Security Scanner has detected an XSS_CALLBACK finding in your production application. The security operations team needs to validate the finding before escalating to development. According to Google Cloud best practices, what is the recommended approach to reproduce and validate this vulnerability?",Configure a second Web Security Scanner scan targeting only the affected URL to confirm the vulnerability exists.,Review Cloud Audit Logs for the Web Security Scanner service account activities during the scan timeframe.,Follow the Reproduction URL link provided in the finding details in the Google Cloud console to verify if the attack can execute code.,Export the finding JSON definition to BigQuery and analyze the payload patterns used during detection.,3,Web Security Scanner provides a Reproduction URL that directly opens an alert dialog or injects the string XSSDETECTED to prove the attack can execute code. This allows security teams to validate findings before escalation. Reference: https://cloud.google.com/security-command-center/docs/how-to-remediate-web-security-scanner-findings
GCP PSOE,"You are configuring threat detection for your production GKE clusters and want to enable runtime threat detection to identify active threats such as cryptomining, privilege escalation, and malicious code execution. You have Security Command Center Premium activated. What must you verify before Container Threat Detection can function on your clusters?",Verify that all clusters have Binary Authorization enabled in enforcing mode to allow Container Threat Detection to verify container image signatures during runtime monitoring.,Verify that Cloud IDS is enabled for the VPC network to allow Container Threat Detection to correlate network-based indicators with container runtime events.,"Verify that all nodes are running Ubuntu-based images, as Container Threat Detection only supports Ubuntu node images for runtime threat monitoring and detection.","Verify that GKE Sandbox is disabled on clusters where you want Container Threat Detection deployed, as the two features are incompatible with each other.",4,"Container Threat Detection is not compatible with GKE Sandbox. GKE Sandbox provides an additional layer of isolation using gVisor, which prevents Container Threat Detection from accessing the low-level kernel events it needs for detection. This feature must be disabled on clusters where you want Container Threat Detection deployed. Reference: https://cloud.google.com/security-command-center/docs/how-to-use-container-threat-detection"
GCP PSOE,You are creating a sensitive data classification baseline for your organization's security operations. You need to detect organization-specific identifiers such as employee IDs and internal project codes that follow a specific pattern alongside standard PII. Which approach should you use with Cloud DLP?,Configure hotword rules on the built-in PERSON_NAME infoType to increase likelihood when employee ID patterns appear nearby.,"Create a stored infoType in BigQuery containing all existing employee IDs and project codes, and reference it in every inspection request.",Use only built-in infoTypes like GENERIC_ID and adjust the likelihood threshold to capture organization-specific patterns automatically.,Create an inspection template with both built-in infoTypes for standard PII and custom infoType detectors using regex patterns for your organization-specific identifiers.,4,"Inspection templates provide a reusable configuration that can include both built-in infoTypes and custom infoType detectors. Custom regex detectors allow you to define patterns that match organization-specific identifiers, ensuring consistent classification across all scanning operations. Reference: https://cloud.google.com/sensitive-data-protection/docs/creating-templates-inspect"
GCP PSOE,"Your security team is using Security Command Center Enterprise and notices that many low-severity Security Health Analytics findings are cluttering their case queue, preventing analysts from focusing on critical issues. You need to implement a solution that automatically prevents these low-severity findings from appearing in cases while ensuring they are still logged for compliance purposes. What should you do?","Configure dynamic mute rules to mute low-severity findings, which prevents them from appearing in cases while maintaining audit logs.",Configure the SCC Enterprise connector to filter out low-severity findings during ingestion.,Disable the Security Health Analytics detectors that generate low-severity findings to stop case creation entirely.,Delete the low-severity cases manually from the case queue as they appear to keep the queue manageable.,1,"Dynamic mute rules automatically mute current and future findings that match specified criteria. When findings are muted, they are hidden from cases and the default view but continue to be logged for audit and compliance purposes. Dynamic mute rules are the recommended approach for controlling finding volume. Reference: https://cloud.google.com/security-command-center/docs/how-to-mute-findings"
GCP PSOE,"Your organization wants to continuously monitor running GKE workloads for container images that violate security policies after initial deployment, including images deployed via breakglass during incident response. What should you configure?",Configure Binary Authorization enforcement mode to ENFORCED_BLOCK_AND_AUDIT_LOG on all clusters to monitor running workloads.,"Enable Binary Authorization continuous validation (CV) with check-based platform policies and configure checks for trusted directories, image freshness, and vulnerabilities.",Configure Security Command Center Container Threat Detection to monitor for policy violations in running containers.,Enable Artifact Analysis automatic scanning on all Artifact Registry repositories and configure Pub/Sub notifications for new vulnerabilities.,2,"CV with check-based platform policies periodically monitors Pods running on GKE to ensure their associated container images continue to conform to specified policies. Unlike enforcement which only validates at deploy time, CV continues to regularly log policy-violating Pods, including those deployed using breakglass. Reference: https://cloud.google.com/binary-authorization/docs/overview-cv"
GCP PSOE,Your threat hunting team needs to detect when external users are added to highly-privileged Google Groups that have sensitive IAM roles assigned. This activity could indicate privilege escalation. You need to configure the appropriate log sources and query approach. What should you do?,Create a SQL query in Log Analytics that joins Admin Activity logs with Google Workspace logs using the group email as the correlation key.,Monitor only SetIamPolicy calls in Admin Activity logs since they contain the complete list of group members receiving new permissions.,"Enable Google Workspace log sharing with Google Cloud, query Admin Activity audit logs for IAM role grants to groups, and correlate with Google Workspace logs for group membership changes.",Query Data Access audit logs for GetIamPolicy calls and examine the response field to identify all groups with privileged roles and their current members.,3,"Cloud Audit Logs record IAM role grants to groups but do not contain information on individual group members. By sharing Google Workspace logs with Google Cloud, you can correlate group membership changes with the sensitive roles assigned to those groups to detect privilege escalation through group manipulation. Reference: https://cloud.google.com/security-command-center/docs/concepts-event-threat-detection-overview"
GCP PSOE,Your security team needs to provide administrators with SSH access to Linux VMs that do not have public IP addresses. You want to implement a context-aware access solution that eliminates the need for bastion hosts or VPN connections while still enforcing identity-based access controls. What should you do?,"Configure a Cloud NAT gateway for the subnet containing the VMs and grant administrators the Compute Instance Admin role, then use standard SSH clients to connect through the NAT.","Enable Private Google Access on the subnet and configure IAP to forward SSH traffic through the private.googleapis.com endpoint, then assign the Compute OS Login role to administrators.","Enable IAP TCP forwarding and grant administrators the IAP-Secured Tunnel User role on the target VMs, then configure firewall rules to allow ingress from the IAP IP range 35.235.240.0/20 on port 22.","Deploy an IAP connector in the VPC network and configure the VMs to register with the connector, then grant administrators access through the IAP connector's web interface.",3,"IAP TCP forwarding allows SSH access to VMs without public IP addresses by tunneling traffic through IAP. Users need the IAP-Secured Tunnel User role to create tunnels, and firewall rules must allow traffic from IAP's IP range (35.235.240.0/20) to reach the SSH port. Reference: https://cloud.google.com/iap/docs/using-tcp-forwarding"
GCP PSOE,"Platform operations""You are configuring a Google Security Operations (SecOps) SOAR playbook for automated malware response. The playbook needs to enrich file hash entities using VirusTotal, make decisions based on the enrichment results, and quarantine files if they are malicious. Sensitive actions like quarantine should require human approval before execution. How should you configure the playbook actions?","Configure both actions as Automatic with Time to respond deadlines, and use the If previous action fails flow to skip quarantine if the deadline expires.",Configure all actions as Automatic and use the Expression Builder to prevent quarantine execution when VirusTotal returns non-malicious results.,"Configure the VirusTotal enrichment action as Automatic, add a Condition flow based on the enrichment JSON result, and set the quarantine action to Manual with assignment to a SOC role.","Configure the VirusTotal action as Manual for accuracy verification, add a Multi-Choice Question flow for the analyst, and set quarantine to Automatic for fast response.",3,"Playbook actions can be configured as Automatic or Manual. Enrichment actions that gather data should run automatically. The Condition flow allows branching based on previous action results (like VirusTotal scores). Sensitive actions like quarantine should be set to Manual and assigned to a user or SOC role, which pauses the playbook until human approval. Reference: https://cloud.google.com/chronicle/docs/soar/respond/working-with-playbooks/using-actions-in-playbooks"
GCP PSOE,You have enabled Event Threat Detection for your Google Cloud organization but notice that some threat categories are not generating findings. You want to maximize the threat detection capabilities of Event Threat Detection. Which logs should you review to ensure they are enabled?,Only Admin Activity audit logs need to be enabled because Event Threat Detection primarily relies on these logs for all threat detection capabilities.,Google Workspace logs must be enabled at the project level because Event Threat Detection requires these logs for detecting identity-based threats.,"All logs are enabled automatically when Event Threat Detection is activated, and no additional log configuration is required to maximize detection coverage.","Data access audit logs, Cloud DNS logs, and VPC Flow Logs should be reviewed because some of these logs that Event Threat Detection scans are disabled by default and must be explicitly enabled.",4,"Event Threat Detection scans specific logs to detect threats, and some logs like data access audit logs and VPC Flow Logs are turned off by default. Admin Activity audit logs are always on and scanned automatically, but other log types require explicit enablement. Reference: https://cloud.google.com/security-command-center/docs/concepts-event-threat-detection-overview"
GCP PSOE,Your incident response team suspects lateral movement within your GKE cluster after detecting suspicious activity on a compromised Pod. You need to analyze VPC Flow Logs to trace the network connections made by Pods within the cluster. You have enabled intranode visibility for the GKE cluster. What information should you use from VPC Flow Logs to correlate network flows with specific Pods?,"Use the GKE metadata annotations in VPC Flow Logs that include Pod name, namespace, and cluster information to map flows to specific workloads.",Use the source and destination VM instance names from VPC Flow Logs to identify which GKE nodes hosted the communicating Pods.,Export VPC Flow Logs to BigQuery and join with Kubernetes API audit logs using timestamp correlation to determine which Pods were active during each flow.,Query the source and destination port numbers from VPC Flow Logs and match them against known service ports in your GKE Services configuration.,1,"When intranode visibility is enabled for GKE, VPC Flow Logs include GKE metadata annotations that contain details about the source and destination endpoints including Pod name, namespace, and cluster information. These annotations enable correlation of network flows with specific Kubernetes workloads for lateral movement analysis. Reference: https://cloud.google.com/vpc/docs/about-flow-logs-records"
GCP PSOE,Your security team needs to create an automated threat hunting pipeline where SCC Event Threat Detection findings trigger a Cloud Function via Pub/Sub to search for related IOCs in historical logs. You must configure SCC to publish findings to the Pub/Sub topic. Which component should you configure to enable this integration?,Create a SCC notification configuration with a filter for Event Threat Detection findings that publishes to the Pub/Sub topic.,Configure an Eventarc trigger on the Cloud Function to directly receive SCC findings without using Pub/Sub.,Enable SCC streaming export directly to the Cloud Function endpoint URL.,Create a Cloud Logging sink with a filter for SCC findings that routes to a Cloud Function trigger.,1,"Security Command Center notifications enable findings to be sent to a Pub/Sub topic based on filter criteria. You can filter by source, category, or severity to target specific finding types like Event Threat Detection findings for automated threat hunting workflows. Reference: https://cloud.google.com/security-command-center/docs/how-to-notifications"
GCP PSOE,"Your detection engineering team has identified that Web Security Scanner managed scans are detecting XSS and SQL injection vulnerabilities in your production applications. However, you need to scan authenticated areas of your web applications that require user login. What should you do to improve detection coverage?",Configure Web Security Scanner custom scans with Google Account authentication or custom authentication credentials for the applications requiring authenticated scanning.,Enable Cloud Identity-Aware Proxy for your applications and configure managed scans to pass through IAP authentication automatically.,Create service accounts with appropriate IAM roles and configure managed scans to use service account impersonation for authenticated scanning.,Modify the managed scan settings to include authentication credentials for each application endpoint.,1,"Custom scans support authentication methods including Google Account authentication, allowing the scanner to access authenticated areas of web applications. Managed scans send GET-only requests and don't use authentication, so custom scans are required for authenticated scanning. Reference: https://cloud.google.com/security-command-center/docs/how-to-web-security-scanner-custom-scans"
GCP PSOE,"You are analyzing Cloud Asset Inventory data exported to BigQuery to identify all Compute Engine instances across your organization. When writing SQL queries against the exported data, how should you reference the Compute Engine instance asset type in the table name?",compute_googleapis_com_Instance,compute.googleapis.com/Instance,ComputeInstance,google.compute.Instance,1,"When Cloud Asset Inventory exports data to BigQuery, asset type names have periods and slashes replaced with underscores. The asset type compute.googleapis.com/Instance becomes compute_googleapis_com_Instance as the BigQuery table name. Reference: https://cloud.google.com/asset-inventory/docs/query-assets"
GCP PSOE,You are configuring Container Threat Detection for a production GKE cluster that runs a CI/CD system with significant file I/O operations. The security team wants to enable file monitoring detectors to detect access or modification to critical system files. You need to ensure the detectors are enabled while minimizing performance impact on workloads. What should you do?,Evaluate the performance impact of file monitoring detectors on a non-production workload before enabling them in production since these detectors are disabled by default.,Enable all Container Threat Detection modules immediately since file monitoring detectors have minimal performance impact on modern GKE clusters.,Deploy a separate dedicated GKE cluster specifically for file monitoring detection to isolate the performance impact from your CI/CD workloads.,Configure Cloud Monitoring alerts to track file operations instead of enabling Container Threat Detection file monitoring since it provides lower overhead.,1,Container Threat Detection file monitoring detectors are disabled by default due to potential performance degradation on workloads with significant file I/O like CI/CD systems. Google recommends evaluating the impact on any workload before enabling these detectors in production environments. Reference: https://cloud.google.com/security-command-center/docs/concepts-container-threat-detection-overview
GCP PSOE,You are configuring Cloud Logging for security analysis and need to enable analysts to join log data with external threat intelligence datasets stored in BigQuery. The analysts should be able to compare URLs found in logs against a BigQuery table containing known malicious URLs. What configuration should you implement?,Use Log Analytics SQL queries with the EXTERNAL_QUERY function to access the threat intelligence dataset during analysis.,Upgrade the log bucket to use Log Analytics and create a linked BigQuery dataset to enable cross-dataset queries.,Configure a log sink to export logs directly to BigQuery and manually configure table partitioning for the exported logs.,Create a scheduled Dataflow pipeline to extract URLs from logs and match them against the threat intelligence dataset.,2,"Creating a linked BigQuery dataset on a Log Analytics-upgraded bucket allows BigQuery to read log data and enables joining log data with other BigQuery datasets, such as external threat intelligence data containing malicious URLs. Reference: https://cloud.google.com/logging/docs/analyze/query-linked-dataset"
GCP PSOE,Your security team needs a Cloud Monitoring dashboard that displays Security Command Center vulnerability findings grouped by resource type. The dashboard should show a table widget listing the top 10 resource types with the most active findings. How should you configure this?,"Export SCC findings to Cloud Storage in JSON format, create a scheduled Cloud Function to aggregate findings by resource type, and write the results as custom metrics.","Create a user-defined log-based metric with resource_type as a label extracted from SCC finding logs, then add a TimeSeriesTable widget to your dashboard with appropriate grouping and sorting.",Configure a scorecard widget in the Cloud Monitoring dashboard that queries the securitycenter.googleapis.com/findings metric directly from the SCC API.,Use Monitoring Query Language (MQL) to directly query Security Command Center findings by resource type and display results in a table widget.,2,"User-defined log-based metrics can include labels extracted from log entry fields, such as resource_type. The TimeSeriesTable widget in Cloud Monitoring can display this data grouped by the label and sorted to show top values. Reference: https://cloud.google.com/logging/docs/logs-based-metrics"
GCP PSOE,Your organization has experienced a security incident and you need to preserve Cloud Audit Logs for forensic investigation. The legal team requires that the logs be retained for 7 years to meet regulatory compliance requirements. The logs are currently stored in the _Default log bucket with the default 30-day retention. What should you do to meet the legal team's requirements?,Extend the retention period of the _Default log bucket to 2555 days and enable CMEK encryption on the bucket to protect the evidence.,"Configure a log sink to export all audit logs to BigQuery with a dataset retention policy of 7 years, then use scheduled queries to archive the data monthly.",Modify the _Required log bucket retention period to 2555 days since Cloud Audit Logs are automatically stored there with compliance-grade protection.,"Create a user-defined log bucket with a custom retention period of 2555 days, configure a log sink to route audit logs to the new bucket, and apply a CMEK for additional encryption protection.",4,Cloud Logging allows you to configure retention periods between 1 day and 3650 days on user-defined log buckets. Creating a dedicated bucket for forensic logs with a 7-year (2555 days) retention period ensures compliance. Using CMEK provides an additional layer of encryption control for sensitive evidence. Reference: https://cloud.google.com/logging/docs/buckets
GCP PSOE,"You are deploying VPC Service Controls in a production environment that contains critical workloads. Before enforcing the perimeter, you want to identify which legitimate requests would be blocked without disrupting current operations. What should you do?","Create the service perimeter in enforced mode with broad access levels, then gradually restrict access levels based on observed traffic patterns.","Create the service perimeter in dry run mode, monitor the policy violation logs in Cloud Logging, and progressively refine the configuration before switching to enforced mode.","Apply the service perimeter to only non-critical projects first, monitor for any issues, then expand to critical projects after validation.","Create duplicate projects in a test environment, apply the perimeter in enforced mode to the test projects, and replicate the configuration to production after testing.",2,Dry run mode logs violations as though the perimeters are enforced but does not prevent access to restricted services. This allows you to understand the effect of enabling VPC Service Controls and identify any issues before enforcement. Using dry run mode before switching to enforced mode is recommended as a best practice. Reference: https://cloud.google.com/vpc-service-controls/docs/dry-run-mode
GCP PSOE,You are configuring Cloud Monitoring to track SLO compliance for your organization's incident response API. The security team needs to create a dashboard that displays real-time SLO performance data and wants to understand the different time-series selectors available. Which time-series selector should you use to display the current ratio of good requests to total requests during a specific alignment period?,Use the select_slo_health time-series selector to retrieve the ratio of good requests to total requests during the alignment period.,Use the select_slo_counts time-series selector to display the absolute number of good and bad requests during the alignment period.,Use the select_slo_burn_rate time-series selector to calculate how quickly the error budget is being consumed relative to the sustainable failure rate.,Use the select_slo_compliance time-series selector to retrieve the ratio of good units to total units since the start of the compliance period.,1,"The select_slo_health time-series selector answers the question 'During a given alignment period, what was the ratio of good requests to total requests?' This provides real-time visibility into service performance where a value of 1 indicates all requests were good. Reference: https://cloud.google.com/stackdriver/docs/solutions/slo-monitoring/api/timeseries-selectors"
GCP PSOE,Your security team wants to detect and alert on a high-severity pattern where an unusually large number of failed authentication attempts occur against service accounts within a 10-minute window. You need to configure an alerting mechanism that counts these events and triggers when they exceed a threshold. Which approach should you use?,"Create a counter-type log-based metric with a filter matching authentication failure events, then configure a metric-based alerting policy with a threshold condition.",Create a log-based alerting policy that triggers on each individual authentication failure event and set the minimum time between notifications to 10 minutes.,Configure a log sink to export authentication logs to BigQuery and create a scheduled query that alerts when failures exceed the threshold.,Create a distribution-type log-based metric to aggregate the authentication failures and configure an alerting policy based on the mean value.,1,"Counter-type log-based metrics are designed to count log entries matching a filter. Combined with a metric-based alerting policy, you can set thresholds to detect when the count exceeds acceptable levels within a rolling window, which is ideal for detecting patterns of repeated security events. Reference: https://cloud.google.com/logging/docs/logs-based-metrics/counter-metrics"
GCP PSOE,Your security team requires security-related logs from all projects in your organization to be exported to a centralized BigQuery dataset for threat analysis. The logs must be available for querying with optimal performance and cost efficiency. You need to configure log routing to meet these requirements. What should you do?,Create project-level sinks with partitioned tables in each project and use BigQuery federated queries to join the distributed datasets.,Create project-level sinks in each project with date-sharded tables enabled and route logs to separate BigQuery datasets in each project.,Create an organization-level aggregated sink with partitioned tables enabled and route logs to a centralized BigQuery dataset in a dedicated security project.,Create an organization-level aggregated sink and route logs to a linked BigQuery dataset created from a Log Analytics-enabled log bucket.,3,Aggregated sinks at the organization level collect logs from all child projects and route them to a single destination. Partitioned tables provide better query performance and cost efficiency compared to date-sharded tables by maintaining a single schema and metadata set. Reference: https://cloud.google.com/logging/docs/export/aggregated_sinks and https://cloud.google.com/logging/docs/export/bigquery
GCP PSOE,"Threat hunting""Your organization uses Log Analytics in Cloud Logging to run SQL queries for threat hunting. You need to join your Cloud Logging data with external threat intelligence feeds stored in a separate BigQuery dataset. What should you do to enable this analysis?","Export logs from Cloud Logging to Cloud Storage in JSON format, then load both the logs and threat intelligence data into BigQuery for querying.","Upgrade the log bucket to use Log Analytics, and create a linked BigQuery dataset for the log bucket to enable BigQuery to query the log data and join it with other datasets.",Configure a log sink to route logs directly to the linked BigQuery dataset containing your threat intelligence data for automatic correlation.,Create a separate Cloud Logging log bucket for the threat intelligence data and use Log Analytics to join the two log buckets together.,2,"Creating a linked BigQuery dataset allows you to query log data stored in Cloud Logging buckets using BigQuery SQL, which enables JOINs with other BigQuery datasets including threat intelligence feeds. This approach maintains log storage in Cloud Logging while enabling advanced analytics. Reference: https://cloud.google.com/logging/docs/analyze/query-linked-dataset"
GCP PSOE,"You are configuring Event Threat Detection in Security Command Center for an organization. After enabling the service, your team notices that certain threat categories are not generating findings even though suspicious activities are occurring. You want to ensure all relevant detectors are working. What should you verify?","Verify that the Event Threat Detection API is enabled in each project where you want threat detection, as the service must be activated individually at the project level.","Verify that custom modules have been created for each threat category, as Event Threat Detection only uses custom modules and has no built-in detection capabilities.","Verify that the required Cloud Logging logs are enabled, as some logs that Event Threat Detection scans are turned off by default and must be explicitly enabled before detectors can generate findings.",Verify that Google Threat Intelligence has been connected through the Security Command Center integration settings to enable threat feeds for detection modules.,3,"Event Threat Detection generates findings by scanning specific logs, and some of these logs are turned off by default. For example, Data Access audit logs for many services are disabled by default. You must enable the relevant logs before Event Threat Detection can scan them and generate findings. Reference: https://cloud.google.com/security-command-center/docs/how-to-use-event-threat-detection"
GCP PSOE,You are building a Looker Studio dashboard to track security operations KPIs using Security Command Center findings exported to BigQuery. The security team needs to visualize the mean time to remediate (MTTR) for critical findings. The BigQuery table contains event_time and state_change_time columns that track when findings are created and when their state changes to INACTIVE. You need to create a metric that calculates the average remediation time. What should you do?,Use the comparison metric feature in Looker Studio to compare event_time against state_change_time and display the percentage difference.,"Export the findings data from Looker Studio to Google Sheets, calculate MTTR using spreadsheet formulas, then reimport the results as a new data source.","Create a calculated field in the Looker Studio data source using a formula that calculates the date difference between state_change_time and event_time, then aggregate using the AVG function.","Write a SQL query in BigQuery that pre-calculates MTTR as a new column, then connect Looker Studio to the modified table without using calculated fields.",3,"Calculated fields in Looker Studio let you create new metrics derived from your data. Using date functions to compute the time difference between finding creation and remediation, then averaging the results, provides an accurate MTTR calculation. Creating this at the data source level allows reuse across multiple charts. Reference: https://cloud.google.com/looker/docs/studio/about-calculated-fields"
GCP PSOE,Your security operations team wants to create a custom metric in Cloud Monitoring to track the number of failed authentication attempts across your application. The metric will be used in alerting policies to detect potential brute-force attacks. Which metric type prefix should you use when creating this user-defined metric?,security.googleapis.com/,monitoring.googleapis.com/,compute.googleapis.com/,custom.googleapis.com/,4,"Custom.googleapis.com/ is one of the allowable prefixes for user-defined metrics in Cloud Monitoring. When you create a user-defined metric, you define a string identifier that represents the metric type, and this string must use a prefix that marks it as a user-defined metric. Reference: https://cloud.google.com/monitoring/custom-metrics"
GCP PSOE,You are setting up centralized log storage for incident response purposes across your Google Cloud organization. You need to configure Cloud Logging to retain audit logs for 2 years in a central project while ensuring that log deletion is prevented until the retention period expires. Which combination of actions should you take?,Configure the _Required log bucket in the central project with a 730-day retention and add a project lien.,Create a Cloud Storage sink at the organization level and enable Object Versioning with lifecycle rules to retain all versions for 2 years.,"Create an organization-level aggregated sink routing to a user-defined log bucket with a 730-day retention period, then lock the log bucket.",Modify the _Default sink in each project to route logs to a central BigQuery dataset with a 2-year partition expiration.,3,An organization-level aggregated sink with the includeChildren option routes logs from all projects in the organization to a central log bucket. Setting a custom retention period of 730 days (2 years) and locking the bucket prevents log deletion until retention is fulfilled. Reference: https://cloud.google.com/logging/docs/export/aggregated_sinks and https://cloud.google.com/logging/docs/buckets
GCP PSOE,Your organization needs to perform historical threat hunting against Google Cloud logs using a list of malicious IP addresses from your threat intelligence provider. You need to set up a solution that enables SQL-based analysis across six months of Cloud Audit Logs data with minimum operational overhead. What should you do?,Configure Cloud Logging to export logs to Cloud Storage and use BigQuery external tables to query the exported JSON files for IOC matches.,Create a log bucket with Log Analytics enabled and create a linked BigQuery dataset to query logs using SQL and join with an IOC reference table.,"Create a Cloud Logging sink to export logs to a BigQuery dataset, then configure scheduled queries to periodically compare against IOC lists.",Export logs directly to Google Security Operations (SecOps) and use the SIEM search functionality to query for the malicious IP addresses.,2,Upgrading a log bucket to use Log Analytics and creating a linked BigQuery dataset provides a read-only BigQuery interface to query logs using SQL. This allows you to join log data with IOC reference tables for threat hunting without managing a separate data pipeline. Reference: https://cloud.google.com/logging/docs/log-analytics
GCP PSOE,Your security team is receiving a high volume of Security Health Analytics findings from development and test projects that do not require the same security controls as production environments. You need to implement a solution that automatically suppresses these findings while maintaining audit records and allowing for future review. Which approach should you use?,Create dynamic mute rules with filters that target findings from development and test projects based on project labels or names.,Add security marks to all assets in development projects using the allow_FINDING_TYPE:true format for each detector.,Disable Security Health Analytics service entirely for development and test projects in the SCC settings.,Create static mute rules combined with dynamic mute rules to cover both existing and new findings comprehensively.,1,"Dynamic mute rules automatically mute both existing and new findings that match your filter criteria. They maintain audit records while hiding findings from default views, and they can automatically unmute findings if the filter criteria no longer match. This is the recommended approach for managing finding volume. Reference: https://cloud.google.com/security-command-center/docs/how-to-mute-findings"
GCP PSOE,Your organization needs to build automated weekly compliance reports that analyze audit logs across multiple Google Cloud projects. The reports must join Cloud Audit Logs data with business metadata stored in BigQuery tables. You want to use Log Analytics for SQL-based analysis while minimizing data duplication. What should you do?,Configure Log Analytics on the log bucket and use the Log Analytics page exclusively to query and export results to BigQuery for joining.,Create an organization-level aggregated sink to BigQuery and schedule a Cloud Function to merge the data with business metadata tables.,"Route audit logs directly to a writeable BigQuery dataset using a log sink, then create views that join with business metadata tables.",Upgrade the log bucket to use Log Analytics and create a linked BigQuery dataset to join log data with existing BigQuery tables.,4,A linked BigQuery dataset allows BigQuery to read data stored in a Log Analytics-enabled log bucket without data duplication. This setup enables SQL-based querying and joining with other BigQuery datasets for compliance reports. Reference: https://cloud.google.com/logging/docs/analyze/query-linked-dataset
GCP PSOE,Your organization subscribes to Google Threat Intelligence (GTI) and wants to proactively search for indicators from emerging threat campaigns across the security telemetry already ingested in Google Security Operations. A GTI report has identified several new malicious domains and file hashes associated with an APT group targeting your industry. What is the most effective approach to hunt for these indicators across your historical data?,Use the Google SecOps search feature with natural language queries to manually search for each domain and hash individually across the available time range.,"Create a YARA-L detection rule that references the IOCs from the GTI report, then run a retrohunt against your 12-month data retention window to identify any historical matches.",Export all 12 months of ingested data to BigQuery and run SQL queries to search for the specific domains and hashes in the exported logs.,Add the IOCs to a reference list in Google SecOps and configure Applied Threat Intelligence to automatically match them against incoming logs in real-time only.,2,"Retrohunt allows you to apply YARA-L rules against existing historical data in Google SecOps. With 12-month hot data retention by default, you can search for newly published IOCs across an entire year of telemetry to identify if your organization was previously exposed to the threat before the IOCs became known. Reference: https://cloud.google.com/chronicle/docs/detection/run-rule-historical-data"
GCP PSOE,Your organization has deployed Log Analytics on an upgraded log bucket and wants to analyze audit logs to detect potential privilege escalation attempts through IAM changes. You need to write a SQL query to identify suspicious patterns over the past 7 days. Which approach should you use to query the audit logs in Log Analytics?,Run the query against the analytics_view table format and configure auto-export to Looker Studio for visualization of the privilege escalation patterns.,Export logs to BigQuery using a sink and run SQL queries against the exported dataset with scheduled queries to detect privilege escalation.,Use the time-range selector to set 'Last 7 days' and write a SQL query against the log view using the project_ID.region.bucket_ID.view_ID table format to filter protoPayload for IAM-related methodNames.,Create a saved query that uses the TIMESTAMP_SUB function in the WHERE clause to filter the last 7 days and query the _Required bucket directly for all audit log types.,3,Log Analytics allows you to query log views using SQL with the table name format project_ID.region.bucket_ID.view_ID. The time-range selector is recommended for setting the time range rather than hardcoding timestamps in the WHERE clause. IAM privilege escalation can be detected by analyzing Admin Activity audit logs for IAM-related operations. Reference: https://cloud.google.com/logging/docs/analyze/query-and-view
GCP PSOE,You are performing threat hunting in your Google Cloud environment using Cloud Logging. You suspect a potential privilege escalation attack where an attacker may have granted themselves elevated IAM roles. Which query filter should you use in Logs Explorer to identify SetIamPolicy operations that added new role bindings?,logName='projects/PROJECT_ID/logs/cloudaudit.googleapis.com/system_event' AND protoPayload.methodName='SetIamPolicy' AND protoPayload.serviceData.policyDelta.bindingDeltas.action='ADD',logName='projects/PROJECT_ID/logs/cloudaudit.googleapis.com/activity' AND protoPayload.methodName='GetIamPolicy' AND protoPayload.serviceData.policyDelta.bindingDeltas.action='ADD',logName='projects/PROJECT_ID/logs/cloudaudit.googleapis.com/data_access' AND protoPayload.methodName='SetIamPolicy' AND protoPayload.serviceData.policyDelta.bindingDeltas.action='ADD',logName='projects/PROJECT_ID/logs/cloudaudit.googleapis.com/activity' AND protoPayload.methodName='SetIamPolicy' AND protoPayload.serviceData.policyDelta.bindingDeltas.action='ADD',4,"Admin Activity audit logs capture SetIamPolicy operations, the methodName field identifies the specific IAM operation, and the bindingDeltas.action field with 'ADD' reveals when new role bindings were added, which is a key indicator of privilege escalation. Reference: https://cloud.google.com/logging/docs/audit/understanding-audit-logs"
GCP PSOE,Your detection engineering team has identified that Web Security Scanner found a SERVER_SIDE_REQUEST_FORGERY vulnerability in a production application. You need to implement detection rules in Google SecOps to identify active exploitation attempts against this vulnerability. What detection approach should you implement?,Enable managed scans with increased frequency to continuously monitor for new SSRF exploitation attempts in real time.,Deploy Cloud IDS sensors in the same VPC and configure rules to match the specific SSRF payload patterns from the WSS finding.,Configure Event Threat Detection custom detectors to automatically block all traffic to the affected application endpoint.,Create YARA-L rules that correlate WSS SSRF findings with Cloud Audit Logs showing metadata service access attempts from the vulnerable application.,4,"Server-Side Request Forgery (SSRF) attacks often target the Google Cloud metadata service to retrieve sensitive data like service account credentials. By correlating WSS findings with audit logs showing metadata service access patterns from the affected application, you can detect active exploitation attempts. Reference: https://cloud.google.com/security-command-center/docs/how-to-remediate-web-security-scanner-findings"
GCP PSOE,"Platform operations""Your organization uses Google Security Operations (SecOps) SOAR and you are developing a new phishing response playbook. You need to test all conditional branches of the playbook without affecting live production cases or triggering actions against external third-party APIs. What should you do?","Disable the playbook, manually create test cases, and run the playbook against each case individually in production mode.","Export the playbook to a staging environment, configure separate integration instances, and test with live alerts from the connector.","Clone the playbook, set all actions to Manual mode, and execute each step one by one while reviewing results before proceeding.","Enable the Playbook Simulator, ingest an alert as a test case, and use Pin Results to insert mock data that forces different branch paths.",4,"The Playbook Simulator allows testing in a pre-production environment without impacting live data, and the Pin Results feature prevents repeated calls to third-party APIs. By inserting different simulation data, you can force the playbook to take specific branches and test comprehensive coverage. Reference: https://cloud.google.com/chronicle/docs/soar/respond/working-with-playbooks/working-with-playbook-simulator"
GCP PSOE,You are configuring Access Transparency for your Google Cloud organization to track privileged access patterns from Google personnel. Your compliance team requires visibility into Access Transparency logs while restricting access to only authorized security analysts. What should you do?,Create a custom IAM role with logging.logEntries.list permission only.,Assign the Private Logs Viewer role to authorized security analysts for viewing Access Transparency logs.,Configure organization-level Logs Explorer permissions for all security team members.,Route Access Transparency logs to a separate project and grant access there.,2,"After configuring Access Transparency, you can set controls for who can access the Access Transparency logs by assigning a user or group the Private Logs Viewer role. This provides appropriate access control for sensitive transparency data. Reference: https://cloud.google.com/assured-workloads/access-transparency/docs/reading-logs"
GCP PSOE,Your security team is investigating a suspected data breach involving Cloud Storage. You need to identify which principal accessed objects in a sensitive bucket during a specific time window and what data was downloaded. Data Access audit logs are enabled for the bucket. Which Cloud Logging query provides the most relevant information for your forensic investigation?,resource.type='gcs_bucket' AND protoPayload.methodName='storage.objects.get' AND protoPayload.resourceName:'/buckets/sensitive-data-bucket/' AND timestamp>='2026-01-15T00:00:00Z' AND timestamp<='2026-01-16T00:00:00Z',logName:'/logs/cloudaudit.googleapis.com%2Factivity' AND resource.type='gcs_bucket' AND resource.labels.bucket_name='sensitive-data-bucket',resource.type='gcs_bucket' AND protoPayload.methodName='storage.objects.list' AND protoPayload.authenticationInfo.principalEmail!='service-account@project.iam.gserviceaccount.com',resource.type='gcs_bucket' AND protoPayload.methodName='storage.buckets.update' AND resource.labels.bucket_name='sensitive-data-bucket',1,"This query filters Data Access audit logs specifically for object read operations (storage.objects.get) against the target bucket during the investigation timeframe. The protoPayload will contain the principal identity, source IP, and exact objects accessed, which is essential for forensic analysis of potential data exfiltration. Reference: https://cloud.google.com/storage/docs/audit-logging"
GCP PSOE,"Your organization uses Security Command Center to detect cloud security threats and Google Security Operations (SecOps) for SIEM capabilities. During incident response, you need to ensure that Event Threat Detection findings from Security Command Center are available for investigation in SecOps. What is the most effective approach to achieve this?",Export Security Command Center findings to Cloud Storage and configure a scheduled import job to load them into SecOps weekly.,Create custom YARA-L rules in SecOps that replicate the same detection logic as Event Threat Detection.,Use the Security Command Center integration in SOAR to manually query findings only when investigating a specific incident.,"Configure a feed to ingest Security Command Center findings into Google SecOps, where they are parsed and normalized to UDM format for investigation.",4,"Google SecOps supports ingesting Security Command Center Event Threat Detection findings via feeds. The findings are parsed using the Security Command Center parser and normalized into UDM format, enabling correlation with other security telemetry during investigations. Reference: https://cloud.google.com/chronicle/docs/ingestion/default-parsers/collect-security-command-center-findings"
GCP PSOE,A security analyst needs to connect Looker Studio to the Google SecOps BigQuery dataset to build incident response dashboards. The analyst already has a Google account but cannot access the BigQuery tables. Which IAM roles are required for the analyst to query data and create Looker Studio visualizations?,Chronicle API Viewer (roles/chronicle.viewer) and BigQuery Job User (roles/bigquery.jobUser) in the Google SecOps project.,BigQuery Data Viewer (roles/bigquery.dataViewer) and BigQuery Job User (roles/bigquery.jobUser) on the BigQuery dataset.,BigQuery Admin (roles/bigquery.admin) to have full administrative access to BigQuery resources.,BigQuery Data Editor (roles/bigquery.dataEditor) and BigQuery Job User (roles/bigquery.jobUser) on the BigQuery dataset.,2,"To connect Looker Studio or another business intelligence tool to the Google SecOps BigQuery dataset, a service account or user requires BigQuery Data Viewer role to read the exported data and BigQuery Job User role to run queries. These are the recommended roles documented for this use case. Reference: https://cloud.google.com/chronicle/docs/reports/overview-chronicle-bigquery"
GCP PSOE,"Your organization wants to automate threat hunting by creating a workflow that processes newly published threat intelligence IOCs from a third-party feed. The feed publishes to a Pub/Sub topic and you need to trigger a Cloud Function that searches historical logs in Google SecOps for IOC matches. You also need to ensure that if the Cloud Function fails during processing, the IOC message is not lost. What should you configure?",Configure a Pub/Sub subscription with dead-letter topic enabled and set the maximum delivery attempts to handle failures.,Enable automatic retries on the Cloud Function and configure Cloud Scheduler to reprocess failed messages every hour.,Set up a second Cloud Function to monitor the first function and republish any failed messages to the original topic.,Configure the Pub/Sub topic to use exactly-once delivery mode for the Cloud Function subscription.,1,"When a Cloud Function fails to process a Pub/Sub message, configuring a dead-letter topic ensures unprocessed messages are forwarded after reaching the maximum delivery attempts, preventing data loss. This allows security teams to review and reprocess failed IOC messages separately. Reference: https://cloud.google.com/pubsub/docs/dead-letter-topics"
GCP PSOE,Your organization's SOC team uses Google Security Operations (SecOps) SOAR to manage incident response. The team requires a playbook that automatically enriches phishing alert entities and then pauses for a senior analyst to review and approve containment actions before proceeding. You want to implement this workflow efficiently. What should you do?,Create a separate playbook that runs the containment actions and manually trigger it from the case wall after reviewing the enrichment results.,Configure a conditional flow step that waits for a specific time period before executing containment to allow for analyst review.,"Create an email notification action after enrichment and configure the playbook to terminate, requiring a new playbook to be manually attached for containment.","Configure the containment action in the playbook as a Manual action type, assign it to the appropriate SOC role, and add a clear message explaining the required review.",4,"Setting an action to Manual type pauses the playbook execution and creates a pending action that appears in the assigned user's Workdesk and the Pending Actions widget, allowing for review and approval before the playbook continues. Reference: https://cloud.google.com/chronicle/docs/soar/respond/working-with-playbooks/using-actions-in-playbooks"
GCP PSOE,"You have configured a user-defined log-based metric to count IAM permission changes in your organization's Admin Activity audit logs. The metric is working correctly. However, when you configure an alerting policy based on this metric, you notice occasional false-positive notifications during periods when no actual permission changes occurred. What should you do to reduce false notifications while maintaining detection accuracy?",Change the metric type from counter to distribution to capture more detailed statistical information about the events.,Set the retest window to zero for the most responsive alerting policy behavior.,Convert the alerting policy to a log-based alerting policy instead of using the metric-based approach.,Increase the Rolling window value in the alerting policy to at least 10 minutes to ensure multiple log entries are aggregated before evaluation.,4,"Log-based metric data can have gaps due to inherent delays between when log entries are generated and when Cloud Logging receives them. A rolling window of at least 10 minutes is recommended to ensure that multiple log entries matching the filter are counted, reducing false positives from timing gaps. Reference: https://cloud.google.com/logging/docs/logs-based-metrics/charts-and-alerts"
GCP PSOE,Your security team has deployed a Cloud Function that automatically remediates PUBLIC_BUCKET_ACL findings from Security Command Center by removing public access from Cloud Storage buckets. The function is triggered by Pub/Sub notifications but is also executing when findings change state from ACTIVE to INACTIVE. You need to modify the notification configuration to only trigger the function for new active findings. What should you do?,Create a separate Pub/Sub subscription with a message filter for active findings to route only relevant messages to the Cloud Function.,"Delete the existing notification configuration and create a new continuous export to BigQuery, then query for active findings on a schedule.",Modify the Cloud Function code to check the finding state and return early if the state is INACTIVE.,Update the NotificationConfig filter to include state='ACTIVE' to ensure only active findings trigger the Cloud Function.,4,"NotificationConfig supports filtering by finding state. By adding state='ACTIVE' to the filter, you ensure that only findings currently in the active state trigger notifications. This prevents the function from executing when findings are resolved and change to INACTIVE. Reference: https://cloud.google.com/security-command-center/docs/how-to-api-filter-notifications"
GCP PSOE,You are configuring a Cloud Logging sink to route security audit logs to a Cloud Storage bucket for compliance purposes. Your security team reports that logs are appearing in Cloud Storage with a significant delay compared to logs routed to BigQuery. What explains this behavior?,"Sinks routing to Cloud Storage buckets process logs in hourly batches, causing delays of 2 to 3 hours before entries appear.",Sinks must first buffer all logs in a Cloud Logging bucket before transferring them to Cloud Storage in bulk operations.,"The Cloud Storage bucket must enable versioning before logs can be written, adding processing overhead.",Sinks routing to Cloud Storage require additional processing time for JSON serialization that BigQuery does not need.,1,"Routed log entries are saved to Cloud Storage buckets in hourly batches, and it might take from 2 to 3 hours before the first entries begin to appear. This is a documented limitation of Cloud Storage as a sink destination compared to near-real-time destinations like BigQuery. Reference: https://cloud.google.com/logging/docs/export/troubleshoot#cloud-storage-late"
GCP PSOE,Your organization needs to track how firewall rules have changed over the past two weeks to investigate a potential security incident. You want to retrieve the historical configuration states of specific firewall resources. Which Cloud Asset Inventory feature should you use?,Create a Cloud Asset Inventory feed with a condition to capture firewall changes and query the Pub/Sub message history for the past two weeks.,Use the BatchGetAssetsHistory API to retrieve the change history for the specific firewall resources within the desired time range.,Export a current asset snapshot to BigQuery and query the updateTime field to filter for resources modified in the past two weeks.,Use the Cloud Asset Inventory ListAssets API with the snapshot-time parameter set to different points in the past two weeks to compare configurations.,2,Cloud Asset Inventory maintains asset history for up to 35 days and the BatchGetAssetsHistory API allows you to retrieve the configuration states and changes for specific assets within a specified time window. This is the direct method for obtaining historical asset configurations. Reference: https://cloud.google.com/asset-inventory/docs/asset-inventory-overview
GCP PSOE,Your security team wants to prioritize vulnerability remediation in Security Command Center based on actual risk to your high-value resources. You are using Security Command Center Enterprise tier. Which metric should you primarily use to rank vulnerabilities for remediation priority?,"CVSS score from the vulnerability database, which provides industry-standard ratings.","Time since finding creation, which indicates how long the vulnerability has been present.","Finding severity level, which indicates the inherent risk of the vulnerability category.","Attack exposure score, which measures how much a finding exposes high-value resources to potential attacks.",4,"Attack exposure scores are calculated by Risk Engine through attack path simulations. These scores measure how much a vulnerability exposes your high-value resources to potential attacks from the public internet, providing a dynamic and context-aware risk assessment. Reference: https://cloud.google.com/security-command-center/docs/attack-exposure-learn"
GCP PSOE,Your security team wants to be notified every time a service account key is downloaded in your Google Cloud environment. This is a rare but critical security event that requires immediate attention. You need to configure the most appropriate alerting approach. What should you do?,Create a log-based alerting policy in the Logs Explorer that filters for audit log entries containing the CreateServiceAccountKey method.,Create a user-defined log-based metric to count service account key downloads and configure an alerting policy when the count exceeds zero.,Export audit logs to BigQuery and create a scheduled query to detect service account key downloads hourly.,Create a SQL-based alerting policy using Log Analytics to query for service account key creation events periodically.,1,"Log-based alerting policies are designed for important but rare events where you need to be notified when a specific message appears in a log entry. Downloading service account keys is a rare security event that should trigger immediate notification when it occurs, making log-based alerting the appropriate choice. Reference: https://cloud.google.com/logging/docs/alerting/log-based-alerts"
GCP PSOE,Your organization wants to establish user behavior baselines by leveraging Cloud Identity logs for security monitoring. You need to detect anomalous login patterns such as suspicious logins from unfamiliar IP addresses and compromised credentials. Which Cloud Identity audit log type should you prioritize for this use case?,"OAuth Token audit logs, which track third-party application usage and data access requests.","Login audit logs, which track user sign-in events including Suspicious Login and Leaked Password event types.","Groups audit logs, which track changes to group settings and membership modifications in Google Groups.","Admin audit logs, which track actions performed in the Google Admin Console including user creation and setting changes.",2,"Login audit logs track user sign-ins to your domain and capture specific security events such as Suspicious Login (when a user logs in from an unfamiliar IP address), Leaked Password (when compromised credentials are detected), and Government-Backed Attack events. These logs are essential for establishing authentication behavior baselines. Reference: https://cloud.google.com/logging/docs/audit/gsuite-audit-logging"
GCP PSOE,"You have deployed an automated remediation solution using Security Command Center continuous exports to Pub/Sub and Cloud Run functions. The function is supposed to automatically disable a compromised service account key when Event Threat Detection identifies a credential leak. However, the function is not being triggered when findings are generated. What should you investigate first to troubleshoot this issue?",Verify that the service account used by the Pub/Sub push subscription has the roles/run.invoker permission on the Cloud Run function to authenticate and trigger the function.,Confirm that Event Threat Detection is scanning the credential leak detector logs by verifying that Cloud Audit Logs and Data Access Logs are enabled for the project.,"Check if the SCC notification configuration has been deleted or if the quota for NotificationConfigs has been exceeded, preventing new finding notifications from being created.","Examine whether the Cloud Run function has VPC Service Controls enabled that might be blocking inbound requests from the Pub/Sub service, preventing message delivery.",1,"For Pub/Sub to trigger a Cloud Run function using push delivery, the subscription's service account needs the invoker permission (roles/run.invoker) on the function. Without this permission, Pub/Sub cannot successfully deliver messages to the function, causing the trigger to fail silently. This is a common configuration issue in event-driven architectures. Reference: https://cloud.google.com/run/docs/triggering/pubsub-push"
GCP PSOE,"Detection engineering""Your security team has developed a new YARA-L detection rule in Google Security Operations (SecOps) SIEM to identify a specific threat pattern. You need to determine if this threat has already compromised your environment by searching historical data from the past 90 days. What should you do?",Use the Applied Threat Intelligence IOC matches page to search for historical indicators matching the rule pattern.,Run a retrohunt against historical data for the rule to search for detections within the specified time range.,Export the historical logs to BigQuery and run the YARA-L rule query directly against the exported data.,Enable the rule as a live rule and wait for detections to appear as the system automatically scans historical data.,2,Retrohunt allows you to run a rule against historical data to identify past occurrences of the threat pattern. You can view the progress and results from the rule detections view. Reference: https://cloud.google.com/chronicle/docs/detection/run-rule-historical-data
GCP PSOE,You are building an identity context baseline by ingesting entity data into Google Security Operations (SecOps). Your organization uses Cloud Identity for user management. You want to enrich security events with organizational context about users and their device relationships. Which approach should you use?,Ingest Cloud Identity Device Users logs to create user entities with asset relationships in UDM.,Export Cloud Identity audit logs directly to BigQuery and query them separately.,Create manual reference lists in SecOps to map user identities.,Configure Cloud Asset Metadata export without Cloud Identity integration.,1,"Cloud Identity Device Users logs can be ingested into Google SecOps and the parser maps fields to the unified data model (UDM) for user entities, their relationships to assets, and additional user attributes. This provides organizational context for enrichment. Reference: https://cloud.google.com/chronicle/docs/ingestion/default-parsers/cloud-idu"
GCP PSOE,"Your security team has received an alert from a YARA-L detection rule in Google Security Operations (SecOps) indicating a potential data exfiltration attempt. You need to investigate the relationships between the alert, related entities, and other alerts to understand the full scope of the incident. What should you do first?",Create a new YARA-L rule that searches for all events matching the alert's source IP address across the last 30 days.,"Navigate to the Alerts & IOCs page and select the alert to view the Graph tab, which visualizes relationships between the alert and other entities or alerts.",Open Security Command Center and review the vulnerability findings related to the affected asset to determine the root cause.,Export the alert data to BigQuery and run SQL queries to manually correlate entities with other logged events in your environment.,2,"The Graph tab in Google SecOps provides a visual, interactive representation of how different alerts and entities are connected. This helps investigators surface unknown relationships and understand the context, sequence, and impact of suspicious events. The alert graph uses entities from UDM events including principal, target, src, observer, intermediary, and about. Reference: https://cloud.google.com/chronicle/docs/investigation/investigate-alert"
GCP PSOE,Your organization wants to export Cloud Audit Logs to BigQuery for long-term security analysis. The security team requires efficient queries that filter by date and wants to minimize query costs. Which BigQuery table configuration should you select when creating the Cloud Logging sink?,Select partitioned tables to enable partition pruning when filtering by timestamp.,Select date-sharded tables to automatically create separate tables for each log type.,Select date-sharded tables because they provide better performance for time-series data.,Select partitioned tables and configure hourly partitioning for real-time analysis.,1,"Partitioned tables allow BigQuery to use partition pruning, which scans only the partitions that match the filter and skips the remaining partitions. This improves query performance and reduces costs by decreasing the number of bytes scanned. Reference: https://cloud.google.com/bigquery/docs/partitioned-tables"
GCP PSOE,"During a data exfiltration investigation, you discover that sensitive BigQuery data was copied to an external project outside your organization. You need to determine what specific sensitive data types were potentially exposed. The affected table was previously profiled by Sensitive Data Protection. Where should you look to find the infoTypes detected in the exfiltrated data?",Export the original DLP inspection job results from the dlpJobs resource and parse the findings JSON manually.,Check the Cloud Audit Logs for the BigQuery table to find DLP classification metadata in the protoPayload.,Review the sourceProperties.INFO_TYPES field in the Data sensitivity finding for the affected table in Security Command Center.,Query the BigQuery INFORMATION_SCHEMA views to list the column data types and infer sensitivity from the schema.,3,"When Sensitive Data Protection data profiles send findings to Security Command Center, they include the INFO_TYPES field in sourceProperties showing the detected sensitive data types. This allows investigators to understand exactly what types of PII or sensitive data may have been exfiltrated. Reference: https://cloud.google.com/sensitive-data-protection/docs/release-notes"
GCP PSOE,Your organization runs web applications on non-standard ports (8080 for HTTP and 8443 for HTTPS) on Compute Engine instances. You notice that Web Security Scanner managed scans are not detecting these applications. What is the most appropriate solution to ensure vulnerability detection coverage for these applications?,Configure Web Security Scanner custom scans with the specific starting URLs that include the non-standard ports for each application.,Submit a feature request to Google Cloud support to enable non-standard port scanning for managed scans.,Update the VPC firewall rules to redirect traffic from standard ports to the non-standard application ports so managed scans can detect them.,Configure a load balancer in front of the applications to expose them on standard ports while maintaining the non-standard backend ports.,1,"Managed scans support only applications that use default ports (80 for HTTP and 443 for HTTPS). For applications using non-standard ports, custom scans must be configured with starting URLs that specify the correct ports. Reference: https://cloud.google.com/security-command-center/docs/concepts-web-security-scanner-overview"
GCP PSOE,"You are configuring context-aware access for an IAP-protected application. Users in the Remote Access group should be able to access the application if they meet EITHER of the following conditions: they are on a corporate-managed device with screen lock enabled, OR they are connecting from the corporate network IP range. How should you configure the access levels?",Create a nested access level that references both device policy and IP subnetwork access levels as dependencies with the combine function set to OR at the organization level.,"Create two separate access levels in Access Context Manager - one for device policy with screen lock, and one for IP subnetworks - then apply both access levels to the IAP-secured Web App User role binding.",Create a custom access level using CEL expressions with an AND operator to combine device.is_screen_lock_enabled with the IP address check in a single expression.,"Create a single access level with two conditions: one for device policy with screen lock, and one for IP subnetworks. Set the combine function to AND to enforce both conditions.",2,"When multiple access levels are applied to a single IAP resource binding, they function as a logical OR. Users are granted access when they meet the conditions of at least one of the selected access levels. This configuration allows users to access the application if they satisfy either the device policy conditions or the network location conditions. Reference: https://cloud.google.com/iap/docs/cloud-iap-context-aware-access-howto"
GCP PSOE,You are deploying an Event Threat Detection custom module to detect when Compute Engine instances are created in unauthorized regions based on your organization's compliance requirements. You want to use the gcloud CLI for deployment. Which module type and required log source should you specify in your configuration?,Module type: CONFIGURABLE_ALLOWED_COMPUTE_ENGINE_REGION; Log source: VPC Flow Logs,Module type: CONFIGURABLE_ALLOWED_COMPUTE_ENGINE_REGION; Log source: Cloud Audit Logs (Admin Activity),Module type: CONFIGURABLE_REGION_POLICY; Log source: Security Health Analytics findings,Module type: CONFIGURABLE_BAD_IP; Log source: VPC Flow Logs,2,"The Configurable allowed Compute Engine region module detects when resources are created outside specified regions. This module requires Cloud Audit Logs, specifically Admin Activity logs, which are always written and cannot be disabled. Reference: https://cloud.google.com/security-command-center/docs/custom-modules-etd-overview"
GCP PSOE,Your organization's security team has detected a potential insider threat. You need to preserve forensic evidence from a Cloud Storage bucket containing financial records while ensuring the evidence cannot be deleted or modified during the investigation. The legal department requires the evidence to be immutable for at least one year. What should you do?,"Create a dedicated forensics bucket, copy the evidence objects, and place temporary holds on all objects in the bucket.","Create a dedicated forensics bucket, copy the evidence objects, set a one-year retention policy without locking it, and monitor for deletion attempts.","Create a dedicated forensics bucket, copy the evidence objects, enable Object Versioning, and restrict delete permissions using IAM.","Create a dedicated forensics bucket, copy the evidence objects, set a one-year retention policy, and lock the retention policy on the bucket.",4,"Bucket Lock with a locked retention policy provides WORM (Write Once Read Many) storage that makes objects immutable until the retention period expires. Once a retention policy is locked, it cannot be removed or reduced, ensuring evidence integrity throughout the investigation. Reference: https://cloud.google.com/storage/docs/bucket-lock"
GCP PSOE,Your security team has confirmed a security incident and needs to preserve all relevant audit logs as forensic evidence. The organization requires that logs be stored in immutable storage to meet regulatory requirements for evidence chain of custody. The logs must be protected against deletion or modification for at least 3 years. What should you do?,Configure the _Required log bucket with a 3-year retention period to store all audit logs with built-in immutability.,Create a user-defined log bucket with custom retention set to 3 years and enable CMEK encryption to ensure immutability.,Configure a Cloud Logging sink to route logs to a Cloud Storage bucket with a locked retention policy set to 3 years.,Export logs to BigQuery and configure dataset-level retention policies to prevent deletion for 3 years.,3,"Routing logs to Cloud Storage with a locked retention policy ensures immutability. When you lock a bucket's retention policy, objects cannot be deleted or replaced until they reach the specified retention period, meeting regulatory requirements for forensic evidence. Reference: https://cloud.google.com/storage/docs/bucket-lock"
GCP PSOE,Your security operations team wants to implement runtime threat detection for containerized workloads on GKE. They need to detect malicious Bash and Python scripts executed within containers in near-real time. Which Security Command Center capability should you enable to meet this requirement?,"Security Health Analytics, which detects script injection vulnerabilities in container configurations.","Virtual Machine Threat Detection, which scans VM memory for evidence of malicious script execution.","Event Threat Detection, which monitors Cloud Logging streams for suspicious script execution patterns in container logs.","Container Threat Detection, which uses natural language processing (NLP) to detect malicious Bash and Python code executed in containers.",4,Container Threat Detection includes detection capabilities that use natural language processing (NLP) to analyze and detect malicious Bash and Python code. It collects low-level behavior in the guest kernel and executed scripts to identify the most common container runtime attacks in near-real time. Reference: https://cloud.google.com/security-command-center/docs/concepts-container-threat-detection-overview
GCP PSOE,"You have created a user-defined counter log-based metric to track failed authentication attempts in your Google Cloud environment. Your security team reports that they are receiving frequent false positive notifications from the associated alerting policy, especially during periods when no authentication failures actually occurred. You need to reduce false positive notifications while maintaining detection accuracy. What should you do?",Configure the alerting policy with the Advanced Options to treat missing data as zero values instead of using synthetic values that duplicate the most recent sample.,Create a bucket-scoped log-based metric instead of a project-scoped metric to limit the scope of authentication failure monitoring.,Increase the Rolling window value in the alerting policy configuration to at least 10 minutes to ensure sufficient data points are evaluated before triggering an alert.,Switch from a counter log-based metric to a distribution log-based metric that captures the statistical distribution of failed authentication attempts.,3,Log-based metric data can have gaps that result in false notifications. Google Cloud documentation recommends increasing the Rolling window to reduce false notifications: 'Increasing the value of the Rolling window menu can reduce the risk of false notifications' and suggests using 'a value that is at least 10 minutes.' This ensures multiple log entries matching the filter are counted before evaluation. Reference: https://cloud.google.com/logging/docs/logs-based-metrics/charts-and-alerts
GCP PSOE,Your organization has deployed several public-facing web applications on Google Kubernetes Engine (GKE). You want to use Web Security Scanner to identify exploitation attempts targeting OWASP Top 10 vulnerabilities. Some applications use non-default ports and require form-based authentication to access protected areas where sensitive functions exist. What should you do to achieve comprehensive vulnerability detection?,Enable Web Security Scanner managed scans in Security Command Center and configure weekly scanning schedules for all projects.,"Configure custom scans with authentication credentials for each application, specifying the non-default ports and starting URLs.",Configure Cloud IDS to detect exploitation attempts and integrate findings with Web Security Scanner for correlation.,Deploy managed scans and supplement with Google Threat Intelligence (GTI) to identify exploitation patterns in the scan results.,2,"Custom scans are more thorough than managed scans, support non-default ports, and can be configured with authentication credentials to access protected areas of the application. Managed scans only support default ports (80/443) and do not use authentication. Reference: https://cloud.google.com/security-command-center/docs/how-to-web-security-scanner-custom-scans"
GCP PSOE,"Your organization has deployed Container Threat Detection on GKE clusters running Container-Optimized OS. After enabling the service, you want to verify that Container Threat Detection is properly monitoring your clusters. What architecture component is deployed to your clusters when Container Threat Detection is enabled?",A Cloud Logging agent that forwards container logs to Event Threat Detection for analysis using pattern matching and threat intelligence.,A DaemonSet in the kube-system namespace that collects low-level behavior from the guest kernel and passes event information to a detector service for analysis.,A network policy controller that monitors network traffic between pods and generates findings when suspicious network connections are detected.,A sidecar container that is automatically injected into each workload pod to monitor container runtime behavior and detect threats.,2,Container Threat Detection deploys a user-mode DaemonSet that collects low-level behavior in the guest kernel and executed scripts. The DaemonSet passes container and event information to the detector service for analysis. Event collection is configured automatically when Container Threat Detection is enabled. Reference: https://cloud.google.com/security-command-center/docs/concepts-container-threat-detection-overview
GCP PSOE,Your organization received an Event Threat Detection alert for 'Privilege Escalation: Impersonation Role Granted for Dormant Service Account.' The alert indicates that a principal granted the Service Account Token Creator role on a service account that has been inactive for 180 days. Which combination of tools should you use to investigate whether this grants the attacker access to any sensitive resources?,"Use Activity Analyzer to view the service account's recent activity, then use Asset Inventory to list all resources in the project.","Use VPC Flow Logs to identify network traffic from the service account, then use Security Command Center to scan for related findings.","Use Cloud Monitoring to create a dashboard for the service account's API calls, then use IAM Recommender to identify unused permissions.","Use Cloud Audit Logs to identify who granted the role and when, then use IAM Policy Analyzer to determine what resources the dormant service account can access.",4,"Cloud Audit Logs reveal the actor and timing of the role grant through the SetIamPolicy entry, while IAM Policy Analyzer can identify what permissions the dormant service account has across the organization, revealing the potential blast radius of the compromise. Reference: https://cloud.google.com/logging/docs/audit and https://cloud.google.com/policy-intelligence/docs/analyze-iam-policies"
GCP PSOE,Your security team requires immediate notification through multiple channels when security services become unavailable. You need to configure Cloud Monitoring alerting for an uptime check that monitors your SIEM data ingestion endpoint. The team requires email alerts to the SOC team and a PagerDuty notification for on-call engineers. What is the recommended approach?,Set up a Pub/Sub notification channel and create Cloud Functions to parse messages and route them to email and PagerDuty based on alert severity.,Configure a single notification channel using webhooks to send alerts to a custom middleware that forwards to both email and PagerDuty systems.,"Create two separate alerting policies for the same uptime check, one configured with email notifications and another with PagerDuty, to ensure independent alert delivery.","Configure multiple notification channels (email and PagerDuty) in Cloud Monitoring, then create an alerting policy for the uptime check that references both notification channels for redundancy.",4,Cloud Monitoring recommends creating multiple types of notification channels for redundancy since Google Cloud has no control over delivery systems after passing notifications to external systems. An alerting policy can contain one or more notification channels to ensure critical alerts reach the appropriate teams. Reference: https://cloud.google.com/monitoring/support/notification-options
GCP PSOE,"You want to create detection rules in Google Security Operations (SecOps) that identify anomalous identity behavior based on Cloud Identity login patterns. To establish a reliable identity baseline, you need to ingest login events and map them to the Unified Data Model (UDM). Which UDM event type and field combination should your detection rules target?",USER_LOGIN event type with principal.user fields to capture the acting user and extensions.auth for authentication details.,NETWORK_CONNECTION event type with target.user fields to identify users accessing network resources.,STATUS_UPDATE event type with security_result.action fields to capture authentication success or failure status.,RESOURCE_READ event type with about.user fields to track user access to sensitive resources.,1,"USER_LOGIN is the UDM event type for authentication events, the principal fields store information about the entity initiating the login, and the extensions.auth fields capture authentication-specific metadata such as authentication type and mechanism. This combination enables effective identity baseline detection. Reference: https://cloud.google.com/chronicle/docs/unified-data-model/udm-usage"
GCP PSOE,"Your organization stores Cloud Audit Logs in a log bucket with Log Analytics enabled. Security analysts need to correlate these logs with threat intelligence data for investigation purposes. Some analysts should query using BigQuery Studio with custom SQL, while others should use the Log Analytics interface. What should you configure to meet these requirements?",Export logs from Log Analytics to BigQuery on a scheduled basis so both interfaces have access to the same data for threat correlation.,"Create a separate log sink to route logs to a BigQuery dataset for analysts who need BigQuery access, while others use Log Analytics on the log bucket.","Create a linked BigQuery dataset for the log bucket, which allows analysts to query the same log data from both Log Analytics and BigQuery Studio.","Configure two log buckets - one with Log Analytics enabled for analysts using the UI, and one with a BigQuery sink for SQL-focused analysts.",3,"A linked BigQuery dataset provides read access to log data stored in the log bucket through BigQuery interfaces. Analysts can query the data from Log Analytics or BigQuery Studio, where they can also JOIN log data with threat intelligence tables for enrichment. Reference: https://cloud.google.com/logging/docs/analyze/query-linked-dataset"
GCP PSOE,You are configuring VPC Flow Logs for a security-focused threat hunting program. You need to ensure sufficient data granularity for detecting fast-moving lateral movement attempts while managing storage costs. Which configuration parameters should you prioritize?,"Disable metadata annotations and configure custom filtering to log only rejected traffic, as threat hunting should focus primarily on blocked malicious connections.","Set the aggregation interval to 5 seconds and the secondary sampling rate to 1.0, and enable all metadata annotations including GKE pod and service annotations.",Configure organization-level VPC Flow Logs with default settings and rely on the primary sampling rate to capture sufficient data for threat detection.,Set the aggregation interval to 15 minutes and the secondary sampling rate to 0.5 to reduce storage costs while maintaining sufficient visibility for long-term analysis.,2,"A 5-second aggregation interval provides the shortest available time granularity for detecting rapid reconnaissance or lateral movement. A 1.0 sampling rate ensures 100% of generated flow logs are retained. Full metadata annotations enrich the flow data with context about workload identities, which is critical for correlating activity with specific services. Reference: https://cloud.google.com/vpc/docs/flow-logs"
GCP PSOE,You are configuring an Event Threat Detection custom module to detect connections to malicious domains from your organization's custom threat intelligence. The custom module should generate HIGH severity findings with specific remediation guidance. Which JSON template configuration correctly implements these requirements?,Configure the custom module with 'priority': 'HIGH' in the detection parameters and use 'mitigation_steps' field for remediation guidance within the domains array.,"Include a metadata section with 'severity': 'HIGH', 'description' for context, and 'recommendation' with remediation steps, along with a 'domains' parameter containing the list of malicious domains.",Use the built-in severity escalation feature by setting 'auto_escalate': true and defining remediation in the Security Command Center notification settings.,Set 'findingClass': 'HIGH_SEVERITY' at the template root level and add inline 'guidance' annotations to each domain entry in the list.,2,"Event Threat Detection custom module JSON templates include a metadata section where you specify severity (LOW, MEDIUM, HIGH, or CRITICAL), a description of the threat, and remediation recommendations. The detection parameters such as 'domains' or 'ips' are specified separately to define what triggers the detection. Reference: https://cloud.google.com/security-command-center/docs/use-custom-modules-etd"
GCP PSOE,"You are investigating unauthorized access to BigQuery datasets. Cloud Audit Logs show multiple Data Access log entries with successful reads from a sensitive dataset. However, the protoPayload.authenticationInfo.principalEmail field shows a redacted value. What is the most likely reason for this redaction, and what alternative log field should you examine?","The reads were performed using a third-party identity federation, and you should examine protoPayload.authenticationInfo.principalSubject for the identity.","Data Access audit logs were disabled when the reads occurred, and you should enable them and wait for new access attempts.","The BigQuery dataset is publicly accessible, and you should examine protoPayload.requestMetadata.callerIp to identify the source.","The user account was deleted after the access, and you should examine protoPayload.request.projectId to identify the project context.",1,"For third-party identity callers using Workforce Identity Federation, the principalSubject field is populated instead of principalEmail. This field contains the string representation of the identity for both first and third-party principals. Reference: https://cloud.google.com/logging/docs/audit"
GCP PSOE,"You are configuring continuous exports in Security Command Center to send findings to Cloud Logging. In the Google Cloud console, you navigate to Security Command Center settings and click the Continuous Exports tab. What configuration steps should you complete to enable the Cloud Logging export?","Navigate to the Integrations tab, enable the Cloud Logging integration, configure the export filter with finding categories, and specify the log bucket name.",Create a custom export configuration using gcloud scc findings export command with --log-sink parameter pointing to a Cloud Logging destination.,"Create a new NotificationConfig using the SCC API, specify Cloud Logging as the pubsub topic, and deploy a service account with logging.write permissions.","Click Logging Export under Export name, turn on Log Findings to Logging in the Sinks section, specify the destination Logging project, and click Save.",4,"The configuration process requires navigating to the Continuous Exports tab, clicking Logging Export, enabling the 'Log Findings to Logging' toggle in the Sinks section, specifying the project where findings will be logged, and saving the configuration. Reference: https://cloud.google.com/security-command-center/docs/export-cloud-logging"
GCP PSOE,You are configuring log-based metrics in Cloud Logging to support security monitoring. You want to track the response time of authentication API calls from logs to identify anomalies. The logs contain a numeric latency field in each entry. Which type of log-based metric should you create?,Configure a log-based alerting policy with a latency threshold directly in the filter condition.,Create a counter log-based metric with a filter for authentication API calls and add a label to capture the latency value.,Create a distribution log-based metric with a filter for authentication API calls and configure a value extractor to capture the latency field.,Create a boolean log-based metric that evaluates whether authentication calls exceed a latency threshold.,3,"Distribution metrics are designed to extract numeric data from log entries and record statistical distributions including count, mean, sum of squared deviations, and histogram buckets. This is the recommended approach for tracking values like latencies from logs. Reference: https://cloud.google.com/logging/docs/logs-based-metrics/distribution-metrics"
GCP PSOE,Your organization has enabled data residency for Security Command Center and stores findings in the EU location. You need to configure a continuous export to Pub/Sub for findings in this location. What is the correct approach for configuring the NotificationConfig?,Create the NotificationConfig using the v1 API and specify resourceLocation='EU' in the filter expression.,Create a global NotificationConfig that will automatically route findings based on their residency location.,"Configure the Pub/Sub topic with a message storage policy for the EU region, which will automatically handle data residency for SCC notifications.",Create the NotificationConfig in the EU location using the v2 Security Command Center API and specify the location parameter as 'eu'.,4,"When data residency is enabled, continuous export configurations (NotificationConfig resources) are subject to data residency controls and must be created in the same Security Command Center location as the findings. The v2 API with the appropriate location parameter must be used. Reference: https://cloud.google.com/security-command-center/docs/how-to-api-manage-notifications"
GCP PSOE,"Incident response""Your organization uses VPC Service Controls to protect sensitive BigQuery datasets. During a security incident investigation, you need to rapidly contain a compromised project that may be exfiltrating data to an external Cloud Storage bucket. You want to immediately block data egress while minimizing impact to legitimate operations. What should you do?","Create a new dry-run service perimeter with no egress policies, move the compromised project into it, and monitor the audit logs for violations.",Add the compromised project to an access level that restricts access based on device trust requirements.,"Remove any egress rules from the service perimeter that allow access to external projects, and verify the perimeter is in enforced mode.",Modify the VPC accessible services list to restrict which services the compromised project can access within the perimeter.,3,VPC Service Controls egress rules control access from clients within the perimeter to resources outside the perimeter. Removing egress rules will immediately block the compromised project from accessing external Cloud Storage buckets while keeping the perimeter protection active for legitimate internal operations. Reference: https://cloud.google.com/vpc-service-controls/docs/ingress-egress-rules
GCP PSOE,Your organization is conducting a forensic investigation following a security incident. You need to preserve specific Cloud Logging entries as evidence and ensure they cannot be deleted or modified during the investigation. Which approach provides the strongest protection for log evidence integrity?,Create a user-defined log bucket with a custom retention period and lock the bucket using the gcloud logging buckets update command with the --locked flag.,Configure the _Default log bucket with an extended retention period of 3650 days and enable Data Access audit logs for all services.,Create a log sink to route logs to BigQuery and enable partitioned tables with a 10-year expiration policy.,Export logs to the _Required log bucket by modifying the _Required sink filter to include additional log types beyond audit logs.,1,"Locking a log bucket is an irreversible action that prevents anyone from updating or deleting the bucket. Once locked, the bucket's retention policy is also locked, ensuring log entries cannot be deleted until they fulfill the retention period, which protects evidence integrity during forensic investigations. Reference: https://cloud.google.com/logging/docs/buckets"
GCP PSOE,Your organization has a VPC Service Controls perimeter protecting Cloud Storage and BigQuery services. A partner organization needs read-only access to specific BigQuery datasets within your perimeter from their on-premises network. You need to grant access while minimizing the risk of data exfiltration. What should you do?,Create a perimeter bridge between your perimeter and a new perimeter containing the partner's project to enable bidirectional data access.,Create an access level based on the partner's IP address range and add it to the perimeter with full access to BigQuery services.,Configure an ingress rule that specifies the partner's source IP address range and limits access to specific BigQuery read methods using methodSelectors.,Configure an egress rule that allows data to flow from your BigQuery datasets to the partner's destination IP address range.,3,"Ingress rules allow you to grant context-aware access based on client attributes such as source IP address. Using methodSelectors, you can constrain access to specific BigQuery read methods (like bigquery.datasets.get, bigquery.tables.getData), minimizing exfiltration risk by preventing write operations. Reference: https://cloud.google.com/vpc-service-controls/docs/ingress-egress-rules"
GCP PSOE,Your organization is configuring log sinks to route audit logs from all projects across the organization to a centralized BigQuery dataset for threat intelligence enrichment and detection. You need to ensure that logs from all child resources are captured while maintaining the ability to filter logs at the project level for compliance. What should you do?,"Create an intercepting aggregated sink at the organization level to route all logs exclusively to the centralized BigQuery dataset, disabling project-level logging.",Enable Log Analytics on the _Default bucket in each project and create a single linked dataset for centralized querying.,Configure individual log sinks in each project to route logs to the central BigQuery dataset using Terraform automation.,"Create a non-intercepting aggregated sink at the organization level with the --include-children flag, routing logs to a BigQuery dataset in a dedicated security project.",4,A non-intercepting aggregated sink at the organization level with --include-children routes log entries from all child resources (folders and projects) to the centralized destination while still allowing project-level sinks to function. This maintains visibility at both central and local levels for compliance. Reference: https://cloud.google.com/logging/docs/export/aggregated_sinks
GCP PSOE,Your organization has detected a potential data exfiltration incident involving BigQuery tables containing sensitive customer information. Security Command Center generated an 'Exfiltration: BigQuery Data Exfiltration' finding with severity HIGH. You need to investigate the incident using Cloud Logging. Which log filter should you use to find related BigQuery job activity?,protoPayload.serviceName='storage.googleapis.com' AND protoPayload.methodName='storage.objects.create',protoPayload.authenticationInfo.principalEmail='service-account@project.iam.gserviceaccount.com',protoPayload.methodName='google.cloud.bigquery.v2.JobService.InsertJob',resource.type='bigquery_dataset' AND protoPayload.status.code!=0,3,"This filter identifies BigQuery job insertion activities, which includes data export operations. According to Google documentation, admin activity logs related to BigQuery jobs use this methodName filter to track data movement activities that could indicate exfiltration to external tables or storage. Reference: https://cloud.google.com/security-command-center/docs/findings/threats/big-query-exfil"
GCP PSOE,You are configuring Event Threat Detection to detect cryptomining and malware threats in your Google Cloud environment. A security analyst asks about the expected detection latency for Event Threat Detection findings. What should you communicate about the detection latency characteristics?,Event Threat Detection provides real-time detection with findings appearing instantly (less than 1 second) after a threat is detected in the log stream.,"Event Threat Detection performs batch analysis every 6 hours, so findings may take up to 6 hours to appear in Security Command Center after an incident occurs.","Event Threat Detection activation occurs within seconds, and detection latencies are generally less than 15 minutes from when a log is written to when a finding is available in Security Command Center.",Detection latency depends on the log type being analyzed; Admin Activity logs have 1-minute latency while VPC Flow Logs have 24-hour latency due to aggregation requirements.,3,"Event Threat Detection monitors logs in near-real time. Activation is quick, occurring within seconds, and findings are typically available within 15 minutes of the log event being written. This enables rapid detection and response to threats. Reference: https://cloud.google.com/security-command-center/docs/how-to-use-event-threat-detection"
GCP PSOE,Your organization's legal team requires that all audit logs from across the enterprise be centrally collected and retained for 7 years to support potential legal proceedings and forensic investigations. You need to design a solution that aggregates logs from multiple projects into a dedicated security project. What should you do?,"Create a non-intercepting aggregated sink at the organization level to route audit logs to a dedicated log bucket in the security project, and configure the bucket with a 7-year custom retention period.","Create individual log sinks in each project to route logs to the security project's _Default bucket, and set the _Default bucket retention to the maximum of 400 days.",Configure each project's _Required bucket with a custom 7-year retention period and enable cross-project log views from the security project.,"Create an intercepting aggregated sink at the folder level to route all logs directly to Cloud Storage, and configure a lifecycle policy to retain objects for 7 years.",1,"Aggregated sinks let you combine and route logs generated by Google Cloud resources in your organization to a centralized location, and log buckets support custom retention periods between 1 day and 3650 days (10 years). Non-intercepting sinks also preserve logs in source projects. Reference: https://cloud.google.com/logging/docs/export/aggregated_sinks"
GCP PSOE,"Incident response""Your organization suspects that a project containing sensitive BigQuery datasets has been compromised. You need to implement immediate containment using VPC Service Controls while ensuring you can monitor the impact before fully blocking access. What approach should you use?","Add the project to a VPC Service Controls perimeter in dry run mode first to log violations, then convert to enforced mode after reviewing the audit logs to understand legitimate access patterns.",Configure only IAM deny policies on the compromised project since VPC Service Controls is designed for long-term protection rather than incident response.,Create a perimeter bridge between the compromised project and other production projects to isolate the threat while maintaining necessary data flows.,Immediately add the project to an existing enforced VPC Service Controls perimeter with all services restricted to maximize security without any preliminary testing.,1,Dry run mode logs violations as though the perimeter is enforced but does not block access to restricted services. This allows you to understand the impact of enforcement and identify legitimate access patterns before blocking. Google recommends this approach to avoid disrupting legitimate operations during containment. Reference: https://cloud.google.com/vpc-service-controls/docs/dry-run-mode
GCP PSOE,"Your threat hunting team is investigating a potential data exfiltration attack across your multi-cloud environment. You need to identify internal hosts that are connecting to external domains with low prevalence scores, which may indicate communication with attacker-controlled infrastructure. You want to use Google Security Operations (SecOps) to detect this activity. What should you do?",Create a YARA-L rule that queries the derived context for domain prevalence and triggers when the rolling_max prevalence value falls below a defined threshold.,Query UDM Search for all NETWORK_DNS events and manually review the target domain values to identify suspicious or unfamiliar domains.,Use the IOC matches page to filter for domains flagged by Applied Threat Intelligence with an Indicator Confidence Score below 80.,Create a curated detection rule that compares domain names against a reference list of known good domains maintained by your organization.,1,"Google SecOps calculates prevalence statistics for entities including domains, storing rolling_max values that indicate the maximum daily unique internal IP addresses accessing a domain over a 10-day window. Detection rules can use these enriched prevalence fields to identify connections to low-prevalence domains that may indicate malicious infrastructure. Reference: https://cloud.google.com/chronicle/docs/event-processing/data-enrichment"
GCP PSOE,"You are establishing user activity baselines in Google Security Operations (SecOps) and need to ingest organizational context data from your identity provider to enrich user entities with attributes like job title, department, and employment status. Which event type should you configure for ingesting this user context data?",USER_LOGIN events with extended metadata fields populated to capture organizational context for user baseline profiling.,"ASSET_CONTEXT events, which provide user organizational data through asset-to-user relationship mapping for baseline establishment.",DERIVED_CONTEXT events with user entity attributes configured through custom parser extensions for baseline data ingestion.,"USER_CONTEXT events, which Google SecOps ingests as entity context events to provide user aliasing and enrichment for baseline profiling.",4,"According to Google SecOps documentation, USER_CONTEXT events are specifically designed for user aliasing and are ingested as entity context events rather than UDM events. This allows enrichment with attributes like job title, department, and employment status that can be used to establish and contextualize user activity baselines. Reference: https://cloud.google.com/chronicle/docs/event-processing/overview-of-aliasing-and-enrichment"
GCP PSOE,"Your organization's incident response team needs to preserve forensic evidence from a compromised VM's disk snapshot in Cloud Storage for a potential legal investigation. The evidence must be protected from accidental or malicious modification or deletion for a minimum of 2 years, and this requirement cannot be changed by any administrator. What should you configure on the Cloud Storage bucket?",Apply an event-based hold to each object and configure a 2-year lifecycle rule.,Configure a retention policy on the bucket and lock the retention policy.,Enable Object Versioning on the bucket and configure a 2-year retention policy without locking.,Configure temporary holds on all objects and use IAM deny policies to prevent hold removal.,2,"Locking a retention policy permanently prevents it from being reduced or removed. Once locked, objects cannot be deleted or replaced until they meet the retention period, providing immutable storage suitable for regulatory and legal compliance. This ensures evidence integrity for the chain of custody. Reference: https://cloud.google.com/storage/docs/bucket-lock"
GCP PSOE,"Data management""You have configured a Cloud Logging sink to route security logs to a Cloud Storage bucket in a different project. The sink was created successfully, but logs are not appearing in the destination bucket. What is the most likely cause?","The Cloud Storage bucket does not have versioning enabled, which is required for log routing.","The sink filter syntax is invalid, causing all log entries to be excluded from routing.","The Cloud Storage bucket is in a different region than the log source projects, which prevents cross-region routing.",The sink's service account has not been granted write permissions on the destination Cloud Storage bucket.,4,"When a sink routes logs to a destination outside the current project, Cloud Logging creates a service account that must be granted permissions on the destination. The service account needs the Storage Object Creator role (or equivalent) on the Cloud Storage bucket to write log entries. Without these permissions, the sink cannot route logs to the destination. Reference: https://cloud.google.com/logging/docs/export/configure_export_v2#dest-auth"
GCP PSOE,Your security operations team wants to understand the operational limits when planning the deployment of Event Threat Detection custom modules across your Google Cloud organization. Which combination of quota limits must you consider for custom modules?,"A maximum of 100 custom modules per organization and unlimited findings per hour, with throttling applied after 1,000 findings.",A maximum of 200 custom modules per project and 500 custom module findings per organization per hour distributed across all projects.,A maximum of 200 custom modules per organization and 200 custom module findings per parent resource (organization or project) per hour.,Unlimited custom modules with a 6 MB size limit per module and a maximum of 200 API calls per minute for custom module management operations.,3,"Event Threat Detection custom modules have a default quota limit of 200 custom modules that can be created, and there is a limit of 200 custom module findings per parent resource (organization or project) per hour. These limits ensure system stability and cannot be increased. Reference: https://cloud.google.com/security-command-center/docs/custom-modules-etd-overview"
GCP PSOE,"Your security team has deployed a threat detection service with an SLO goal of 99% availability measured over a rolling 7-day compliance period. After analyzing historical data, you determine that your service typically receives 60,480 requests per week. You need to understand your error budget allocation for capacity planning. What is the maximum number of failed requests your service can have while still meeting the SLO?","60 failed requests, calculated using a 99.9% effective threshold to account for measurement variance.","302 failed requests, representing half of the calculated error budget to maintain a safety margin.","6,048 failed requests, calculated as 10% of total requests for a 99% SLO.","604 failed requests, calculated as (1 - 0.99) × 60,480 total requests.",4,"The error budget formula is (1 - SLO goal) × (eligible events in compliance period). With a 99% SLO goal and 60,480 requests, your error budget allows 1% of requests to fail: 0.01 × 60,480 = 604.8, rounded to 604 failed requests. Reference: https://cloud.google.com/stackdriver/docs/solutions/slo-monitoring"
GCP PSOE,"You are developing a new malware investigation playbook in Google Security Operations (SecOps) SOAR. Before deploying to production, you need to validate all condition branches work correctly and test how the playbook handles both malicious and benign file hash scenarios without affecting live production data. What is the most effective approach to test your playbook?","Deploy the playbook in a disabled state, manually ingest malware samples into production, and review the case wall for expected behavior after enabling the playbook temporarily.","Export the playbook to a ZIP file, import it into a separate Google SecOps instance, and run extensive testing with real threat intelligence feeds before migrating back.",Create duplicate playbooks for each condition branch scenario and manually verify outputs in production by comparing case outcomes across the different playbook versions.,"Enable the Playbook Simulator, create a test case from an existing alert, and use Pin Results or Insert Results to inject mock data that forces the playbook to execute different condition branches.",4,The Playbook Simulator lets you test playbooks in a pre-production environment without impacting live data. Using Pin Results or Insert Results allows you to set different simulation data to test various condition branches. Test cases created from alerts don't influence regular cases. Reference: https://cloud.google.com/chronicle/docs/soar/respond/working-with-playbooks/working-with-playbook-simulator
GCP PSOE,"Your security team needs to implement continuous vulnerability detection for web applications with findings integrated into your SIEM for correlation with threat intelligence. Web Security Scanner managed scans are running weekly, but you need the findings exported to Google Security Operations (SecOps) SIEM. What is the recommended approach?",Schedule a Cloud Function to periodically query the Security Command Center API and push findings to Google SecOps SIEM.,Enable the native integration between Web Security Scanner and Google SecOps SIEM in the Security Command Center settings.,Configure Web Security Scanner to write scan results directly to a Cloud Storage bucket monitored by Google SecOps SIEM.,"Configure continuous exports from Security Command Center to Pub/Sub, then ingest the findings into Google SecOps SIEM.",4,"Security Command Center supports continuous exports to Pub/Sub, which can then be consumed by Google SecOps SIEM for correlation with threat intelligence. This provides automated, near real-time export of Web Security Scanner findings. Reference: https://cloud.google.com/architecture/blueprints/security-foundations/detective-controls"
GCP PSOE,"Your organization has ingested telemetry from Google Cloud, AWS CloudTrail, and Azure AD into Google Security Operations (SecOps). A threat hunter needs to search for a specific attack pattern involving credential access across all three cloud platforms simultaneously. The hunter wants to use standardized field names regardless of the source cloud. What should the threat hunter use to achieve this?",Create separate queries for each cloud platform using their native log field names.,Use UDM Search with YARA-L syntax to query normalized fields across all cloud environments.,Use the Security Command Center API to retrieve findings from each cloud provider separately.,Export all logs to BigQuery and perform SQL queries across the combined dataset.,2,"Google SecOps normalizes logs from multiple cloud sources into the Unified Data Model (UDM). Using UDM Search with YARA-L syntax allows threat hunters to query normalized fields consistently across Google Cloud, AWS CloudTrail, and Azure AD logs without needing to know source-specific field names. Reference: https://cloud.google.com/chronicle/docs/investigation/udm-search"
GCP PSOE,"Threat hunting""You are performing threat hunting in Google Security Operations (SecOps) and want to identify hosts that communicated with known malicious IP addresses over the past week. You need to track the frequency of these communications and aggregate results by hostname. Which approach should you use?",Configure a BigQuery scheduled query against the exported security telemetry to calculate communication frequency per host.,Create a multi-event detection rule in the Rules Dashboard and export the detections to Looker Studio for visualization.,Write a statistical query using YARA-L 2.0 in UDM Search with match and outcome sections to group results by hostname and count communications.,Use Raw Log Scan with regular expressions to filter malicious IP addresses and manually aggregate results from the output.,3,Google SecOps UDM Search supports statistical queries using YARA-L 2.0 syntax with match sections to group results and outcome sections to aggregate values. This approach allows tracking critical metrics like frequency of events per host for threat hunting. Reference: https://cloud.google.com/chronicle/docs/investigation/statistics-aggregations-in-udm-search
GCP PSOE,Your organization has enabled Access Transparency and wants to proactively monitor for unusual access patterns by Google personnel. You need to configure alerting when Google personnel access exceeds normal baselines within a specific time period. What approach should you use?,Configure Access Approval to automatically reject all access requests that exceed predetermined frequency thresholds.,Export Access Transparency logs to BigQuery and run scheduled queries to detect anomalous access volumes.,Deploy a Cloud Function triggered by Pub/Sub to analyze each Access Transparency log entry for anomaly detection.,Create a logs-based metric that captures Google personnel accesses and configure an alerting policy in Cloud Monitoring with threshold limits.,4,"You can monitor Access Transparency logs using the Cloud Monitoring API. By creating a logs-based metric that captures Google personnel accesses of your content, you can then create an alerting policy in Cloud Monitoring that notifies you if the number of accesses in a given period exceeds a specified threshold. Reference: https://cloud.google.com/assured-workloads/access-transparency/docs/reading-logs"
GCP PSOE,"Data management""Your organization has deployed Sensitive Data Protection discovery across multiple BigQuery datasets. Security operations require data profile information to be available in Google Security Operations (SecOps) for correlation with other security telemetry during threat hunting. You need to configure the data flow to enrich entity context in SecOps with sensitive data classification. What should you do?",Enable the Pub/Sub action in the discovery scan configuration and configure Google SecOps to directly subscribe to the Pub/Sub topic for real-time data profile ingestion.,"Configure the discovery scan action to save data profiles directly to BigQuery, then create a custom parser in Google SecOps to ingest the BigQuery data as entity context.","Configure the discovery scan to publish data profiles to Security Command Center, then ingest Security Command Center findings into Google SecOps where they can be correlated with other telemetry using the entity graph.","Create a scheduled DLP API job trigger that exports findings to Cloud Logging, then configure a Google SecOps feed to ingest the logs and parse data sensitivity classifications.",3,"Sensitive Data Protection integrates with Security Command Center to publish data profiles as findings. Security Command Center findings can be ingested into Google SecOps, where the sensitive data intelligence enriches entity context and can be correlated with other security telemetry during threat hunting and investigations. Reference: https://cloud.google.com/security/products/dlp"
GCP PSOE,"You are configuring Event Threat Detection for a Google Cloud organization that has multiple projects. You want Event Threat Detection to detect malware activity by analyzing network connections. Some logs are already enabled by default, but you need to determine which additional logs to enable for enhanced malware detection capabilities. Which log type should you enable to enhance Event Threat Detection's ability to detect malware through network analysis while balancing cost?","Data Access audit logs for all services, as they capture detailed information about resource access that could indicate malware communication.","Cloud DNS logs, as they provide network detection of malware through domain resolution and are sufficient for most users without incurring significant additional costs.","VPC Flow Logs with default settings, as they are required for Event Threat Detection to function and detect any network-based threats.","Admin Activity audit logs, as they capture all API calls and administrative operations that could indicate malware activity.",2,Cloud DNS logs enable Event Threat Detection to detect malware using domain resolution. Google recommends that Cloud DNS logs are sufficient for most users for network detection of malware. VPC Flow Logs provide additional visibility but incur higher costs. Reference: https://cloud.google.com/security-command-center/docs/concepts-event-threat-detection-overview
GCP PSOE,You are configuring an automated threat hunting pipeline where a Cloud Function is triggered whenever new threat intelligence indicators are published to a Pub/Sub topic. The Cloud Function must invoke the Google SecOps ingestion API to add new IOCs for retroactive analysis. You need to configure the Eventarc trigger with the appropriate service account. Which IAM role must be granted to the Eventarc trigger's service account?,"Grant the roles/eventarc.eventReceiver role to the service account to allow it to receive events from Pub/Sub, and grant the roles/run.invoker role to allow it to invoke the Cloud Function.",Grant the roles/cloudfunctions.admin role to the service account to provide full administrative access for managing and invoking the Cloud Function.,Grant the roles/iam.serviceAccountTokenCreator role to the service account to allow it to generate authentication tokens for invoking the Cloud Function.,Grant the roles/pubsub.subscriber role to the service account to allow it to read messages from the Pub/Sub subscription and forward them to the Cloud Function.,1,"The Eventarc trigger's service account needs the eventarc.eventReceiver role to receive events from event providers like Pub/Sub. Additionally, it needs the run.invoker role (or equivalent Cloud Functions invoker permission) to invoke the function when events occur. Reference: https://cloud.google.com/run/docs/tutorials/pubsub-eventdriven"
GCP PSOE,You are a threat hunter at an organization using Google Security Operations (SecOps). You have developed a hypothesis that certain adversary groups may have compromised workstations by exploiting a recently disclosed vulnerability. You created a new YARA-L detection rule to identify activity patterns associated with this exploitation. You want to determine if this exploitation occurred in your environment before your detection rule was created. What should you do?,"Enable the detection rule and configure alerting, then wait for detections to be generated from newly ingested logs as they arrive.",Export the historical logs to BigQuery and convert the YARA-L rule syntax to SQL to query for matching patterns in the exported data.,Create a new curated detection rule set and request Google to apply it retroactively to your historical logs in the environment.,Run a retrohunt using the new YARA-L detection rule against historical data from the time period when the vulnerability could have been exploited.,4,Retrohunt allows you to execute a detection rule against existing historical data stored in Google SecOps. This enables you to identify past security incidents that occurred before the detection rule was created. Reference: https://cloud.google.com/chronicle/docs/detection/run-rule-historical-data
GCP PSOE,"You are designing a threat hunting automation architecture where multiple Cloud Functions need to process different types of threat intelligence updates from a single Pub/Sub topic. One function searches network logs for malicious IPs, another searches for malicious file hashes, and a third searches for suspicious domains. Each function should only receive messages relevant to its IOC type. What architecture should you implement?",Create a single Cloud Function that receives all messages and uses internal logic to route processing to the appropriate handler based on IOC type.,Use a Cloud Dataflow pipeline to split the messages from the topic and forward them to separate Cloud Functions based on IOC type.,"Create three separate Pub/Sub topics, one for each IOC type, and configure the threat intelligence publisher to send messages to the appropriate topic.",Create three separate Pub/Sub subscriptions on the same topic with message filters based on IOC type attributes and attach each Cloud Function to its corresponding subscription.,4,"Pub/Sub subscription filters allow each subscriber to receive only messages matching specific attribute criteria. By setting IOC type as a message attribute when publishing, each Cloud Function subscription can filter to receive only relevant IOC types, enabling efficient fan-out without message duplication or unnecessary processing. Reference: https://cloud.google.com/pubsub/docs/subscription-message-filter"
GCP PSOE,You have created an Event Threat Detection custom module at the organization level to detect connections to known malicious IP addresses from your threat intelligence feed. A project team reports they are not seeing findings from this custom module in their project. What is the most likely reason for this issue?,VPC Flow Logs or Cloud NAT logging is not enabled for the VPCs in the project where detection is needed.,The custom module has exceeded its quota of 200 findings per hour and additional findings are being suppressed.,The project team needs the Security Center Admin IAM role to view findings from organization-level custom modules.,The custom module created at the organization level does not automatically apply to projects and must be recreated at the project level.,1,"The Configurable Bad IP custom module requires network traffic logs (VPC Flow Logs, Cloud NAT logging, or Firewall Rules Logging) to detect connections to specified IP addresses. If none of these logs are enabled in the project, Event Threat Detection cannot analyze network connections and will not generate findings even though the custom module is properly configured at the organization level. Reference: https://cloud.google.com/security-command-center/docs/concepts-event-threat-detection-overview"
GCP PSOE,Your security team needs to perform aggregated analysis on Cloud Audit Logs to identify principals with unusually high API activity that might indicate compromised credentials. You want to use BigQuery-standard SQL queries to analyze the logs. What must you do first?,Use the Logs Explorer to run SQL queries directly against the _Default log bucket.,Upgrade the log bucket to use Log Analytics and query logs using SQL on the Log Analytics page.,Create a log-based metric to count API calls per principal and query Cloud Monitoring.,Export the logs to BigQuery using a sink and run queries on the exported dataset.,2,Log Analytics allows you to run BigQuery-standard SQL queries against logs stored in analytics-enabled log buckets. This enables aggregated analysis such as counting API calls per principal and identifying anomalous patterns without exporting data to a separate BigQuery dataset. Reference: https://cloud.google.com/logging/docs/analyze/query-and-view
GCP PSOE,Your company uses Security Command Center Enterprise tier and wants to detect when resources are created in unauthorized regions. The built-in Security Health Analytics detectors do not meet this specific requirement. Which approach should you use to implement this custom detection capability?,Deploy a security posture with organization policy constraints to prevent resource creation in unauthorized regions.,Create an Event Threat Detection custom module using the Configurable Allowed Compute Engine Region template.,Create a Security Health Analytics custom module using CEL expressions to check resource region properties against a list of authorized regions.,Configure Risk Engine to generate toxic combination findings when resources are deployed in unauthorized regions.,3,Security Health Analytics custom modules allow you to define custom detection rules using Common Expression Language (CEL) expressions to check resource properties like region against your specified criteria. Custom modules run alongside built-in detectors in both real-time and batch scans. Reference: https://cloud.google.com/security-command-center/docs/custom-modules-sha-overview
GCP PSOE,Your organization discovered that a malicious actor created a service account key for an existing privileged service account. You need to investigate the incident using Cloud Audit Logs to identify who created the key. What log filter should you use in Logs Explorer to find the relevant audit log entries?,protoPayload.methodName='SetIamPolicy' AND protoPayload.request.policy.bindings.role='roles/iam.serviceAccountKeyAdmin',logName='projects/*/logs/cloudaudit.googleapis.com%2Fdata_access' AND protoPayload.methodName LIKE '%ServiceAccount%',protoPayload.serviceName='iam.googleapis.com' AND protoPayload.authenticationInfo.serviceAccountKeyName!='',protoPayload.methodName='google.iam.admin.v1.CreateServiceAccountKey' AND resource.type='service_account',4,"The CreateServiceAccountKey method is logged when a new service account key is created, and filtering by resource.type='service_account' ensures you're viewing operations on service accounts. The protoPayload.authenticationInfo.principalEmail field in the matching entries will identify who created the key. Reference: https://cloud.google.com/iam/docs/audit-logging/examples-service-accounts"
GCP PSOE,"Data management""Your organization uses VPC Service Controls to protect sensitive resources. You need to configure an organization-level aggregated sink to route audit logs to a Cloud Storage bucket that is inside a service perimeter. What additional configuration is required?",Move the aggregated sink to a project inside the same service perimeter as the Cloud Storage bucket to enable internal perimeter communication without additional rules.,Add an ingress rule to the service perimeter that allows the aggregated sink's service account to access the Cloud Storage bucket using ANY_IDENTITY as the identity type.,Configure the Cloud Storage bucket to use uniform bucket-level access and add the aggregated sink's service account to the bucket's IAM policy with VPC exemption.,Grant the aggregated sink's service account the VPC Service Controls Admin role and add it to the service perimeter's access levels using ANY_SERVICE_ACCOUNT.,2,"When routing logs from an aggregated sink to a resource protected by VPC Service Controls, you must add an ingress rule to the service perimeter. For log sinks routing to Cloud Storage, you must use ANY_IDENTITY as the identity type since ANY_SERVICE_ACCOUNT and ANY_USER_ACCOUNT cannot be used with log sinks routing to Cloud Storage resources. Reference: https://cloud.google.com/logging/docs/export/aggregated_sinks_overview"
GCP PSOE,Your organization runs workloads on AWS that need to access Google Cloud Storage buckets. You want to implement authentication following security best practices without managing service account keys. You have configured a workload identity pool with an AWS provider. What is the minimum IAM role required on the service account to enable the AWS workloads to impersonate it through Workload Identity Federation?,Service Account User (roles/iam.serviceAccountUser),Workload Identity User (roles/iam.workloadIdentityUser),Service Account Admin (roles/iam.serviceAccountAdmin),Service Account Token Creator (roles/iam.serviceAccountTokenCreator),2,"Before an external identity can impersonate a service account through Workload Identity Federation, you must grant it the roles/iam.workloadIdentityUser role on the service account. This is the minimum permission required for external workloads to use service account impersonation. Reference: https://cloud.google.com/iam/docs/workload-identity-federation"
GCP PSOE,You need to implement SQL-based alerting on Cloud Logging data to detect when administrative actions exceed a threshold count within a 24-hour period for compliance monitoring. You want to use Log Analytics to query your logs. What is required before you can create a SQL-based alerting policy that monitors your log data?,Configure an aggregated sink to export logs directly to a standard BigQuery dataset and create alerts using BigQuery Data Transfer Service.,Enable the Cloud Monitoring API and create a log-based alerting policy with SQL filter syntax in the notification configuration.,Create a Cloud Scheduler job to periodically run SQL queries against the _Default log bucket and send results to Pub/Sub for alerting.,Upgrade the log bucket to use Log Analytics and create a linked BigQuery dataset for that log bucket.,4,"SQL-based alerting policies require the data to be accessible through a linked BigQuery dataset. You must first upgrade your log bucket to use Log Analytics, and then create a linked dataset that enables BigQuery to query the log data. The alerting policy then monitors the SQL query results. Reference: https://cloud.google.com/logging/docs/analyze/sql-in-alerting"
GCP PSOE,Your security team has detected a suspicious Python script execution within one of your GKE pods. The Security Command Center Premium finding indicates 'Execution: Malicious Python executed' as the finding category. You need to investigate the source and impact of this threat. Which Container Threat Detection capability is responsible for identifying this type of malicious activity?,Natural language processing (NLP) that analyzes executed Python code to determine if it is malicious.,Signature-based detection that compares Python script hashes against a database of known malware signatures.,Static code analysis that scans container images for vulnerable Python libraries before deployment.,Network traffic inspection that monitors Python script communication with known malicious IP addresses.,1,Container Threat Detection uses natural language processing (NLP) to detect malicious Bash and Python code. The detector service analyzes scripts executed within containers to identify potential threats based on patterns and behaviors indicative of malicious activity. Reference: https://cloud.google.com/security-command-center/docs/concepts-container-threat-detection-overview
GCP PSOE,You are performing threat hunting in Google Security Operations (SecOps) to identify potential command and control (C2) activity across your organization's multi-cloud environment. You want to detect low prevalence domains that are communicating with internal assets but are not yet flagged by threat intelligence feeds. Which approach should you use?,Export network logs to BigQuery and write SQL queries to calculate domain prevalence by counting unique source assets for each destination domain.,Configure the Security Command Center to scan all network flows and generate findings for domains that have not been seen before.,Search the IOC Matches page and filter by domains with low confidence scores from Applied Threat Intelligence sources.,Create a YARA-L rule that uses the prevalence enrichment fields to identify domains with low asset prevalence and generates detections for network connections to those domains.,4,"Google SecOps enriches UDM records with prevalence data showing how many assets have communicated with specific domains. YARA-L rules can reference these enrichment fields to detect connections to low-prevalence domains that may indicate C2 infrastructure, even when not yet in threat intelligence feeds. Reference: https://cloud.google.com/chronicle/docs/reference/important-udm-fields"
GCP PSOE,"You need to configure Cloud Storage bucket permissions for a forensic evidence repository that will be used across multiple incident investigations. The bucket must allow the incident response team to upload evidence but prevent any user, including bucket administrators, from deleting objects before their retention period expires. Which IAM and bucket configuration should you apply?","Apply an unlocked retention policy, grant the Storage Object Admin role to the incident response team, and configure VPC Service Controls to prevent external deletion requests.","Apply an IAM Deny policy that blocks storage.objects.delete for all principals, grant the Storage Admin role to the incident response team, and enable Object Versioning.","Enable uniform bucket-level access, grant the Storage Legacy Bucket Writer role to the incident response team, and configure Cloud Monitoring alerts for delete operations.","Apply a locked retention policy on the bucket, grant the Storage Object Creator role to the incident response team, and rely on the locked retention policy to prevent premature deletion.",4,"A locked retention policy cannot be overridden even by users with Storage Admin permissions - it provides immutability at the bucket level. The Storage Object Creator role allows uploading new evidence without granting delete permissions. The locked policy ensures objects cannot be deleted until retention expires, regardless of IAM permissions. Reference: https://cloud.google.com/storage/docs/bucket-lock"
GCP PSOE,"Platform operations""A data analytics team needs to access BigQuery datasets protected by a VPC Service Controls perimeter from their corporate network. The team members work from a known range of public IP addresses. You need to grant access to the protected resources while maintaining the security boundary. What should you configure?",Add the corporate network's project to the service perimeter so that it becomes part of the trusted boundary.,"Create an access level in Access Context Manager with the corporate IP address ranges, then add this access level to the service perimeter.",Create a VPC accessible services configuration that includes the corporate IP range and BigQuery service.,Configure an egress rule in the service perimeter that allows the BigQuery service to send data to the corporate IP address ranges.,2,"Access levels define requirements for requests to be honored and can be based on IP address ranges. When added to a service perimeter, requests from the specified IP ranges are allowed to access protected resources. Reference: https://cloud.google.com/vpc-service-controls/docs/use-access-levels"
GCP PSOE,Your organization has deployed multiple data collection agents across different network segments to forward logs to Google Security Operations (SecOps). You need to implement a monitoring solution that alerts your team when log sources stop sending data unexpectedly. What is the most effective approach to detect silent hosts?,Enable automatic silent source detection in SIEM Settings to receive push notifications when data feeds stop.,Create a custom YARA-L detection rule that triggers when a specific hostname has no events for 24 hours.,Use the silent host monitoring widget in the Data Ingestion and Health dashboard for real-time alerting.,Configure Cloud Monitoring alert policies using Chronicle Collector ingestion metrics with thresholds based on expected log volumes.,4,Google Cloud Monitoring can monitor log ingestion rates using Chronicle Collector metrics. You can configure alert policies with thresholds that detect collector outages (lower thresholds) or upstream log gaps (higher thresholds) and receive notifications when agents stop sending logs. Reference: https://cloud.google.com/chronicle/docs/ingestion/silent-host-monitoring
GCP PSOE,You are setting up a notification system for critical Security Command Center (SCC) findings to ensure your security operations team receives timely alerts. You want to use Cloud Monitoring to create alerting policies that trigger when specific high-severity findings are detected. What is the most appropriate approach?,Enable the Cloud Monitoring integration in SCC Premium to automatically generate alerting policies for all high-severity findings without additional configuration.,Configure SCC to stream findings directly to Cloud Monitoring using the native metrics exporter and create threshold-based alerting policies on the security_findings metric type.,Create a direct log-based alerting policy in Cloud Monitoring that monitors the securitycenter.googleapis.com audit logs for new finding creation events.,"Configure SCC continuous exports to a Pub/Sub topic, create a Cloud Run function that processes the messages and writes custom metrics to Cloud Monitoring, then create alerting policies on those metrics.",4,"SCC can export findings to Pub/Sub in near real-time. By processing these messages with a Cloud Run function (or Cloud Functions), you can write custom metrics to Cloud Monitoring that reflect the findings data. You can then create metric-based alerting policies in Cloud Monitoring to alert on these custom metrics when thresholds are exceeded. Reference: https://cloud.google.com/security-command-center/docs/how-to-notifications"
GCP PSOE,Your organization needs to detect when Compute Engine instances are created in regions that violate your data residency policy. You want to use Security Command Center to automatically detect these violations and generate findings in near-real time. What should you do?,Create a Security Health Analytics custom module with CEL expressions to evaluate the zone property of Compute Engine instances.,Configure a dynamic mute rule to filter findings based on region and create notifications for non-matching regions.,Enable the PUBLIC_IP_ADDRESS built-in detector in Security Health Analytics and filter by region.,Create an Event Threat Detection custom module using the Configurable allowed Compute Engine region template and specify your allowed regions.,4,Event Threat Detection custom modules include templates specifically designed to detect when resources are created in restricted regions. The Configurable allowed Compute Engine region module monitors Cloud Logging in real time and generates findings when instances are created outside allowed regions. Reference: https://cloud.google.com/security-command-center/docs/custom-modules-etd-overview
GCP PSOE,Your security team needs to perform comprehensive analysis of all cloud assets and their IAM policies across your organization to identify resources with overly permissive access. The analysis requires joining asset metadata with IAM policy data and performing complex queries. What should you do?,Configure Cloud Asset Inventory feeds to stream all asset and policy changes to BigQuery using a Dataflow pipeline for real-time analysis.,"Export Cloud Asset Inventory data to BigQuery with both RESOURCE and IAM_POLICY content types, then run SQL queries to analyze the combined data.",Use the Security Command Center Assets page to filter assets by IAM policy bindings and export the filtered results to CSV format.,Call the Cloud Asset Inventory SearchAllResources and SearchAllIamPolicies APIs repeatedly and correlate the results in a custom application.,2,"Cloud Asset Inventory allows exporting asset metadata to BigQuery, which provides a SQL-like experience for complex analysis. By specifying multiple content types, you can export both resource metadata and IAM policies. BigQuery enables joining this data and running complex queries across your entire organization. Reference: https://cloud.google.com/asset-inventory/docs/export-bigquery"
GCP PSOE,Your organization requires a custom dashboard in Cloud Monitoring to visualize Security Command Center (SCC) findings by severity level over time. You need to track the count of critical and high-severity findings discovered daily across your Google Cloud organization. What should you do?,Configure a continuous export of SCC findings to Pub/Sub and build a Cloud Function that writes custom metrics directly to Cloud Monitoring for dashboard display.,"Create a log-based metric in Cloud Logging that filters SCC finding logs by severity, then add a chart widget to a custom Cloud Monitoring dashboard using this metric.",Use the Security Command Center Risk Overview dashboard directly and embed it into a custom Cloud Monitoring dashboard using the iframe widget.,"Export SCC findings to BigQuery using a scheduled export, then use Looker Studio connected to BigQuery to create the dashboard visualization.",2,Log-based metrics allow you to count occurrences of specific log entries from Security Command Center findings filtered by severity. These metrics can then be visualized in Cloud Monitoring dashboards with chart widgets showing trends over time. Reference: https://cloud.google.com/logging/docs/logs-based-metrics
GCP PSOE,Your organization uses Google SecOps with BigQuery export enabled. You want to query historical IOC matches to identify which assets have communicated with known malicious domains over the past 30 days. Which BigQuery table should you query?,Query the entity_graph table filtered by domain entities with threat intelligence associations.,Query the rule_detections table filtered by detection rules containing domain-based indicators.,Query the ioc_matches table filtered by the IOC type for domains and the relevant time partition.,Query the udm_events_aggregates table and filter for network events containing the malicious domains.,3,"The ioc_matches table in Google SecOps BigQuery export stores IOC matches found against UDM events, including artifacts like domains and IP addresses that match IOC feeds. Reference: https://cloud.google.com/chronicle/docs/reports/overview-chronicle-bigquery"
GCP PSOE,Your organization has identified a compromised service account during an active incident investigation. Forensic evidence must be preserved and the attack must be contained. You need to prevent further access while maintaining evidence integrity for the investigation. What should you do?,"Disable the compromised service account immediately using gcloud iam service-accounts disable, then collect and preserve all associated Cloud Audit Logs in a dedicated forensic Cloud Storage bucket with a locked retention policy.","Revoke all IAM roles from the service account using gcloud projects remove-iam-policy-binding, then configure a Cloud Storage bucket with a temporary hold on all uploaded evidence objects.","Rotate the service account key and generate a new one, then configure a Cloud Storage bucket with Object Versioning to store copies of all associated audit logs.","Delete the compromised service account using gcloud iam service-accounts delete, then export all associated Cloud Audit Logs to BigQuery for analysis and long-term retention.",1,"Disabling a service account immediately revokes all access while preserving the IAM bindings and identity for forensic investigation. This approach contains the threat while maintaining evidence integrity. The Cloud Audit Logs capture all actions performed by the account, and storing them in a bucket with a locked retention policy ensures evidence cannot be tampered with during the investigation. Reference: https://cloud.google.com/iam/docs/service-accounts-disable-enable and https://cloud.google.com/storage/docs/bucket-lock"
GCP PSOE,"Your organization requires that forensic evidence collected during security incidents be stored immutably for a minimum of seven years to comply with regulatory requirements. You are configuring a dedicated Cloud Storage bucket for storing disk images, memory dumps, and log exports from incident investigations. You need to ensure the evidence cannot be deleted or modified before the retention period expires, even by administrators. What should you do?",Configure Object Retention Lock on the bucket and set the default retention mode to 'Unlocked' with a seven-year retain-until time.,Enable Object Versioning on the bucket and create an IAM deny policy that denies storage.googleapis.com/objects.delete to all principals.,Configure a retention policy with a seven-year retention period on the bucket and lock the retention policy.,"Create a custom IAM role that excludes storage.objects.delete and storage.objects.update permissions, and assign only this role to all users accessing the bucket.",3,"Bucket Lock with a locked retention policy provides WORM (Write Once Read Many) storage that prevents objects from being deleted or replaced until they meet the retention period. Once locked, the policy cannot be removed or reduced, even by administrators or the project owner, ensuring regulatory compliance. Reference: https://cloud.google.com/storage/docs/bucket-lock"
GCP PSOE,"Your security team is implementing a new phishing response playbook in Google Security Operations (SecOps) SOAR. The playbook must perform URL enrichment using VirusTotal, and then automatically quarantine malicious URLs while routing benign URLs to analysts for manual review. You need to configure the playbook to make automated decisions based on the enrichment results. Which playbook component should you use to route the workflow based on VirusTotal scan outcomes?",Configure a Previous Actions Conditions flow that evaluates the VirusTotal action's script result to create separate branches for malicious and benign outcomes.,Implement a playbook loop that iterates through each URL and automatically quarantines all URLs without conditional evaluation.,Create a multi-choice question flow that prompts analysts to manually determine if the URL is malicious before proceeding with automated actions.,Use a playbook trigger condition that filters alerts based on URL reputation scores before the playbook initiates any actions.,1,Previous Actions Conditions flows allow you to create branching logic based on the results of previous actions in the playbook. This component can evaluate action script results and direct the playbook down different paths based on outcomes such as malicious or benign determinations from VirusTotal enrichment. Reference: https://cloud.google.com/chronicle/docs/soar/respond/working-with-playbooks/using-flows-in-playbooks
GCP PSOE,Your organization uses Google Security Operations (SecOps) and has configured Sensitive Data Protection data profiling for BigQuery. You want to create a YARA-L detection rule that triggers when a user with access to high-sensitivity data downloads large files. You need to identify how DLP context data is represented in SecOps for use in your rule. Which UDM entity attributes should you reference to identify BigQuery tables with HIGH sensitivity scores?,"Use the security_result.severity field in UDM events, which maps DLP sensitivity levels to standard severity values when Security Command Center findings are ingested.",Query the additional.fields array in UDM events for dlp_sensitivity_score values that were enriched during log parsing from BigQuery audit logs.,"Reference entity.resource.attribute.labels where the key is 'Sensitivity Score' and the value is 'SENSITIVITY_HIGH', with metadata.product_name equal to 'GCP DLP CONTEXT'.","Reference target.resource.sensitivity_level field in UDM events, which is automatically populated from DLP data profiles for any BigQuery access events.",3,Sensitive Data Protection context data is ingested into SecOps as UDM entity records with the product name 'GCP DLP CONTEXT'. Sensitivity information is stored in the attribute labels array with keys like 'Sensitivity Score' and values indicating the level. Reference: https://cloud.google.com/chronicle/docs/detection/usecase-dlp-high-risk-user-download
GCP PSOE,"Detection engineering""You are a detection engineer implementing Web Security Scanner for multiple web applications across your organization. The scanner has identified several XSS_ERROR findings indicating potential cross-site scripting vulnerabilities due to JavaScript breakage. You need to determine the appropriate response to these findings. What should you do?",Manually verify if the test string modifications can be evaded to confirm if the findings represent exploitable XSS vulnerabilities.,Immediately escalate all XSS_ERROR findings as critical vulnerabilities requiring emergency remediation by the development team.,Re-run the Web Security Scanner with increased scan frequency to generate more accurate detection results.,Configure mute rules in Security Command Center to suppress all XSS_ERROR findings since they are false positives.,1,"XSS_ERROR findings indicate potential XSS bugs where the application modified the test string before the browser parsed it, causing a JavaScript execution error. This indicates an injection issue that might not be exploitable. Manual verification is required to confirm if the test string modifications can be evaded, which would confirm a true XSS vulnerability. Reference: https://cloud.google.com/security-command-center/docs/how-to-remediate-web-security-scanner-findings"
GCP PSOE,You are configuring VPC Service Controls for your organization and need to grant a team member the ability to create and modify service perimeters and access levels. The team member should be able to fully administer the VPC Service Controls configuration. Which IAM role should you assign at the organization level?,Organization Policy Administrator (roles/orgpolicy.policyAdmin),Access Context Manager Editor (roles/accesscontextmanager.policyEditor),Security Admin (roles/iam.securityAdmin),Access Context Manager Admin (roles/accesscontextmanager.policyAdmin),4,"The Access Context Manager Admin role provides full permissions to create, modify, and delete service perimeters and access levels. This predefined IAM role is designed for administrators who need to configure VPC Service Controls at the organization level. Reference: https://cloud.google.com/vpc-service-controls/docs/access-control"
GCP PSOE,Your organization has two separate VPC Service Controls perimeters: one for a data analytics team and one for a machine learning team. Both teams need to share data stored in BigQuery datasets. You need to configure the most granular access control while minimizing administrative overhead. What should you do?,Configure ingress and egress rules on both perimeters to allow specific identities and methods required for data sharing.,Create a perimeter bridge connecting projects from both perimeters to enable bidirectional communication.,Combine both teams into a single perimeter and use IAM roles to control access between projects.,Create an access level that includes both teams' service accounts and apply it to both perimeters.,1,"Ingress and egress rules provide granular controls that can constrain identity types, specific identities, and the exact service methods allowed. Google recommends using ingress and egress rules instead of perimeter bridges as they provide more granular controls. Reference: https://cloud.google.com/vpc-service-controls/docs/ingress-egress-rules"
GCP PSOE,"A threat intelligence report identifies that a sophisticated threat actor is using a multi-stage attack pattern: first establishing persistence via scheduled task creation, followed by credential dumping within 30 minutes. Your team wants to detect this pattern using Google Security Operations (SecOps). Which detection approach should you implement?","Use UDM Search to query for scheduled task creation events and credential dumping events separately, then manually review results for temporal correlation.",Configure curated detections to automatically identify and alert on this specific attack sequence from threat intelligence reports.,"Create two separate single-event YARA-L rules for scheduled task creation and credential dumping, then use a SOAR playbook to correlate alerts manually.",Create a multi-event YARA-L rule with a match section specifying a 30-minute time window that correlates scheduled task creation events with credential dumping events on the same host.,4,Multi-event YARA-L rules can correlate multiple events across a defined time window using the match section with the 'over' keyword. This enables detection of chained attack behaviors where one event type must be followed by another within a specified timeframe. Reference: https://cloud.google.com/chronicle/docs/detection/yara-l-2-0-overview
GCP PSOE,You are investigating an identity-based attack where a threat actor used service account impersonation to access sensitive resources. The audit logs show a chain of authentication through multiple service accounts. Which field in the Cloud Audit Logs protoPayload contains the delegation history that shows the sequence of service account impersonations?,protoPayload.authenticationInfo.serviceAccountDelegationInfo,protoPayload.requestMetadata.callerSuppliedUserAgent,protoPayload.request.policy.bindings.members,protoPayload.authorizationInfo.resourceAttributes.service,1,"The serviceAccountDelegationInfo field within AuthenticationInfo contains the identity delegation history of an authenticated service account. This field captures the chain of service accounts involved when one service account impersonates another, allowing investigators to trace the full delegation path. Reference: https://cloud.google.com/logging/docs/reference/audit/auditlog/rest/Shared.Types/AuditLog"
GCP PSOE,Your security operations team is building a threat hunting workflow using VPC Flow Logs exported to BigQuery. They want to detect potential lateral movement by identifying internal hosts that suddenly begin communicating with other internal hosts they have never contacted before. Which query strategy will most effectively detect this first-contact anomaly behavior?,Analyze total bytes transferred between internal IP pairs and alert when any pair exceeds a fixed threshold of 100 MB per day.,"Query for internal flows with destination ports commonly associated with remote administration such as 22, 3389, and 5985, regardless of historical communication patterns.",Use BigQuery ML to train an anomaly detection model on packet counts per internal destination IP and flag statistical outliers in real-time.,"Create a query that builds a historical baseline of source-destination IP pairs, then identifies new pairs appearing in recent logs that were not present in the baseline period.",4,This approach detects first-contact anomalies by comparing current communications against established patterns. New internal-to-internal communication pairs may indicate an attacker moving laterally from a compromised host to systems it has never legitimately accessed. Building the baseline from historical data enables detection of deviations from normal traffic patterns. Reference: https://cloud.google.com/architecture/security-log-analytics
GCP PSOE,"Your organization is investigating a potential multi-stage attack using Google Security Operations (SecOps). Curated detections have identified an initial privilege escalation alert, and you suspect subsequent lateral movement to cloud services. You need to correlate the initial detection with related network and IAM activity from ingested AWS CloudTrail, Azure AD, and Google Cloud audit logs. Which investigation method provides the most efficient workflow?",Navigate to the Entity Graph for the principal user and review the associated entities timeline for related activity across cloud services.,Export each cloud provider's logs to separate BigQuery datasets and run federated queries to correlate events by timestamp and user identifier.,Use UDM Search to query across log sources using principal identity fields from the initial detection to find related activity across cloud providers.,"Create three separate detection rules, one for each cloud provider, and use composite detections to correlate the resulting alerts.",3,"During Cloud Detection Investigation and Response (CDIR), analysts can use UDM Search with natural language, YARA-L syntax, or raw log searching to surface information in various logs including Google Cloud audit logs, AWS CloudTrail logs, and Azure AD activity logs. The normalized UDM schema enables consistent querying across cloud providers using common identity fields. Reference: https://cloud.google.com/chronicle/docs/reference/google-unified-security"
GCP PSOE,"Your organization is configuring Google Security Operations (SecOps) SOAR to automate incident response. You have three active playbooks: a generic triage playbook, a specialized phishing playbook, and a high-priority executive threat playbook. When a phishing alert targeting an executive is ingested, all three playbooks match the trigger conditions. You need to ensure only the executive threat playbook attaches automatically to this alert. What should you do?","Disable the triage and phishing playbooks when executive threats are expected, then re-enable them after the alert is processed.","Set the executive threat playbook priority to 1, and set the other playbooks to priority 2 or 3 to ensure the most specific playbook attaches automatically.",Modify the trigger conditions on the triage and phishing playbooks to explicitly exclude alerts containing executive identifiers.,Configure all three playbooks to attach automatically and add a flow condition at the start of each playbook to check if a higher-priority playbook already processed the alert.,2,"Playbook priority determines the attachment order, with priority 1 being highest. When multiple playbooks match trigger conditions, only one playbook attaches automatically based on priority. Setting priority 1 on the executive threat playbook ensures it takes precedence over the generic and phishing playbooks. Reference: https://cloud.google.com/chronicle/docs/soar/respond/working-with-playbooks/attaching-playbooks-to-an-alert"
GCP PSOE,"Your organization has Google SecOps Enterprise Plus and wants to implement automated threat intelligence-driven alert prioritization. You need to configure the platform to automatically prioritize IOC matches based on threat context from Mandiant intelligence, including indicators from active incident response engagements. What should you configure?",Enable the Applied Threat Intelligence - Curated Prioritization rule pack in Google SecOps Managed Content.,Configure Google Threat Intelligence integration in SOAR and create playbooks to enrich every alert with IOC context.,Import Mandiant threat intelligence feeds as reference lists and configure detection rules to match high-priority indicators.,Create custom YARA-L rules that query the Mandiant API for each detected IOC and assign priority scores manually.,1,"The Applied Threat Intelligence Curated Prioritization rule pack provides IoC matches that have been contextualized by YARA-L rules using curated detection. This leverages Mandiant threat intelligence, including indicators from active incident response engagements, to enable intelligence-driven alert prioritization with priority levels like Active Breach and High. Reference: https://cloud.google.com/chronicle/docs/detection/ati-prioritization"
GCP PSOE,"You are configuring IAP TCP forwarding for SSH access to VMs that do not have public IP addresses. After granting the appropriate IAM roles, users report they cannot establish SSH connections through IAP. What is the most likely cause of this issue?",A firewall rule allowing ingress traffic from the IAP IP range 35.235.240.0/20 to the VMs on port 22 is missing.,The users need the roles/compute.instanceAdmin.v1 role in addition to the IAP tunnel role to establish SSH connections.,The VMs need to have external IP addresses assigned for IAP TCP forwarding to function properly.,The IAP API needs to be enabled and an OAuth consent screen must be configured for TCP forwarding.,1,"IAP TCP forwarding requires a firewall rule that allows ingress traffic from the IAP IP range 35.235.240.0/20 to the destination VMs. Without this firewall rule, IAP cannot establish the tunnel connection to the VMs even if IAM permissions are correctly configured. Reference: https://cloud.google.com/iap/docs/using-tcp-forwarding"
GCP PSOE,Your security operations team needs to create an alerting policy in Cloud Monitoring that triggers when the ratio of failed authentication attempts to successful authentication attempts exceeds 20% over a 5-minute rolling window. The authentication data is available as custom metrics. Which approach should you use to implement this alerting policy?,Create a log-based metric that calculates the authentication failure ratio and then create a metric-threshold alerting policy against it.,Configure a filter-based ratio alerting policy using the Google Cloud console by selecting both metrics and specifying a 20% threshold.,Create two separate metric-threshold alerting policies - one for failed authentications and one for successful authentications - and combine them using condition combining logic.,Create a PromQL-based alerting policy with a query that calculates the ratio of failed to successful authentication metrics and evaluates against a threshold of 0.2.,4,"PromQL-based alerting policies support complex conditions including ratios, dynamic thresholds, and combined metrics. PromQL allows you to calculate metric ratios directly in the query expression and evaluate them against thresholds. Reference: https://cloud.google.com/monitoring/promql/promql-in-alerting"
GCP PSOE,Your security operations team needs to investigate findings generated by Event Threat Detection custom modules. They request automated remediation recommendations similar to those provided for built-in detectors. What should you tell them about remediation guidance for custom module findings?,Custom module findings include the same automated recommendations as built-in detectors based on the finding category and severity level.,Remediation recommendations are automatically generated by Gemini AI for all findings including custom module findings in Security Command Center Enterprise.,Custom module findings can inherit recommendations from the parent built-in detector by setting the 'inherit_recommendations' field to true in the module template.,Security Command Center does not provide recommendations for findings generated by custom modules because your organization defines the recommended actions for those detectors.,4,"Security Command Center doesn't provide recommendations for findings generated by custom modules for Event Threat Detection, since your organization defines the detection parameters and should also define the appropriate response actions through the 'recommendation' field in the module configuration. Reference: https://cloud.google.com/security-command-center/docs/how-to-investigate-threats"
GCP PSOE,A developer on your team needs to test whether a specific service account has sufficient permissions to run a Cloud Function before deploying it to production. The developer should not be granted permanent elevated access. What is the most secure approach to accomplish this?,"Create a service account key for the developer to download and use for testing, then delete the key after testing is complete.",Grant the developer the Service Account User role on the service account so they can attach the service account to test resources.,Grant the developer the Service Account Token Creator role on the specific service account so they can use service account impersonation to test the permissions.,"Grant the developer the same IAM roles that the service account has, let them test the functionality, and then remove the roles afterward.",3,Service account impersonation allows the developer to temporarily assume the service account's permissions without modifying their permanent IAM roles. The Service Account Token Creator role enables creating short-lived credentials for the service account. This approach is more secure than service account keys because credentials don't persist. Reference: https://cloud.google.com/iam/docs/service-account-impersonation
GCP PSOE,Your organization has multiple service accounts with the Editor role granted at the project level. The security team wants to reduce these permissions to follow least privilege principles. You need to identify which permissions each service account actually uses and recommend appropriate replacement roles. What should you do?,Export Cloud Audit Logs to BigQuery and write queries to analyze which IAM permissions each service account has invoked in the last 30 days.,Review IAM Recommender policy insights to identify unused permissions and apply the suggested role recommendations to replace Editor with more appropriate predefined or custom roles.,Disable the service accounts for 90 days and monitor for application failures to determine which permissions are actually required.,"Create custom roles for each service account based on the permissions listed in the Editor role documentation, then remove unused permissions manually.",2,"The IAM Recommender generates policy insights by comparing total permissions with permissions used in the last 90 days, and provides role recommendations that suggest predefined or custom roles to replace overly permissive roles like Editor. Reference: https://cloud.google.com/policy-intelligence/docs/role-recommendations-overview"
GCP PSOE,Your organization needs to store forensic disk images and memory dumps collected during incident response in Cloud Storage. The legal department requires that this evidence cannot be deleted for at least 7 years and must be protected against tampering during any active litigation. Which Cloud Storage configuration should you implement?,"Configure a retention policy with a 7-year retention period, lock the retention policy, and apply temporary holds to objects under active litigation.",Configure event-based holds on all objects and set the bucket's default event-based hold property to true.,Enable Object Versioning on the bucket and configure a 7-year retention policy without locking.,Configure Object Lifecycle Management rules to move evidence to Archive storage class after 30 days and delete after 7 years.,1,"A locked retention policy ensures objects cannot be deleted until they reach the specified age, providing baseline protection for 7 years. Temporary holds can be applied independently to preserve specific evidence during litigation - they prevent deletion regardless of the retention policy status. This combination meets both the time-based and litigation-based requirements. Reference: https://cloud.google.com/storage/docs/bucket-lock"
GCP PSOE,Your organization has deployed Web Security Scanner managed scans to detect web vulnerabilities. You notice that managed scans are not detecting vulnerabilities in web applications running on non-standard ports or applications requiring authentication. You need to improve scan coverage while maintaining integration with Security Command Center. What should you do?,"Configure Web Security Scanner custom scans with authentication credentials and specify the non-standard port URLs, then export findings to Security Command Center.",Create a Cloud Function that periodically calls the Web Security Scanner API to trigger authenticated managed scans on non-standard ports.,Modify the managed scan configuration in Security Command Center settings to include custom ports and authentication parameters.,Submit a request to Cloud Customer Care to enable advanced managed scan options that include authentication and non-standard port support.,1,"Managed scans only support applications using default ports (80 for HTTP, 443 for HTTPS) and don't use authentication. Custom scans provide more thorough scanning, support non-default ports, can use authentication credentials, and findings can be exported to Security Command Center. Reference: https://cloud.google.com/security-command-center/docs/how-to-web-security-scanner-custom-scans"
GCP PSOE,Your organization receives a Security Command Center alert for 'Exfiltration: BigQuery Data Exfiltration' with severity HIGH. The finding shows data was saved to an external table outside your organization. You need to investigate the scope of the incident using Cloud Logging. What is the most effective first step to begin your forensic investigation?,Click the Cloud Logging URI link in the SCC finding's Summary tab to open Logs Explorer with pre-filtered BigQuery admin activity logs related to the incident.,Create a log-based alert in Cloud Monitoring for future BigQuery export operations and wait for additional alerts to correlate the exfiltration pattern.,Export all Cloud Audit Logs from the past 30 days to a separate BigQuery dataset and run SQL queries to identify anomalous data transfer patterns.,Query Cloud Logging using 'protoPayload.methodName=google.cloud.bigquery.v2.JobService.InsertJob' filter across all projects in the organization.,1,Security Command Center findings for BigQuery exfiltration include a Cloud Logging URI that provides a direct link to Logs Explorer with filters pre-applied to show relevant admin activity logs related to the specific BigQuery jobs. This is the fastest and most effective way to begin investigation. Reference: https://cloud.google.com/security-command-center/docs/findings/threats/big-query-exfil