GCP PSOE,You have configured Identity-Aware Proxy for a web application behind a global Application Load Balancer. Users report they can access the application even when not meeting the access level requirements. You need to troubleshoot this issue. What should you verify first?,"Verify that the backend VMs have public IP addresses disabled, since IAP cannot enforce access policies when backends are directly accessible.","Verify that the IAP OAuth consent screen is configured for external users, which is required for access level conditions to be properly evaluated.","Verify that the access level is set in the organizational access policy, not a scoped project or folder policy, since IAP only supports organization-level access levels.",Verify that Cloud Armor security policies are configured on the load balancer to work in conjunction with IAP access level enforcement.,3,"IAP requires access levels to be set in the organizational access policy. Scoped policies (at project or folder level) are not supported by IAP. If access levels are defined in scoped policies, IAP cannot enforce them, causing the observed behavior. Reference: https://cloud.google.com/iap/docs/cloud-iap-context-aware-access-howto"
GCP PSOE,"Your security team needs to be notified immediately when specific critical security events appear in Cloud Audit Logs, such as when a service account key is created or when IAM permissions are modified. You want to configure alerting that directly scans log entries and extracts relevant field data to include in notifications. What should you do?",Configure Cloud Monitoring to monitor the system-defined log_entry_count metric and filter by the specific log types.,Create a log-based counter metric and configure an alerting policy with a threshold of 1.,Create a log-based alerting policy using Logs Explorer with label extraction configured via the Monitoring API.,Configure a SQL-based alerting policy using Log Analytics to run queries every minute.,3,Log-based alerting policies scan individual log entries for specific phrases and can extract data from log entries using the Monitoring API. This approach provides immediate notification when matching entries appear and supports including extracted log data in the notification. Reference: https://cloud.google.com/logging/docs/alerting/log-based-alerts
GCP PSOE,You are configuring an Event Threat Detection custom module to detect when Compute Engine instances are created in unauthorized regions. You plan to use the gcloud CLI to create the custom module. What must you include in the JSON template to ensure the custom module generates findings with appropriate context for your security team?,"Metadata section containing severity level, description, and recommendation fields with your custom values.",A YARA-L rule that defines the detection logic for unauthorized regions alongside the module template.,An API key for the Security Command Center API to authenticate the custom module creation request.,"Detection parameters only, as the metadata is automatically generated based on the module type selected.",1,"The metadata section of the JSON template defines the severity (LOW, MEDIUM, HIGH, or CRITICAL), description of the threat, and recommendation for remediation. Module templates let you define the severity of threats and provide custom remediation steps to help security teams fix issues. This context is essential for proper triage and response. Reference: https://cloud.google.com/security-command-center/docs/use-custom-modules-etd"
GCP PSOE,You want to proactively hunt for threats in your Google Cloud environment by searching historical logs against newly discovered IoCs from threat intelligence feeds. The IoCs were added to Google SecOps after the initial logs were ingested. How should you search for these IoCs in historical event data?,Create a new data ingestion pipeline to re-ingest historical logs so they are matched against the current IoC list.,Configure real-time IoC matching and wait for the next occurrence of the IoCs in new incoming logs.,Export all historical logs to BigQuery and run SQL queries with the IoC values against the exported data.,Run a retrohunt using YARA-L detection rules that include the new IoCs to search across existing data in Google SecOps.,4,"A retrohunt lets you use detection rules to search for detections throughout existing data in Google SecOps. This capability allows you to compare and perform retrohunts of historical event data with newly enriched logs, which is essential for proactive threat hunting when new IoCs are discovered. Reference: https://cloud.google.com/chronicle/docs/detection/run-rule-historical-data"
GCP PSOE,You have built a Looker Studio security dashboard connected to BigQuery containing Security Command Center findings. Executive stakeholders require weekly PDF reports summarizing critical and high severity findings. The reports must be automatically delivered every Monday morning without manual intervention. You need to implement the most efficient solution. What should you do?,Embed the Looker Studio dashboard in an internal web portal and instruct executives to access it directly each Monday to view current findings.,Train an analyst to manually export the dashboard to PDF every Monday and email it to executives using their corporate email client.,Create a Cloud Scheduler job that triggers a Cloud Function to export the dashboard as PDF using the Looker Studio API and email it via SendGrid.,Configure a scheduled delivery in Looker Studio to email a PDF of the dashboard to the executive distribution list with a weekly recurrence set for Monday mornings.,4,"Looker Studio's scheduled delivery feature automates the generation and distribution of PDF reports at specified intervals. This built-in capability eliminates manual effort and ensures stakeholders receive consistent, timely security reports. Filters can be applied to focus on critical and high severity findings. Reference: https://cloud.google.com/looker/docs/studio/schedule-automatic-report-delivery"
GCP PSOE,You are implementing a threat detection solution that correlates IAM audit logs stored in BigQuery with threat intelligence data. The solution must support both ad-hoc analyst queries and automated scheduled detections that generate alerts. You need to minimize query costs while ensuring detection queries run efficiently against 90 days of log data. What should you do?,Use BigQuery BI Engine to accelerate all queries against the log table and create materialized views that pre-compute threat intelligence matches across the full 90-day dataset.,Store threat intelligence indicators as a BigQuery user-defined function (UDF) and call the function in detection queries to avoid JOIN operations against the threat intelligence table.,Configure the sink to route logs to a BigQuery dataset with a 90-day default table expiration and rely on BigQuery automatic optimization for query performance.,"Partition the log table by timestamp, create a clustered table on principalEmail and callerIp columns, and use scheduled queries with partition filters that JOIN against the threat intelligence table for detection.",4,"Time-based partitioning limits scanned data to relevant date ranges, clustering on frequently filtered columns improves query performance, and scheduled queries with partition filters ensure cost-effective recurring detections. This configuration optimizes both ad-hoc and automated query patterns. Reference: https://cloud.google.com/bigquery/docs/clustered-tables"
GCP PSOE,"Your organization is planning to deploy VPC Service Controls to protect sensitive BigQuery datasets and Cloud Storage buckets. Before enforcing the perimeter, you need to test the configuration to identify potential issues without disrupting production workloads. What should you do?","Configure the service perimeter in dry run mode to log violations without blocking access, then analyze the logged violations before enforcing the perimeter.",Use Cloud IAM Policy Analyzer to simulate perimeter violations before deploying the VPC Service Controls configuration.,Deploy a copy of your production environment and configure an enforced perimeter against the test environment to simulate the expected behavior.,Create the perimeter in enforced mode during off-peak hours and monitor Cloud Audit Logs for access denied errors to identify configuration issues.,1,Dry run mode logs violations as though the perimeter is enforced but does not prevent access to restricted services. This allows you to identify and resolve potential issues before enabling enforcement. Reference: https://cloud.google.com/vpc-service-controls/docs/dry-run-mode
GCP PSOE,"During an active security incident investigation, your team identifies a compromised service account that has elevated permissions across multiple projects. You need to immediately prevent this service account from performing any actions while your forensic team investigates. You want to implement a solution that cannot be overridden by any allow policies. What should you do?",Create an IAM deny policy at the organization level that denies all permissions to the compromised service account.,Remove all IAM role bindings from the service account across all projects where it has access.,Disable the service account key and delete the service account from the project where it was created.,Apply a VPC Service Controls perimeter around all projects to block API access from the compromised service account.,1,IAM deny policies override any IAM allow policies and take precedence regardless of what roles are granted to the principal. Attaching the deny policy at the organization level ensures the service account is blocked across all projects. Reference: https://cloud.google.com/iam/docs/deny-overview
GCP PSOE,"Threat hunting""You are building a YARA-L detection rule in Google Security Operations (SecOps) to hunt for threats involving rare or low-prevalence domains accessed by multiple hosts within your environment. You want to optimize the rule for performance and detection accuracy. Which best practice should you follow?",Configure the rule to run only once per day to minimize resource consumption and avoid overwhelming the detection engine.,Omit event type filters to ensure comprehensive coverage across all log sources and maximize threat detection capability.,Place regular expression filters before equality comparisons in the events section to leverage pattern matching optimizations.,Add event type filters at the beginning of the events section to reduce the number of events the rule evaluates and improve performance.,4,"If a YARA-L rule only detects on UDM events of a certain type, adding an event type filter helps optimize the rule by reducing the number of events it needs to evaluate. Google recommends placing these filters at the beginning of the events section for best performance. Reference: https://cloud.google.com/chronicle/docs/detection/yara-l-best-practices"
GCP PSOE,"Your organization wants to create a custom Cloud Monitoring dashboard that displays real-time counts of Security Command Center (SCC) findings by severity level. You need to visualize trends in security findings over time, such as the number of critical and high-severity findings detected per hour. What should you do?","Create log-based metrics in Cloud Logging that filter SCC findings by severity, then add metric widgets to a custom Cloud Monitoring dashboard to visualize these metrics over time.","Configure continuous exports from SCC to Pub/Sub, then use BigQuery streaming to directly populate Cloud Monitoring dashboards with severity metrics.","Use the built-in SCC Risk Overview page, which already provides severity-based visualizations, and embed the page directly into Cloud Monitoring.","Enable SCC Premium tier metrics export, which automatically sends finding counts to Cloud Monitoring dashboards without additional configuration.",1,"Log-based metrics allow you to extract numerical data from SCC findings logs, including counts by severity. You can create counter metrics that count entries matching specific criteria such as severity level. These metrics are automatically ingested by Cloud Monitoring and can be visualized in custom dashboards as time-series charts. Reference: https://cloud.google.com/logging/docs/logs-based-metrics"
GCP PSOE,Your security team is implementing Security Command Center Enterprise and needs to configure automatic case creation for posture findings. The team wants findings to be automatically assigned to the appropriate resource owners. Which sequence correctly describes how the SCC Enterprise - Urgent Posture Findings Connector determines resource ownership?,"Fallback Owner parameter, then Essential Contacts, then cloud tags if no previous owner is determined.","Cloud tags on the resource, then Essential Contacts inherited from the resource, then the Fallback Owner parameter configured in the connector.","Project owner IAM role assignment, then folder-level Essential Contacts, then organization administrator email address.","Essential Contacts for the project, then IAM policy bindings on the affected resource, then the default service account for the project.",2,"The SCC Enterprise - Urgent Posture Findings Connector first analyzes findings for cloud tag values inherited from the finding resource. If no cloud tags exist, it attempts to define the resource owner using Essential Contacts. If neither method identifies an owner, the connector uses the Fallback Owner parameter as a default. Reference: https://cloud.google.com/security-command-center/docs/determine-ownership-posture-findings"
GCP PSOE,Your organization uses Log Analytics in Cloud Logging to analyze security events. You need to create a threat hunting query that identifies any connections to domains on a known malicious domain list maintained in a separate BigQuery table. The domain list is updated daily by your threat intelligence team. What is the most efficient approach to implement this correlation?,Write a Log Analytics SQL query that uses a subquery with the IN operator to check each log entry's domain against a hardcoded list of the malicious domains.,"Schedule a Cloud Function to export logs hourly, load them into a separate BigQuery table, and run a scheduled query to join with the threat intelligence table.",Use Log Analytics Query Builder to create filters that match domains from the threat intelligence list by selecting the domain field and specifying match conditions.,"Create a linked BigQuery dataset for the log bucket, then write a SQL query that performs an INNER JOIN between the log view and the threat intelligence table on the domain field.",4,"A linked BigQuery dataset enables direct SQL queries that can join log data with other BigQuery tables. The INNER JOIN approach efficiently correlates log entries with the threat intelligence table, returning only matching records. This method leverages BigQuery's optimized join operations for large datasets. Reference: https://cloud.google.com/logging/docs/analyze/query-linked-dataset"
GCP PSOE,"Observability""You have created a Looker Studio dashboard that displays Security Command Center findings from BigQuery, including critical finding counts, mean time to remediation, and finding severity distribution. Security analysts need to monitor this dashboard continuously on wall-mounted displays in the SOC. You want the dashboard to automatically refresh with the latest data. What should you configure?",Enable auto refresh in the report settings with a refresh interval that matches or exceeds the data source freshness threshold.,Configure a scheduled email delivery of the dashboard to the SOC distribution list every 15 minutes.,Set the data source freshness to 1 minute to ensure the BigQuery connector queries for new data every minute automatically.,Enable embedding mode and configure the embed iframe with JavaScript-based refresh timers.,1,"Auto refresh periodically reloads the report data at the configured interval. To see actual data updates, the auto refresh interval should match or exceed the data source freshness setting, as more frequent refreshes will only return cached data. This configuration supports continuous SOC monitoring use cases. Reference: https://cloud.google.com/looker-studio/docs/manage-auto-refresh-for-a-report"
GCP PSOE,Your organization has deployed multiple Event Threat Detection custom modules for custom IOC detection. You need to view findings generated by these custom modules separately from the built-in Event Threat Detection findings in Security Command Center. How should you filter the findings?,Query Cloud Audit Logs for custom module creation events and cross-reference with finding timestamps.,Export all findings to BigQuery and write SQL queries to filter by custom module source IDs.,Use the Category filter and search for custom module names since all custom module findings share a common category prefix.,Use the Source display name filter and select 'Event Threat Detection Custom Modules' to display only findings from custom modules.,4,Security Command Center provides separate source filters for built-in Event Threat Detection detectors and custom modules. You can filter for findings generated by custom modules by selecting 'Event Threat Detection Custom Modules' as the source display name. Reference: https://cloud.google.com/security-command-center/docs/how-to-use-event-threat-detection
GCP PSOE,Your organization has deployed Google Security Operations (SecOps) and is receiving threat intelligence feeds containing known malicious IP addresses. You need to create a YARA-L detection rule that efficiently checks incoming network traffic against these IP addresses while optimizing rule performance. What should you do?,Use the BigQuery export feature to run SQL queries against ingested logs and compare them with stored IP addresses.,Create a CIDR reference list and use the 'in cidr %reference_list' syntax in your YARA-L rule's events section.,Configure an Applied Threat Intelligence connector to automatically generate detections without creating custom rules.,Write a YARA-L rule with hardcoded IP addresses in multiple OR conditions within the events section.,2,YARA-L supports CIDR reference lists that allow IP address matching with CIDR notation support. Using '%reference_list' syntax with the 'in cidr' keyword enables efficient IP matching against the threat intelligence feed while optimizing rule performance by reducing events evaluated. Reference: https://cloud.google.com/chronicle/docs/yara-l/reference-list-syntax
GCP PSOE,Your security team has detected an active data exfiltration attempt from a compromised service account within a Google Cloud project. The project contains sensitive BigQuery datasets and Cloud Storage buckets. You need to immediately contain the incident by preventing data from being copied to unauthorized external locations while maintaining critical business operations. Which containment approach should you implement?,Create a VPC Service Controls perimeter in enforced mode around the affected project with egress rules that only allow data access to explicitly authorized destinations.,Modify the VPC firewall rules to block all outbound traffic from the affected project's network.,Create a VPC Service Controls perimeter in dry-run mode around the affected project to log all potential violations before taking action.,Revoke all IAM permissions for the compromised service account and rely on audit logging to verify containment.,1,VPC Service Controls perimeters in enforced mode immediately prevent data exfiltration by blocking API requests to restricted services from crossing the perimeter boundary. Egress rules allow you to maintain essential data flows while blocking unauthorized transfers. This provides immediate containment of the exfiltration attempt. Reference: https://cloud.google.com/vpc-service-controls/docs/overview
GCP PSOE,Your organization has enabled Applied Threat Intelligence (ATI) curated detections in Google Security Operations (SecOps). Security analysts report that they are receiving too many alerts for indicators with low confidence. You need to configure ATI to reduce alert noise while maintaining visibility into high-confidence threats. What should you do?,Create custom YARA-L rules that filter ATI IOCs based on GTI Verdict values and disable all curated ATI detections.,Modify the IC-Score threshold in ATI settings to increase the minimum confidence score required for IOC ingestion from 80 to 95.,"Enable only the Active Breach Priority and High Priority rule sets from the Curated Prioritization category, and disable the Medium Priority rule sets.",Configure rule exclusions on all ATI curated detections to filter out IOCs that do not have associated threat actor attribution.,3,"Applied Threat Intelligence curated detections include separate rule sets for Active Breach, High, and Medium priority indicators. By enabling only Active Breach and High Priority rule sets, you filter out lower-confidence IOCs while maintaining detection of high-confidence threats from Mandiant threat intelligence. Reference: https://cloud.google.com/chronicle/docs/detection/ati-curated-detections"
GCP PSOE,"You are building a Looker Studio executive dashboard connected to a BigQuery dataset containing Security Command Center findings. The BigQuery export configuration streams new findings in near real-time. However, stakeholders report that the dashboard frequently shows stale data even after new findings are exported to BigQuery. You need to ensure the dashboard displays the most current findings while balancing query costs. What should you configure?",Instruct stakeholders to manually click the refresh button on the dashboard whenever they need updated information.,Adjust the data freshness setting on the BigQuery data source to a shorter interval such as 1 hour to ensure cached data is refreshed more frequently.,Configure the Security Command Center continuous export with a faster export interval to push data to BigQuery more frequently.,Enable BigQuery BI Engine to accelerate dashboard queries and automatically synchronize data with BigQuery.,2,The data freshness setting determines when Looker Studio considers cached data stale and issues new queries to BigQuery. The default data freshness for BigQuery data sources is 12 hours. Reducing this interval to 1 hour ensures the dashboard displays more current data while still leveraging caching to control query costs. This balances freshness against the cost of frequent queries. Reference: https://cloud.google.com/looker-studio/docs/manage-data-freshness
GCP PSOE,Your security operations team wants to use Community Security Analytics (CSA) queries to detect privilege escalation attempts in your Google Cloud environment. The queries need to identify when sensitive IAM roles are granted to service accounts by non-approved identities. What should you do first?,Upgrade your centralized log bucket to use Log Analytics and ensure Admin Activity audit logs are being routed to the bucket.,Create a BigQuery sink for audit logs and schedule the CSA queries to run using BigQuery scheduled queries.,Configure Event Threat Detection in Security Command Center to automatically detect IAM anomalies without requiring custom queries.,Enable Data Access audit logs for all services and export them to BigQuery for analysis with CSA queries.,1,"CSA queries require Log Analytics to run SQL against audit logs. Admin Activity audit logs capture IAM policy changes including role grants, and these logs are always written and cannot be disabled. Upgrading the log bucket enables SQL-based analysis of these audit logs. Reference: https://cloud.google.com/architecture/security-log-analytics"
GCP PSOE,You have deployed a Cloud Function that processes threat intelligence updates from a Pub/Sub topic and initiates automated threat hunting in Google SecOps. The function runs correctly when tested manually but fails when triggered by Eventarc. The logs show 'The request was not authenticated.' You need to resolve this issue. What should you do?,Create a new API key in the Google Cloud project and configure the Eventarc trigger to include the key in request headers.,Modify the Cloud Function to allow unauthenticated invocations by setting the ingress setting to 'Allow all traffic'.,Grant the Cloud Run Invoker role to the service account associated with the Eventarc trigger on the Cloud Function.,"Enable the Cloud Functions API and Eventarc API in the project, then recreate the trigger with the default service account.",3,"When an Eventarc trigger invokes an authenticated Cloud Run function (including 2nd gen Cloud Functions), the trigger's service account must have the roles/run.invoker role on the target function. Without this permission, the function rejects the trigger's requests with an authentication error. Reference: https://cloud.google.com/eventarc/docs/roles-permissions"
GCP PSOE,Your security operations team has configured a log-based metric to detect security anomalies and created an alerting policy to monitor it. Analysts report receiving false positive alerts when there are gaps in the log data during off-peak hours. You need to reduce false notifications while maintaining detection effectiveness. What should you do?,"Switch from a log-based metric alerting policy to a log-based alerting policy, which does not suffer from data gaps.",Increase the value of the rolling window in the alerting policy to at least 10 minutes and configure how the policy handles missing data in the advanced options.,Create multiple identical alerting policies and require at least two of them to trigger before sending notifications to analysts.,Disable the alerting policy during off-peak hours using a snooze schedule to prevent false positives from occurring.,2,"Log-based metric data can have gaps that result in false notifications. Google Cloud recommends setting the rolling window to at least 10 minutes to ensure multiple log entries are counted, reducing the risk of false positives from data gaps. Additionally, configuring missing data handling in advanced options further mitigates this issue. Reference: https://cloud.google.com/logging/docs/logs-based-metrics/charts-and-alerts"
GCP PSOE,You have received an urgent threat intelligence alert containing newly discovered IOCs (IP addresses and file hashes) associated with an active threat campaign. You need to immediately determine if any of these IOCs have been observed in your environment's historical data over the past 6 months. Which Google SecOps feature should you use first?,Configure a real-time detection rule with the IOCs and wait for future alerts to indicate ongoing compromise.,Check the IOC Matches page for any previous matches and export the results to a threat intelligence platform for analysis.,Run a retrohunt using a YARA-L rule that matches the IOCs against historical events within the specified time range.,Create a reference list containing the IOCs and configure Applied Threat Intelligence to automatically score matches.,3,"Retrohunt allows you to run a detection rule against historical data stored in Google SecOps, which retains up to 12 months of hot data by default. This enables immediate analysis of whether newly discovered IOCs were present in past events, making it ideal for responding to new threat intelligence about historical compromises. Reference: https://docs.cloud.google.com/chronicle/docs/detection/run-rule-historical-data"
GCP PSOE,Your organization has Security Command Center Premium activated at the organization level. You created an Event Threat Detection custom module with a list of suspicious IP addresses at the organization level. A project team wants to add additional IP addresses specific to their project without modifying the organization-level module. What is the correct approach?,Disable the inherited organization-level module at the project level and create a comprehensive project-level module with all IP addresses.,Clone the organization-level custom module to the project and modify it to include both the original and new IP addresses.,"Create a new Configurable Bad IP custom module at the project level with the project-specific IP addresses, which will run alongside the inherited organization-level module.",Request the organization security team to update the organization-level module to include the project-specific IP addresses.,3,"Custom modules created at the organization level are inherited by all folders and projects. You can create additional residential custom modules at the project level that run alongside inherited modules. Both modules will scan logs independently, allowing organization-wide and project-specific threat detection. Reference: https://cloud.google.com/security-command-center/docs/use-custom-modules-etd"
GCP PSOE,"Your security team needs to continuously monitor changes to firewall rules and IAM policies across your Google Cloud organization. When a change occurs, you need to trigger automated remediation through a Cloud Function. You want to implement this using Cloud Asset Inventory with minimal operational overhead. What should you do?","Export Cloud Asset Inventory snapshots to BigQuery hourly using scheduled queries, and configure BigQuery to trigger a Cloud Function when new rows are added.","Configure Security Command Center Event Threat Detection to monitor firewall and IAM changes, then use the findings as triggers for Cloud Functions.","Enable Cloud Audit Logs for all IAM and firewall APIs, export logs to Cloud Storage, and create a Cloud Function that periodically scans the storage bucket.","Create a Cloud Asset Inventory feed that publishes asset change notifications to Pub/Sub, and configure a Cloud Function to subscribe to the Pub/Sub topic.",4,"Cloud Asset Inventory feeds provide real-time notifications about resource and policy changes directly to a Pub/Sub topic. You can specify which asset types to monitor, and the messages contain the change details that Cloud Functions can act upon for automated remediation. Reference: https://cloud.google.com/asset-inventory/docs/monitor-asset-changes"
GCP PSOE,"Your security team needs to deploy a new VPC Service Controls perimeter around sensitive BigQuery datasets and Cloud Storage buckets. Before enforcing the perimeter, you want to understand how current application traffic patterns would be affected without disrupting production services. What should you do?","Create the perimeter in dry run mode, analyze the violation logs, and convert to enforced mode after addressing issues.","Create an access level with broad IP ranges, deploy the perimeter in enforced mode, then gradually tighten restrictions.",Create a perimeter bridge between the existing environment and a test project to evaluate traffic flow patterns.,Create the perimeter in enforced mode with all access levels configured and monitor Cloud Audit Logs for errors.,1,"Dry run mode logs violations as though the perimeter is enforced but does not prevent access to restricted services. This allows you to understand the impact of the perimeter configuration, identify required exceptions, and validate that application traffic patterns will work correctly before enforcement. Reference: https://cloud.google.com/vpc-service-controls/docs/dry-run-mode"
GCP PSOE,"Incident response""During an active incident investigation in Google Security Operations (SecOps), you discover a new malicious file hash from forensic analysis that was not previously in your threat intelligence feeds. You need to determine if this hash appeared in your environment in the past 90 days. What is the most effective approach to search for this IOC across historical log data?",Submit the hash to Google Threat Intelligence for analysis and configure an alert to notify when matches are found.,Add the hash to a custom reference list and wait for the live detection rules to identify any new matches in incoming data.,Export 90 days of raw logs from Google SecOps to Cloud Storage and use grep to search for the hash pattern.,Create a YARA-L detection rule that matches on the file hash and run a retrohunt against the past 90 days of ingested data.,4,A retrohunt allows you to use a YARA-L rule to search for detections throughout existing historical data in Google SecOps. This is the most effective method to identify past occurrences of a newly discovered IOC across your environment logs. Reference: https://cloud.google.com/chronicle/docs/detection/run-rule-historical-data
GCP PSOE,"Your security team has deployed Container Threat Detection across all GKE clusters. After enabling it, analysts report that they are not receiving findings for suspicious file access to /etc/shadow on container hosts. You have verified that the GKE version supports Container Threat Detection. What is the most likely cause of this issue?",The Container Threat Detection service account is missing the required containerthreatdetection.serviceAgent role.,The Container Threat Detection DaemonSet has not been deployed to the nodes where the suspicious activity occurred.,"The GKE clusters are using GKE Sandbox, which is incompatible with Container Threat Detection.",The file monitoring detectors are disabled by default and must be manually enabled in the Container Threat Detection module settings.,4,"Container Threat Detection includes file monitoring detectors that monitor file operations looking for access or modification to critical system files. However, these detectors are disabled by default because workloads with significant file I/O could potentially suffer performance degradation when enabled. Reference: https://cloud.google.com/security-command-center/docs/concepts-container-threat-detection-overview"
GCP PSOE,Your security team is configuring Event Threat Detection custom modules to detect connections to known command-and-control (C2) server IP addresses. They want findings from these detections to be prioritized for immediate response. How should they configure the severity level in the custom module JSON template?,Create a separate SCC notification configuration to route all custom module findings to a high-priority Pub/Sub topic regardless of severity.,Use security marks to tag all custom module findings as high-priority after they are generated.,Configure the detectionPriority field in the sourceProperties to HIGH for all C2-related findings.,Set the severity parameter to CRITICAL in the metadata section of the custom module JSON template.,4,"Custom module templates allow you to define severity levels (LOW, MEDIUM, HIGH, or CRITICAL) in the metadata section. Setting severity to CRITICAL ensures findings from C2 server connections are prioritized appropriately for immediate incident response. Reference: https://cloud.google.com/security-command-center/docs/use-custom-modules-etd"
GCP PSOE,"You need to configure Google SecOps SOAR to ingest findings from Security Command Center (SCC) and automatically trigger investigation playbooks. After installing the Google Security Command Center integration from the Content Hub, what additional configuration steps are required?",Configure the SCC Findings connector with appropriate parameters and create playbook triggers that match the SCC product name.,Configure service account credentials in the integration settings and the integration will automatically create the required connector.,Enable the SCC API in Google Cloud Console and configure a Cloud Function to push findings to SOAR.,Create a webhook endpoint in SOAR and configure SCC to send findings notifications to the webhook URL.,1,"After installing an integration, connectors must be separately configured to ingest alerts. The connector translates SCC findings into normalized SOAR data. Playbook triggers using Product Name ensure playbooks attach to alerts originating from the SCC connector. Reference: https://cloud.google.com/security-command-center/docs/how-to-configure-secops-soar"
GCP PSOE,Your organization has VPC Flow Logs enabled across multiple subnets in a production environment. You need to configure the logs optimally for security threat hunting while managing storage costs. The security team requires sufficient granularity to detect lateral movement patterns that may occur within short time windows. Which VPC Flow Logs configuration best balances detection capability with cost efficiency?,Set the aggregation interval to 5 seconds with a sampling rate of 50% and include all metadata annotations for enriched context during analysis.,Set the aggregation interval to 15 minutes with a sampling rate of 100% and exclude all metadata to minimize log volume and storage costs.,Set the aggregation interval to 1 minute with a sampling rate of 5% and include custom metadata limited to source and destination IP only.,Set the aggregation interval to 30 seconds with a sampling rate of 100% and configure log filtering to capture only denied traffic for security analysis.,1,"A 5-second aggregation interval provides the granularity needed to detect rapid lateral movement patterns such as port scanning, which can occur in short bursts. A 50% sampling rate balances cost with visibility, and including metadata annotations provides essential context like VM names and project information for threat investigation. Reference: https://cloud.google.com/vpc/docs/using-flow-logs"
GCP PSOE,"Threat hunting""Your organization has Security Command Center Enterprise tier activated. Security analysts have noticed that Event Threat Detection generates many findings, but they struggle to determine which findings represent the highest-risk threats requiring immediate investigation. You want to correlate SCC threat findings with additional context from Cloud Audit Logs and threat intelligence for better prioritization. What should you do?",Use SCC's Risk Engine to generate attack exposure scores for all threat findings and prioritize based on toxic combination detection.,Configure continuous exports from SCC to Pub/Sub and create Cloud Functions to enrich findings with VirusTotal data before storing in BigQuery.,Enable all Event Threat Detection custom modules and configure alert severity thresholds to filter only critical and high findings.,"Ingest SCC findings into Chronicle and enable the CDIR SCC Enhanced rule sets, which correlate SCC threat findings with Cloud Audit Logs and threat intelligence data.",4,"The CDIR SCC Enhanced rule sets contain context-aware rules that correlate Security Command Center findings with other log sources. For example, CDIR SCC Enhanced Malware correlates SCC Malware findings with IP addresses, domains, and prevalence scores from threat intelligence, along with Cloud DNS logs. This provides the contextual correlation needed for better prioritization. Reference: https://cloud.google.com/chronicle/docs/detection/cloud-threats-category"
GCP PSOE,"Your security team has deployed a threat hunting automation system using Cloud Functions triggered by Pub/Sub. The function processes newly published IOCs and queries Google SecOps SIEM for matches in historical data. During testing, you observe that the function occasionally receives duplicate IOC messages, causing redundant API calls and increased costs. What is the recommended approach to handle this scenario?",Set the acknowledgment deadline to the maximum value of 600 seconds to ensure the function completes processing before any redelivery occurs.,Design the Cloud Function to be idempotent by checking if the IOC has already been processed using a unique message identifier before initiating the threat hunt.,Enable exactly-once delivery on the Pub/Sub subscription to guarantee each IOC message is delivered and processed only once.,Configure message ordering on the Pub/Sub subscription using ordering keys to prevent duplicate delivery of IOC messages.,2,"Pub/Sub provides at-least-once delivery, meaning duplicate messages can occur. The recommended best practice is to design idempotent handlers that can safely process the same message multiple times without adverse effects. Using unique identifiers from the message or its attributes allows deduplication. Reference: https://cloud.google.com/pubsub/docs/exactly-once-delivery"
GCP PSOE,Your organization has set a list constraint at the organization level that denies a specific Cloud Storage location. A project owner needs to add additional denied locations at the project level while maintaining the restrictions from the organization. You need to configure the project-level organization policy to achieve this. What should you do?,Reset the project-level policy to Google-managed default behavior and modify the organization-level policy to include all required denied values.,Set the project-level organization policy with only the additional denied values and select the Replace option to override parent's policy.,Create a custom constraint at the project level with the additional denied values and let the organization policy remain unchanged.,Set the project-level organization policy with the additional denied values and set inheritFromParent to true.,4,"Setting inheritFromParent to true for list constraints causes the effective policy of the parent resource to be inherited, merged, and reconciled with the child resource's policy. This allows the project to add additional denied values while maintaining the organization-level restrictions. Reference: https://cloud.google.com/resource-manager/docs/organization-policy/understanding-hierarchy"
GCP PSOE,"You need to create an alerting policy that monitors for complex security patterns across aggregated log data, such as detecting when more than 100 failed authentication attempts occur from the same source IP address within a 30-minute window. The log bucket has been upgraded to use Log Analytics. What additional requirement must be met before you can create this alerting policy?",Create a linked BigQuery dataset for the log bucket because SQL-based alerting policies require data to be accessible through a linked dataset.,Create a log-based metric to pre-aggregate the authentication failures before configuring the SQL-based alerting policy.,Configure custom labels on the log entries to enable aggregation by source IP address.,Enable the Cloud Monitoring API because SQL-based alerting policies are managed through Cloud Monitoring.,1,"SQL-based alerting policies run on the BigQuery engine, which requires the data being queried to be accessible through a linked BigQuery dataset. The log bucket must be upgraded to Log Analytics and then a linked dataset must be created before SQL-based alerting policies can be configured. Reference: https://cloud.google.com/logging/docs/analyze/sql-in-alerting"
GCP PSOE,Your security team uses Security Command Center Enterprise and has identified several Security Health Analytics findings that are expected behavior for your development environment. The team wants to prevent these findings from creating cases and complicating analyst workflows. You need to implement a solution that also allows viewing these findings for audit purposes. What should you do?,"Create dynamic mute rules for the findings matching the expected behavior criteria, which will prevent them from appearing in cases while maintaining audit logs.",Configure the SCC Enterprise - Urgent Posture Findings Connector to exclude findings from the development environment based on project ID filters.,Mark the findings as resolved in the case management system and configure playbooks to auto-close cases containing only development environment findings.,Disable the specific Security Health Analytics detectors that generate the findings for the development environment projects.,1,"Muting findings prevents them from appearing in cases in Security Command Center Enterprise. Dynamic mute rules are recommended because they offer more flexibility, and muted findings continue to be logged for audit and compliance purposes. If all findings in a case are muted, the case automatically closes. Reference: https://cloud.google.com/security-command-center/docs/mute-findings-in-cases"
GCP PSOE,You are designing a forensic investigation playbook in Google SecOps SOAR that automatically collects disk snapshots and memory dumps when malware is detected on a Compute Engine VM. The evidence must be stored in a way that prevents modification or deletion for at least 90 days to meet legal hold requirements. Which Cloud Storage configuration should you implement?,Create a dedicated forensic bucket with Object Versioning enabled and configure lifecycle rules to retain all object versions for 90 days.,Create a dedicated forensic bucket and apply a temporary hold on each evidence object uploaded by the playbook.,"Create a dedicated forensic bucket with a 90-day retention policy, then lock the retention policy to prevent any modifications or early deletion of evidence.",Create a dedicated forensic bucket with IAM Deny policies that prevent deletion permissions for all users except the forensic team.,3,"Bucket Lock with a locked retention policy ensures that objects cannot be deleted or modified until they reach the specified retention period. Once locked, the retention policy cannot be reduced or removed, providing the immutability guarantees required for legal hold scenarios. This meets regulatory and compliance requirements for forensic evidence preservation. Reference: https://cloud.google.com/storage/docs/bucket-lock"
GCP PSOE,You are investigating a potential data exfiltration incident using Google Security Operations (SecOps). You have identified a suspicious domain that was not previously in any threat intelligence feeds. You want to search across your historical network events to identify all assets that communicated with this domain and understand the timeline of connections. What is the most efficient approach?,Use the Domain view in Google SecOps to search for the suspicious domain and review the asset timeline showing all historical connections.,"Create a YARA-L rule matching the domain, enable it as a live rule, and wait for future detections to appear.",Submit the domain to Google Threat Intelligence and wait for it to be added to the Applied Threat Intelligence feed.,Export your network logs to BigQuery and use SQL queries to search for the domain across the exported dataset.,1,"The Domain view in Google SecOps allows you to investigate specific domains and see what impact they have on your assets. It provides a timeline view of all assets that communicated with the domain, making it ideal for investigating unknown suspicious domains not yet in threat feeds. Reference: https://cloud.google.com/chronicle/docs/overview"
GCP PSOE,Your organization has an Organization Policy constraint set at the organization level that restricts the creation of external IP addresses on Compute Engine instances (constraints/compute.vmExternalIpAccess). A development folder requires an exception to allow external IP addresses for specific testing purposes. The folder's policy should also retain some restrictions from the parent organization policy while adding new allowed values. What should you configure at the folder level to achieve this?,"Select 'Override parent's policy' and set 'Replace' under Policy enforcement, then add all required values including parent values.",Select 'Google-managed default' and configure a separate custom constraint for the folder.,Select 'Inherit parent's policy' and add conditional rules with tags for the testing environment.,"Select 'Override parent's policy' and set 'Merge with parent' under Policy enforcement, then add the required allowed values.",4,"When you select 'Override parent's policy' and choose 'Merge with parent,' the effective policy on the folder will merge with the parent organization's policy. This allows you to add additional allowed values at the folder level while retaining inherited restrictions from the parent policy. Reference: https://cloud.google.com/resource-manager/docs/organization-policy/understanding-hierarchy"
GCP PSOE,Your organization wants to test Container Threat Detection to validate that it is properly configured before relying on it for production workload security. You need to trigger a detection and verify that findings appear in Security Command Center. What is the recommended approach to test Container Threat Detection?,Submit a test request through the Security Command Center API to generate synthetic Container Threat Detection findings for validation.,Deploy a test container with a name prefixed with 'ktd-test' and execute a known suspicious behavior such as running a reverse shell or accessing sensitive host files.,Disable the Container Threat Detection noise reduction filter globally and deploy any container with standard behaviors to verify telemetry collection.,Enable verbose logging mode for Container Threat Detection and analyze the raw telemetry output for expected detection events.,2,Google recommends prefixing the container or pod name with 'ktd-test' when testing Container Threat Detection. This bypasses noise reduction filters that temporarily filter certain findings for new containers. You can then execute known malicious behaviors like running reverse shells or reading /etc/shadow to trigger detections. Reference: https://cloud.google.com/security-command-center/docs/how-to-test-container-threat-detection
GCP PSOE,"You need to detect when critical security log sources stop sending data to Cloud Logging, which could indicate a compromised or misconfigured system. You want to create an alerting mechanism that notifies your security team when a specific log source has not written any data for 30 minutes after having previously sent data. What should you configure?",Create a metric-absence alerting policy that monitors the log-based metric for the specific log source with a 30-minute trigger absence time.,Create a SQL-based alerting policy that queries for zero log entries from the source within a 30-minute sliding window.,Create a log-based alerting policy that searches for the absence of specific log entry patterns within 30 minutes.,Create a counter metric and configure an alerting policy with a threshold condition of less than one over 30 minutes.,1,Metric-absence conditions notify you when a monitored time series has no data for a specific period. The trigger absence time specifies how long the metric must be absent before alerting. This requires at least one successful measurement before the absence detection activates. Reference: https://cloud.google.com/monitoring/alerts/metric-absence
GCP PSOE,"Your security team needs to centralize audit logs from all 50 projects within your Google Cloud organization into a single BigQuery dataset for security analysis. The logs must include Admin Activity and Data Access audit logs from all projects, and the team wants to prevent child projects from storing duplicate copies locally. Which configuration should you implement?",Create individual project-level sinks in all 50 projects with identical filters and configure each to export to the same BigQuery dataset with partitioned tables.,Create an intercepting aggregated sink at the organization level with a filter for audit logs and configure the destination as a BigQuery dataset with partitioned tables.,Create a non-intercepting aggregated sink at the folder level for each business unit and configure each to export to separate BigQuery datasets with date-sharded tables.,Create a non-intercepting aggregated sink at the organization level with a filter for audit logs and configure the destination as a BigQuery dataset with date-sharded tables.,2,"An intercepting aggregated sink routes log entries from all child resources (projects and folders) within the organization while preventing those logs from being routed to sinks in child resources, except for _Required sinks. This prevents duplicate storage. Partitioned tables are recommended for better query performance. Reference: https://cloud.google.com/logging/docs/export/aggregated_sinks"
GCP PSOE,Your security team has identified that some developers in your organization need to deploy Compute Engine instances that run with a dedicated service account. The developers should not be able to impersonate the service account using the gcloud CLI or create short-lived credentials directly. You need to configure the minimum required permissions following the principle of least privilege. Which IAM role should you grant to the developers on the service account?,Service Account Token Creator (roles/iam.serviceAccountTokenCreator),Service Account Admin (roles/iam.serviceAccountAdmin),Project Editor (roles/editor),Service Account User (roles/iam.serviceAccountUser),4,"The Service Account User role lets a principal attach a service account to a resource, such as a Compute Engine instance. When code running on that resource needs to authenticate, it can get credentials for the attached service account. This role does not allow principals to create short-lived credentials for service accounts or to use the --impersonate-service-account flag for the gcloud CLI. Reference: https://cloud.google.com/iam/docs/service-account-permissions"
GCP PSOE,Your forensic investigation playbook requires uploading disk images from compromised VMs to Cloud Storage for offline analysis. The disk images may contain sensitive data and must be protected during upload and storage. You need to ensure the evidence maintains chain of custody requirements and cannot be accessed by unauthorized parties. What should you configure for the forensic evidence bucket?,"Configure Google-managed encryption, enable Object Versioning, and restrict bucket access using IAM deny policies.","Enable customer-managed encryption keys (CMEK) for the bucket, configure Object Retention Lock in Locked mode, and enable Data Access audit logs.","Enable uniform bucket-level access, configure signed URLs for uploads, and set the bucket to private with no public access.","Enable customer-supplied encryption keys (CSEK) for all uploads, configure Bucket Lock with a 365-day retention period, and use VPC Service Controls.",2,"CMEK provides control over encryption key management and can support key rotation or revocation if needed. Object Retention Lock in Locked mode ensures evidence cannot be deleted or modified, supporting chain of custody requirements. Data Access audit logs create a record of all access attempts to the evidence, supporting forensic integrity. Reference: https://cloud.google.com/storage/docs/object-lock"
GCP PSOE,Your security team needs to create custom dashboards in Cloud Monitoring to visualize Security Command Center (SCC) findings over time. The dashboard should display trends for high-severity findings detected by Event Threat Detection and Container Threat Detection. Which approach should you use to enable this visualization?,Configure SCC Premium to automatically push metrics to Cloud Monitoring dashboards through the built-in SCC-Monitoring integration feature.,Stream SCC findings directly to Cloud Monitoring using the Security Command Center metrics API and create charts from the securitycenter.googleapis.com/findings metric type.,"Configure continuous exports for SCC findings to Cloud Logging, create log-based metrics from the exported findings, and add charts using those metrics to a custom Cloud Monitoring dashboard.",Use the Cloud Monitoring API to directly query the SCC findings database and configure custom metric descriptors that pull finding counts in real time.,3,"SCC findings from Event Threat Detection and Container Threat Detection can be exported to Cloud Logging using continuous exports, which then allows you to create log-based metrics that track finding occurrences. These log-based metrics can be displayed in Cloud Monitoring charts and dashboards, enabling trend visualization over time. Reference: https://cloud.google.com/security-command-center/docs/export-cloud-logging"
GCP PSOE,Your incident response team is investigating a Cloud SQL data exfiltration alert from Security Command Center. The finding indicates that database data was exported to a Cloud Storage bucket outside your organization. You need to collect evidence about who performed the export and when. Which Cloud Logging query approach should you use?,Query Cloud Monitoring metrics for Cloud SQL export operations and correlate with IAM authentication events.,Create a custom log sink to export all Cloud SQL audit logs to BigQuery and run SQL queries to search for export operations in the last 30 days.,Enable Data Access audit logs for Cloud SQL and wait for new export events to be captured for correlation analysis.,Navigate to Logs Explorer using the Cloud Logging URI from the Security Command Center finding to view pre-filtered logs related to the Cloud SQL export operation.,4,"Security Command Center exfiltration findings include a Cloud Logging URI that links directly to pre-filtered log entries related to the incident. This provides the fastest path to relevant evidence including the principal email, timestamp, and export scope details. Reference: https://cloud.google.com/security-command-center/docs/findings/threats/cloudsql-exfil-export"
GCP PSOE,Your security team suspects lateral movement within your Google Cloud environment after a VM compromise was detected. You need to identify all VMs that the compromised VM (10.10.0.5) communicated with over the last 24 hours using VPC Flow Logs exported to BigQuery. Which BigQuery query approach should you use?,Query the VPC Flow Logs table filtering on protocol=6 only to capture SSH sessions between the compromised VM and other hosts.,Query the Cloud Audit Logs table for the VM's network interface and filter by methodName to identify all outbound API calls made by the instance.,Query the VPC Flow Logs table filtering on the src_ip field for 10.10.0.5 and aggregate by dest_ip to identify unique destination hosts across internal IP ranges.,Use the bytes_sent field in VPC Flow Logs to calculate total data transfer and identify the VM with highest inbound traffic from the compromised host.,3,"VPC Flow Logs contain the 5-tuple information (source IP, destination IP, source port, destination port, protocol) that allows you to filter by the compromised VM's source IP address and identify all unique destination IPs it communicated with. Aggregating by dest_ip reveals the scope of potential lateral movement. Reference: https://cloud.google.com/vpc/docs/about-flow-logs-records"
GCP PSOE,Your organization is deploying applications on GKE and wants to ensure each microservice can only access the specific Google Cloud resources it requires. You need to configure workload-level identity management following least privilege principles. Which configuration approach should you implement?,"Enable Workload Identity Federation for GKE, create unique Kubernetes ServiceAccounts for each microservice, and grant IAM roles on specific resources to each ServiceAccount's principal identifier.",Use the Compute Engine default service account for all node pools and grant it all necessary roles at the project level.,"Create one IAM service account per namespace with all required permissions, and configure all pods in the namespace to use that service account through annotation.",Generate service account keys for each microservice and mount them as Kubernetes secrets in the respective pods.,1,"Workload Identity Federation for GKE lets you assign distinct, fine-grained identities to each application by using IAM policies with Kubernetes ServiceAccount principal identifiers. Granting IAM roles at the resource level ensures each microservice only accesses the specific resources it needs. Reference: https://cloud.google.com/kubernetes-engine/docs/concepts/workload-identity"
GCP PSOE,Your organization wants to monitor for potential brute-force login attempts across your Google Cloud environment. You need to be alerted when there are more than 50 failed authentication attempts from a single IP address within a 15-minute window. The solution must aggregate data across multiple log entries before triggering an alert. What should you do?,Configure a log sink to export authentication logs to Pub/Sub and write a Cloud Function to count failures and send alerts via email when thresholds are exceeded.,"Create a counter-type log-based metric that counts authentication failures, then configure an alerting policy with a threshold condition of 50 events.",Create a log-based alerting policy in the Logs Explorer that filters for authentication failure messages and configures the time between notifications to 15 minutes.,"Upgrade the log bucket to use Log Analytics with a linked BigQuery dataset, then create a SQL-based alerting policy that queries authentication failures grouped by IP address.",4,SQL-based alerting policies can monitor aggregate analysis of log entry data by running SQL queries against log views. This approach supports complex patterns like counting and grouping failed authentication attempts from specific IP addresses within defined time windows. Reference: https://cloud.google.com/logging/docs/analyze/sql-in-alerting
GCP PSOE,Your security team needs to receive real-time notifications whenever IAM policies are modified on production projects in your Google Cloud organization. You want to automate remediation actions when unauthorized changes occur. What should you configure?,Enable Security Command Center asset discovery and configure continuous export to stream all IAM policy changes to a Cloud Storage bucket for processing.,"Create a Cloud Asset Inventory feed with the IAM_POLICY content type and configure it to publish notifications to a Pub/Sub topic, then trigger a Cloud Function to perform remediation.",Use Security Command Center Event Threat Detection to monitor for IAM policy anomalies and configure automatic notification workflows.,Configure Cloud Audit Logs to capture SetIamPolicy events and export them to a Pub/Sub topic using a log sink.,2,"Cloud Asset Inventory feeds provide real-time notifications for asset changes. By specifying the IAM_POLICY content type, you receive notifications whenever IAM policy bindings change. Publishing to Pub/Sub allows you to trigger automated remediation through Cloud Functions. Reference: https://cloud.google.com/asset-inventory/docs/monitor-asset-changes"
GCP PSOE,Your organization uses Security Command Center (SCC) Enterprise tier and wants to enhance threat detection by correlating SCC Event Threat Detection findings with Cloud Audit Logs and other data sources in Google SecOps. You need to implement detection rules that identify complex attack patterns combining SCC findings with additional context. What should you do?,Enable CDIR SCC Enhanced rule sets in Google SecOps curated detections to correlate SCC findings with Cloud Audit Logs and other Google Cloud data sources.,Use the SCC API to pull findings and manually create correlation rules in a custom SIEM solution outside of Google SecOps.,Configure SCC to export findings directly to BigQuery and create scheduled queries to correlate findings with Cloud Audit Logs.,Create custom Event Threat Detection modules in SCC that directly query Cloud Audit Logs for correlation during threat detection.,1,"CDIR (Cloud Detection, Investigation, and Response) SCC Enhanced rule sets contain context-aware rules that correlate Security Command Center findings with data from other sources including Cloud Audit Logs. These rules are specifically designed to enhance threat detection by combining SCC findings with additional context from multiple log sources. Reference: https://cloud.google.com/chronicle/docs/detection/cloud-threats-category"
GCP PSOE,Your organization's security operations team has detected a compromised VM in a production VPC network. You need to immediately isolate the VM to prevent lateral movement while preserving evidence for forensic investigation. The VM must remain powered on for live memory acquisition. What should you do?,Disable the network interface of the compromised VM using the Compute Engine API to immediately sever network connectivity.,Use VPC Service Controls to add the project containing the compromised VM to a new service perimeter with restricted API access.,Delete the external IP address from the VM and move the VM to a quarantine subnet with no routes to other networks.,Apply a network tag to the compromised VM and create a high-priority VPC firewall rule with deny action for all ingress and egress traffic targeting that tag.,4,"Applying a network tag and creating high-priority deny firewall rules allows immediate isolation at the network level while keeping the VM running. VPC firewall rules are enforced at the instance level regardless of OS configuration, preventing the compromised VM from bypassing isolation. This approach preserves volatile evidence for live forensics. Reference: https://cloud.google.com/firewall/docs/firewalls"
GCP PSOE,Your security operations team needs to monitor Cloud Logging for anomalies and wants to understand the differences between system-defined and user-defined log-based metrics for security monitoring. Which statement accurately describes the behavior of these metric types?,"User-defined log-based metrics can be created at the organization level, while system-defined metrics apply only to individual projects.","System-defined log-based metrics provide real-time alerting on individual log entries, while user-defined metrics require aggregation over time windows.","System-defined log-based metrics automatically populate historical data, while user-defined metrics only count log entries received after creation.","User-defined log-based metrics are calculated from both included and excluded logs, while system-defined metrics are calculated only from included logs stored in log buckets.",4,"User-defined log-based metrics are calculated from all log entries received by the Logging API, regardless of inclusion or exclusion filters that may apply. System-defined log-based metrics are calculated only from log entries that have been stored in log buckets, so explicitly excluded logs are not included in system metrics. Reference: https://cloud.google.com/logging/docs/logs-based-metrics"
GCP PSOE,Your organization needs to enforce that all new Cloud Storage buckets across all projects require uniform bucket-level access. You want to verify the current effective policy on a specific project that may have inherited or overridden policies from parent resources. Which gcloud command should you use?,gcloud org-policies describe constraints/storage.uniformBucketLevelAccess --effective --project=PROJECT_ID,gcloud org-policies describe constraints/storage.uniformBucketLevelAccess --project=PROJECT_ID,gcloud resource-manager org-policies describe constraints/storage.uniformBucketLevelAccess --project=PROJECT_ID,gcloud org-policies list --project=PROJECT_ID --filter='constraint:storage.uniformBucketLevelAccess',1,"The --effective flag returns the organization policy as it is evaluated at that specific point in the resource hierarchy with all inheritance included. This shows the actual policy that will be enforced on the project, whether it was set directly, inherited, or merged from parent resources. Reference: https://cloud.google.com/resource-manager/docs/organization-policy/using-constraints"
GCP PSOE,Your organization's SOC team received an alert from Google Security Operations (SecOps) SIEM indicating a potential malware infection. The Applied Threat Intelligence (ATI) feature identified an IOC match with a High priority based on Mandiant threat intelligence. You need to investigate this incident to understand the scope and impact. What should you do first?,Use BigQuery to export all logs from the past 30 days and perform offline analysis to identify all assets communicating with the malicious indicator.,"Navigate to the IOC matches page and review the Events tab to view event prioritization, UDM fields, and event details related to the IOC match.",Create a new YARA-L rule to detect the IOC and enable it as a live rule to capture future instances of this threat pattern.,Immediately mute the IOC to prevent alert fatigue while the investigation is pending to reduce noise for other analysts.,2,"When Applied Threat Intelligence is enabled and an IOC match occurs, the IOC matches page displays all relevant details. The Events tab shows how events are prioritized, provides the rationale for the priority, and displays the UDM fields and event details needed to understand the incident scope. Reference: https://cloud.google.com/chronicle/docs/detection/ati-view-ioc-page"
GCP PSOE,Your security team has identified that several incident response playbooks share identical enrichment and notification logic. You want to centralize this common workflow to reduce maintenance overhead and ensure consistency across all playbooks. What should you do?,"Create a playbook block containing the shared enrichment and notification actions, then incorporate this block into the parent playbooks where this logic is needed.",Export the enrichment playbook as a JSON file and import it as a nested playbook reference in each parent playbook that requires the shared logic.,"Create a master playbook that all alerts trigger first, which then calls the appropriate response playbook based on alert type.","Use environment variables to store the enrichment logic, and reference these variables in each playbook to maintain consistency.",1,"Playbook blocks are reusable mini-playbooks designed specifically for this use case. Any edit to a block automatically affects all playbooks that incorporate it, reducing maintenance overhead and ensuring consistency. Reference: https://cloud.google.com/chronicle/docs/soar/respond/working-with-playbooks/working-with-playbook-blocks"
GCP PSOE,"Your legal team has requested that you preserve all Cloud Audit Logs related to an ongoing investigation in Cloud Storage for a minimum of 7 years. The logs must not be deletable or modifiable by anyone, including administrators, until the retention period expires. Which Cloud Storage feature configuration should you implement?",Configure a retention policy on the bucket and lock the retention policy to make it permanent and immutable.,Enable Object Versioning on the bucket and configure lifecycle rules to prevent deletion of versions.,Configure IAM policies to deny the storage.objects.delete permission for all users including administrators.,Set a temporary hold on all objects uploaded to the bucket using a Cloud Function triggered by object creation.,1,"Locking a bucket's retention policy permanently prevents the policy from being removed or the retention period from being reduced. Once locked, objects cannot be deleted until they meet the retention period, providing the immutable storage required for legal evidence preservation. Reference: https://cloud.google.com/storage/docs/bucket-lock"
GCP PSOE,You are updating the SCC Enterprise – Cloud Orchestration and Remediation use case in Security Command Center Enterprise to support the latest toxic combination functionality. The update process requires modifying the existing connector configuration. What is the correct sequence of steps to update the SCC Enterprise – Urgent Posture Findings Connector without losing pending findings?,"Install the new use case version first, which will automatically update the connector and all associated playbooks without requiring any manual intervention.","Delete and recreate the connector with the new configuration settings, then manually reimport all findings from the last 24 hours using the SCC API.","Create a backup of the existing connector configuration, delete the connector, install the new use case, and restore the connector from the backup configuration.","Disable the connector, delete the existing default playbooks, install the latest use case version, update the connector parameters, and re-enable the connector.",4,Security Command Center ingests findings collected while the connector is disabled when you update and enable the connector. You must disable the connector before deleting playbooks to avoid having alerts with no playbooks attached. Deleting playbooks before upgrading prevents duplication and has no impact on case management. Reference: https://cloud.google.com/security-command-center/docs/enterprise-security-operations-software-update
GCP PSOE,"Your security operations center uses an external threat intelligence platform that provides daily updates of malicious IP addresses. You want to configure Event Threat Detection to detect connections to these IP addresses. However, you discover that the Configurable Bad IP custom module is generating findings based on VPC network traffic. What is the most likely reason if the module fails to detect connections to the threat intelligence IPs?","VPC Flow Logs are not enabled for the VPCs containing the monitored resources, preventing the custom module from detecting the network connections.","The Security Command Center Standard tier does not support custom modules, requiring an upgrade to the Premium tier.",Event Threat Detection custom modules cannot use external threat intelligence sources and only support Google-provided threat indicators.,The threat intelligence IP addresses exceed the 6 MB custom module size limit causing the module to fail silently.,1,"The Configurable Bad IP custom module requires VPC Flow Logs (or alternatively Cloud NAT logging or Firewall Rules Logging) to detect connections to suspicious IP addresses. If VPC Flow Logs are not enabled, the custom module cannot evaluate network traffic to generate findings. Reference: https://cloud.google.com/security-command-center/docs/concepts-event-threat-detection-overview"
GCP PSOE,You are investigating a potential privilege escalation incident and need to analyze Cloud Audit Logs to understand the full sequence of events. You want to identify both the API calls that modified IAM policies and the subsequent data access patterns. Which combination of audit log types must you analyze?,"Data Access audit logs for IAM policy reads, and Policy Denied audit logs for unauthorized access attempts.","Admin Activity audit logs only, since they record all administrative operations including data access by administrators.",System Event audit logs for all automated actions and Policy Denied audit logs for access violations.,"Admin Activity audit logs for IAM policy changes, and Data Access audit logs for subsequent resource access patterns.",4,"Admin Activity audit logs capture API calls that modify configuration including SetIamPolicy operations, while Data Access audit logs record API calls that read or access user data. Analyzing both provides the complete attack chain from privilege escalation to data exfiltration. Reference: https://cloud.google.com/logging/docs/audit"
GCP PSOE,"A security analyst notices that after disabling a Security Health Analytics detector, the existing active findings for that detector type remain visible in Security Command Center. The analyst expects the findings to be removed immediately. What explains this behavior?","Security Health Analytics operates using batch scans, so the change takes effect only after all ongoing batch scans complete.","The default Findings page filter shows both active and inactive findings, so the findings appear unchanged.",Findings are only removed after a manual purge is triggered through the Security Command Center Settings page.,"When a detector is disabled, existing findings are automatically marked as inactive, not deleted, and remain visible in Security Command Center.",4,Disabling Security Health Analytics detectors changes the state of existing findings to INACTIVE rather than deleting them. Findings in Security Command Center are retained according to the data retention policy and can be viewed by adjusting query filters to show inactive findings. Reference: https://cloud.google.com/security-command-center/docs/how-to-use-security-health-analytics
GCP PSOE,Your organization uses Security Command Center Premium and wants to prioritize vulnerability remediation based on real-world exploitability data. You notice that some vulnerability findings have CVE information with exploitability ratings. What is the source of these exploitability ratings and how do they affect vulnerability prioritization?,The exploitability ratings are calculated by the Risk Engine during attack path simulations and are only available for toxic combination findings.,The exploitability ratings are provided by Mandiant Threat Intelligence analysts and are incorporated into attack exposure score calculations to provide more accurate prioritization.,The exploitability ratings are sourced from the National Vulnerability Database (NVD) CVSS scores and are displayed as informational metadata only.,The exploitability ratings are generated by Security Health Analytics based on network exposure and are used to filter findings on the Vulnerabilities page.,2,"Security Command Center includes CVE exploitability ratings provided by Mandiant Threat Intelligence analysts in vulnerability finding details. These ratings are incorporated into attack exposure score calculations, enabling more accurate prioritization by factoring real-world exploitability data into the Risk Engine's attack path simulations. Reference: https://cloud.google.com/security-command-center/docs/release-notes"
GCP PSOE,Your security team wants to enhance detection accuracy in Google Security Operations (SecOps) by incorporating entity risk scores into YARA-L rules. You need to create a rule that generates detections only when a hostname has a risk score exceeding a specific threshold. What is a key requirement when writing YARA-L rules that use entity risk scores?,Configure entity risk scores in the meta section of the rule using key-value pairs for threshold definitions.,"Specify a supported risk window size of either 24 hours (86,400 seconds) or 7 days (604,800 seconds) when referencing entity risk scores.",Join the entity risk score directly with the UDM event using the metadata.event_timestamp field without specifying any window size.,Use the outcome section to calculate dynamic risk scores based on detection frequency across all time periods.,2,"Entity risk score rules only support two specific risk window sizes: 24 hours or 7 days. If you don't specify a risk window size in the rule, it defaults to one of these values. Using inconsistent windows can lead to inaccurate results due to data overlaps or gaps. Reference: https://cloud.google.com/chronicle/docs/detection/yara-l-entity-risk-score"
GCP PSOE,"You are creating an Event Threat Detection custom module using the gcloud CLI for your organization. You need to configure the JSON template to specify critical severity, include a description of the threat, and provide remediation guidance. Which JSON structure correctly defines these metadata attributes?","{ 'finding': { 'severity': 'CRITICAL' }, 'detection': { 'description': 'Connection to known C2 server', 'recommendation': 'Isolate the affected VM and investigate.', 'ips': ['10.0.0.1'] } }","{ 'alert': { 'priority': 'CRITICAL', 'message': 'Connection to known C2 server', 'action': 'Isolate the affected VM and investigate.' }, 'bad_ips': ['10.0.0.1'] }","{ 'config': { 'severity_level': 'CRITICAL', 'threat_description': 'Connection to known C2 server', 'remediation_steps': 'Isolate the affected VM and investigate.' }, 'indicators': ['10.0.0.1'] }","{ 'metadata': { 'severity': 'CRITICAL', 'description': 'Connection to known C2 server', 'recommendation': 'Isolate the affected VM and investigate.' }, 'ips': ['10.0.0.1'] }",4,"Event Threat Detection custom module templates require a 'metadata' object containing 'severity' (with values LOW, MEDIUM, HIGH, or CRITICAL), 'description' for threat context, and 'recommendation' for remediation guidance. The detection parameters like 'ips' are specified at the same level as metadata. Reference: https://cloud.google.com/security-command-center/docs/use-custom-modules-etd"
GCP PSOE,You are creating an SLO for a security log processing pipeline that must process events within 5 seconds at least 95% of the time during each 10-minute measurement window. The underlying latency metric provides percentile distribution data rather than individual request measurements. Which SLI evaluation method should you configure for this SLO?,Configure an availability SLI based on the default latency metrics automatically detected by Cloud Monitoring service monitoring.,Configure a request-based SLI using TimeSeriesRatio to compare successful latency measurements against total measurements.,Configure a windows-based SLI that evaluates whether the 95th percentile latency metric is below 5 seconds within each 10-minute window.,Configure a request-based SLI using a DistributionCut structure with a latency range of 0 to 5 seconds to count good requests.,3,"When the raw metric available is a latency percentile (distribution data), you must use a windows-based SLO. Windows-based SLIs measure the number of time windows that meet a goodness criterion against the total number of windows, which matches the stated requirement. Reference: https://cloud.google.com/stackdriver/docs/solutions/slo-monitoring"
GCP PSOE,Your security operations team is designing Google Security Operations (SecOps) SOAR playbooks for multiple customers as an MSSP. You need to implement a common IP reputation enrichment workflow that will be reused across different playbooks while allowing each customer's playbook to modify input parameters. What should you do?,Create custom Python scripts in the IDE for each customer's enrichment workflow and call them from their respective playbooks.,Create a separate playbook for each customer with duplicate enrichment steps and manually synchronize updates across all playbooks when changes are required.,Create a single playbook with hardcoded customer-specific parameters and use conditional branching to route each customer to different enrichment paths.,"Create a playbook block with input parameters for the enrichment workflow and insert it into parent playbooks, modifying input values as needed for each customer.",4,"Playbook blocks are reusable mini-playbooks that let you implement common workflows across multiple playbooks. Blocks can accept input parameters that can be modified for each individual block instance when inserted into a parent playbook, supporting adaptable workflows. Reference: https://cloud.google.com/chronicle/docs/soar/respond/working-with-playbooks/working-with-playbook-blocks"
GCP PSOE,You need to reduce false positives in your Cloud DLP classification baseline while maintaining detection of legitimate sensitive data patterns specific to your organization. Your organization uses a custom employee ID format that matches patterns similar to credit card numbers. What should you configure in your inspection template?,Configure a hotword rule that increases the likelihood of CREDIT_CARD_NUMBER findings when preceded by keywords like 'payment' or 'billing'.,Create an exclusion rule using a regular expression that matches your employee ID format and apply it to the CREDIT_CARD_NUMBER infoType detector.,Remove the CREDIT_CARD_NUMBER infoType from the inspection template and create a custom infoType with a more restrictive pattern.,Increase the minimum likelihood threshold to VERY_LIKELY for all infoTypes in the inspection template to filter out low-confidence matches.,2,Exclusion rules allow you to exclude findings that match specific patterns from triggering as a particular infoType. This prevents false positives from your employee ID format while maintaining detection of actual credit card numbers. Reference: https://cloud.google.com/dlp/docs/creating-custom-infotypes-rules
GCP PSOE,You need to enable your security team to perform complex queries that join Cloud Logging audit log data with external threat intelligence data stored in BigQuery. You want to use Log Analytics capabilities while minimizing data duplication. What should you configure?,"Configure a Pub/Sub subscription to stream logs to Dataflow, transform them with threat intelligence enrichment, and load into BigQuery.","Create an aggregated log sink to export logs to a BigQuery dataset, then join with threat intelligence tables.",Use Log Analytics queries with the EXTERNAL_QUERY function to connect directly to threat intelligence sources.,"Create a linked BigQuery dataset for the log bucket upgraded to Log Analytics, then run join queries in BigQuery.",4,"A linked BigQuery dataset allows BigQuery to read log data stored in the log bucket without duplicating the data. This enables you to join log data with other BigQuery datasets, such as external threat intelligence feeds, while using Log Analytics storage. The linked dataset is read-only and points to the log data. Reference: https://cloud.google.com/logging/docs/analyze/query-linked-dataset"
GCP PSOE,"You created an SLO for a critical security authentication service with a 99% availability target over a 7-day compliance period. On the third day, you notice the error budget shows -5%, indicating the service has exceeded its allowable failures. You need to understand what this metric indicates and determine appropriate action. What does a negative error budget value indicate?",The service has exceeded its allowable failures and is currently non-compliant with the SLO for the rolling compliance window.,The compliance period has reset and the negative value represents borrowed error budget from the previous period.,The monitoring system has detected data gaps in the compliance period that need to be backfilled before accurate calculations.,The SLO configuration contains an error and needs to be recalculated with a more realistic availability target.,1,An error budget less than zero indicates a non-compliant rolling SLO window. This means the service has consumed more than its allowed error budget and is failing to meet the defined SLO target during the compliance period. Reference: https://cloud.google.com/stackdriver/docs/solutions/slo-monitoring
GCP PSOE,Your compliance team requires weekly reports that analyze the IAM policy configurations across your entire Google Cloud organization to identify overly permissive access. The reports must show historical trends and allow for SQL-based analysis. What approach should you use?,"Export Cloud Asset Inventory metadata with IAM_POLICY content type to a BigQuery partitioned table, and use scheduled queries to generate weekly compliance reports.",Use the Cloud Asset Inventory searchAllIamPolicies API to query IAM policies weekly and store results in Cloud Logging for historical analysis.,Use Security Command Center Security Health Analytics to generate weekly compliance findings and export them to Cloud Storage in CSV format.,"Configure Cloud Asset Inventory feeds to stream IAM policy changes to Pub/Sub, then aggregate the messages into weekly reports using Dataflow.",1,"Cloud Asset Inventory supports exporting IAM policies directly to BigQuery, where you can run SQL queries for analysis. Using partitioned tables enables historical trend analysis, and scheduled queries can automate the weekly report generation. BigQuery provides the SQL-like experience needed for compliance analysis. Reference: https://cloud.google.com/asset-inventory/docs/export-bigquery"
GCP PSOE,You are threat hunting across GKE clusters and need to detect containers executing malicious scripts. Container Threat Detection has generated a 'Malicious Script Executed' finding. You want to understand how Container Threat Detection identified this activity. What detection mechanism does Container Threat Detection use for script analysis?,Container Threat Detection uses natural language processing (NLP) to analyze Bash and Python scripts to determine if the executed code is malicious.,Container Threat Detection uses YARA rules to pattern match against known malicious script signatures.,Container Threat Detection compares script hashes against a known malware database maintained by Google Threat Intelligence.,Container Threat Detection monitors system calls made by script interpreters and compares against baseline behavior profiles.,1,"Container Threat Detection includes NLP capabilities specifically designed to analyze Bash and Python scripts. The detector service evaluates executed scripts using natural language processing to identify malicious code patterns, which enables detection of script-based attacks that might otherwise evade signature-based detection. Reference: https://cloud.google.com/security-command-center/docs/concepts-container-threat-detection-overview"
GCP PSOE,Your security operations team is building detection rules in Google Security Operations (SecOps) that need to identify when users with access to high-sensitivity data assets perform anomalous downloads. Sensitive Data Protection data profiles have been exported to SecOps. Which UDM field and attribute should you use in your YARA-L rule to correlate user activity with asset sensitivity?,Query the metadata.description field for 'RISK_HIGH' and join on the target.resource.name field to match the BigQuery table identifier.,Use entity.resource.attribute.labels with the 'Sensitivity Score' key and match on 'SENSITIVITY_HIGH' value to identify high-sensitivity resources.,Use the security_result.detection_fields array to access DLP classification data that is merged into UDM events during normalization.,Reference the principal.asset.attribute.cloud.sensitivity field which is automatically enriched by the SecOps entity graph when DLP data is ingested.,2,"When Sensitive Data Protection exports data profiles to Google SecOps as DLP_CONTEXT, the sensitivity information is stored in entity.resource.attribute.labels with keys such as 'Sensitivity Score' and 'Predicted InfoType'. YARA-L rules can reference these fields to correlate user activity events with the sensitivity classification of data assets. Reference: https://cloud.google.com/chronicle/docs/detection/usecase-dlp-high-risk-user-download"
GCP PSOE,Your security team is responding to an urgent incident that requires immediately deploying a fix to a GKE cluster with Binary Authorization enforcement enabled. The new image has not yet been attested by your normal CI/CD pipeline. You need to deploy the emergency fix while maintaining an audit trail of this exception. What should you do?,"Temporarily disable Binary Authorization on the cluster by removing the binauthz-evaluation-mode setting, deploy the image, then re-enable enforcement after the incident.","Add the image to admissionWhitelistPatterns in the policy permanently and deploy the image, then remove it from the allowlist after the incident.","Create a new attestor with relaxed requirements, attest the emergency image, then delete the attestor after deployment.","Add the image-policy.k8s.io/break-glass: 'true' label to the Pod specification and deploy the image, then review the breakglass event in Cloud Audit Logs.",4,Binary Authorization breakglass provides an emergency escape hatch that lets you override policy enforcement to allow images to be deployed. Adding the break-glass label enables deployment while creating an audit log entry documenting the exception and bypassing normal attestation requirements. Reference: https://cloud.google.com/binary-authorization/docs/using-breakglass
GCP PSOE,"Your organization has deployed multiple web applications on App Engine, Compute Engine, and GKE. You need to detect web application vulnerabilities that could be exploited by attackers targeting OWASP Top 10 issues such as SQL injection and cross-site scripting. The applications use non-default ports and require authenticated access. Which Web Security Scanner configuration should you implement?",Enable Web Security Scanner managed scans in Security Command Center and configure authentication at the organization level.,Configure Cloud Armor security policies to detect SQL injection and XSS attacks against the applications.,Deploy Event Threat Detection custom modules to monitor for SQL injection and XSS attempts in application logs.,Configure Web Security Scanner custom scans with authentication credentials and specify the non-default port URLs as starting URLs for each application.,4,Custom scans support authentication configuration for scanning protected pages and allow you to specify starting URLs with non-default ports. Custom scans provide granular vulnerability findings like SQL injection and XSS that map to OWASP Top 10 categories. Reference: https://cloud.google.com/security-command-center/docs/how-to-web-security-scanner-custom-scans
GCP PSOE,"Observability""Your organization has enabled data residency for Security Command Center and stores findings in the EU location. You need to configure continuous exports to stream findings to a Pub/Sub topic. What must you ensure when creating the NotificationConfig?",Create separate NotificationConfigs in both the global and EU locations to ensure complete coverage of all findings.,Enable cross-region replication on the Pub/Sub topic to receive findings from the EU Security Command Center location.,Create the NotificationConfig in the global location since Pub/Sub topics are global resources and will automatically receive findings from all SCC locations.,"Configure the continuous export in the EU Security Command Center location, which is the same location where the findings are stored.",4,"When data residency is enabled, the NotificationConfig resources are subject to data residency controls. To export findings in a Security Command Center location to Pub/Sub, you must configure the continuous export in the same SCC location as the findings. Continuous exports are stored only in the location where they are created. Reference: https://cloud.google.com/security-command-center/docs/how-to-notifications"
GCP PSOE,"A developer has enabled IAP on a web application running behind a Cloud Load Balancer. The application requires validating the authenticated user's identity to perform authorization decisions. The security team is concerned that if IAP is accidentally disabled or if direct access to backend VMs occurs, the application could accept spoofed identity headers. What should the developer do to ensure secure identity verification?",Configure the application to only accept requests with the X-Goog-Authenticated-User-Email header present and validate that the email domain matches the organization's domain.,"Implement a firewall rule that only allows traffic from the Cloud Load Balancer IP ranges, ensuring all requests must traverse through IAP before reaching the backend.",Validate the X-Goog-IAP-JWT-Assertion header in every request by verifying the JWT signature against Google's public keys and confirming the audience claim matches the expected backend service ID.,Enable mutual TLS (mTLS) between the load balancer and backend instances and configure the application to only accept requests with valid client certificates issued by Google.,3,The X-Goog-IAP-JWT-Assertion header contains a cryptographically signed JWT that cannot be spoofed. Validating this header ensures the request came through IAP even if plain-text headers like X-Goog-Authenticated-User-Email could be forged. The JWT must be verified against Google's public keys with the correct audience. Reference: https://cloud.google.com/iap/docs/signed-headers-howto
GCP PSOE,Your security operations team needs to store forensic disk images and memory dumps collected during an incident investigation in Cloud Storage. The evidence must be protected from deletion or modification for a minimum of 5 years to maintain chain of custody for potential legal proceedings. Which Cloud Storage configuration should you implement?,Enable Object Versioning on the bucket and configure lifecycle rules to retain all object versions for 5 years before automatic deletion.,"Configure a bucket-level retention policy of 5 years without locking it, allowing flexibility to adjust retention if legal requirements change.",Apply IAM policies to restrict delete permissions and configure a 5-year archive storage class for cost optimization of forensic evidence.,"Enable Object Retention Lock on the bucket, set a retain-until time of 5 years for each evidence object, and lock the retention configuration to prevent modification.",4,"Object Retention Lock lets you set retention configurations on individual objects that prevent deletion or modification until the retain-until time passes. Locking the configuration makes it immutable, ensuring compliance with WORM requirements for forensic evidence. Reference: https://cloud.google.com/storage/docs/object-lock"
GCP PSOE,Your threat hunting team wants to leverage entity context enrichment in Google SecOps to improve detection accuracy when investigating suspicious user behavior across your multi-cloud environment. You need to correlate user login events with organizational context data from Azure AD that has been ingested as entity data. Which YARA-L approach correctly joins UDM event data with entity graph context?,Query the Azure AD logs directly in the events section and use the outcome section to merge user profile fields into the detection output.,Create a data table containing Azure AD user attributes and use the graph_append function to merge user data with UDM events during rule execution.,Use an entity variable with the graph prefix to reference entity context data and join it to UDM events using a common field such as principal.user.userid.,Configure a parser extension to extract Azure AD user attributes and map them directly to UDM principal.user fields during log ingestion.,3,"Entity context data in Google SecOps is accessed using variables prefixed with the graph namespace (e.g., $entity.graph.entity.user). By joining this entity variable to a UDM event variable using a common identifier field, you can correlate real-time events with enriched organizational context such as job title, department, or employment status from Azure AD. Reference: https://cloud.google.com/chronicle/docs/detection/use-enriched-data-in-rules"
GCP PSOE,"Platform operations""You are configuring VPC Service Controls for an environment that uses Shared VPC. The host project contains the VPC network, and multiple service projects contain workloads that need protection. You want to ensure that the perimeter correctly protects all resources. What should you do?",Configure the VPC accessible services in the host project and rely on the Shared VPC network controls to protect service project resources.,"Create separate perimeters for the host project and each service project, then configure perimeter bridges between them to allow communication.",Include both the host project and all service projects that belong to the Shared VPC in the same service perimeter.,"Add only the service projects to the perimeter since they contain the workloads, and configure ingress rules for the host project network.",3,"When using Shared VPC, you must include the host project in a service perimeter along with any projects that belong to the Shared VPC. If only service projects are selected, network endpoints would appear to be outside the perimeter since subnets are associated with the host project. Reference: https://cloud.google.com/vpc-service-controls/docs/service-perimeters"
GCP PSOE,Your organization requires that external workloads running on AWS need to access Google Cloud resources. The security policy mandates that no service account keys should be used due to the security risks associated with long-lived credentials. You need to configure secure access for these workloads. What should you do?,"Configure Cloud VPN between AWS and Google Cloud, then use the default Compute Engine service account for the workloads to access resources.","Configure Workload Identity Federation with a workload identity pool and provider for AWS, then grant the external identities the Workload Identity User role on the target service account.",Deploy a token broker service on Google Cloud that generates short-lived tokens and expose it through a public endpoint with IP allowlisting for the AWS workloads.,Create a dedicated service account with minimum required permissions and securely store the service account key in AWS Secrets Manager with automatic rotation enabled.,2,Workload Identity Federation allows external workloads to authenticate using their native credentials (AWS security credentials) and exchange them for short-lived Google Cloud credentials. This eliminates the need for service account keys while enabling secure access through service account impersonation. Reference: https://cloud.google.com/iam/docs/workload-identity-federation
GCP PSOE,Your organization is using Security Command Center Premium and wants to ensure that the attack exposure scores accurately reflect your business priorities. You have identified several BigQuery datasets and Cloud SQL instances that contain sensitive customer data and should be treated as critical assets. What configuration should you implement?,Enable Sensitive Data Protection discovery and configure automatic integration to set priority values based on data sensitivity classifications.,Create IAM Conditions on the BigQuery and Cloud SQL resources to trigger higher-priority findings when unauthorized access attempts are detected.,Configure Security Health Analytics custom modules to increase the severity of findings that affect the identified BigQuery and Cloud SQL resources.,Create resource value configurations that designate the BigQuery datasets and Cloud SQL instances as high-value resources with a HIGH priority value.,4,"Attack exposure scores are calculated based on how vulnerabilities expose designated high-value resources. By creating resource value configurations with appropriate priority values, you ensure the attack path simulations treat your sensitive data resources with appropriate priority. The simulations multiply the percentage of successful attacks by the priority value to calculate scores. Reference: https://cloud.google.com/security-command-center/docs/attack-exposure-learn"
GCP PSOE,"During an ongoing incident response, your team identifies a suspicious domain that internal hosts have been communicating with. You want to quickly assess this domain using threat intelligence enrichment available within Google Security Operations (SecOps). Where should you look to find the most comprehensive threat context for this domain?",Export the domain to Google Threat Intelligence portal separately and manually import the findings back into your investigation notes.,Check the IOC matches page and filter by the domain name to see if any curated detection rules have previously matched on this indicator.,Navigate to the Applied Threat Intelligence fusion feed and search for the domain using a custom YARA-L rule with the fusion feed entity.,"Search for the domain in UDM Search and review the investigation view, which displays VirusTotal and Mandiant threat intelligence enrichment alongside event details.",4,"Google SecOps investigation views provide automated threat intelligence enrichment including VirusTotal and Mandiant data. This enrichment appears directly in the domain investigation view, providing immediate context about known threats, reputation scores, and related indicators. Reference: https://cloud.google.com/security/products/security-operations/investigate"
GCP PSOE,Your organization maintains a list of known malicious domains from a third-party threat intelligence feed that you want to use with Event Threat Detection. You want to detect when any Compute Engine instance resolves DNS queries to these malicious domains. Which log source must be enabled for this custom detection to function?,Cloud DNS logging,Cloud Audit Logs,VPC Flow Logs,Firewall Rules Logging,1,"Event Threat Detection can detect malicious domains using Cloud DNS logging, which captures DNS queries made by resources in your environment. For detecting domain-based indicators of compromise, Cloud DNS logs are the primary data source that Event Threat Detection analyzes to identify resolution attempts to suspicious domains. Reference: https://cloud.google.com/security-command-center/docs/concepts-event-threat-detection-overview"
GCP PSOE,"Your organization requires centralized security log storage from all projects within the organization to a single BigQuery dataset in a dedicated security project. You have created an aggregated sink at the organization level with the filter LOG_ID('cloudaudit.googleapis.com/activity'). After creating the sink, logs are not appearing in the BigQuery dataset. What should you do to resolve this issue?",Create individual project-level sinks in each project pointing to the centralized BigQuery dataset.,Modify the sink filter to include a specific project ID in the filter expression.,Enable the BigQuery API in all source projects to allow log streaming.,Grant the BigQuery Data Editor role to the sink's writer identity service account on the destination dataset.,4,"When you create a sink that routes logs to a BigQuery dataset in a different project, you must grant the sink's writer identity the BigQuery Data Editor role (roles/bigquery.dataEditor) on the destination dataset. The sink's service account is automatically created but permissions must be configured manually when routing to cross-project destinations. Reference: https://cloud.google.com/logging/docs/export/aggregated_sinks"
GCP PSOE,"Your organization has enabled Applied Threat Intelligence (ATI) in Google Security Operations (SecOps) with an Enterprise Plus license. You notice that the IOC matches page is showing many indicators, and you need to focus on the most critical threats first. You want to filter the view to show only IOCs that Mandiant observed in active or past compromises. Which priority filter should you apply?",Filter by Source as Mandiant to view all indicators from Mandiant regardless of priority classification or investigation context.,Filter by High priority to show IOCs associated with threat actors or malware even without direct Mandiant investigation observation.,Filter by Active Breach priority to show IOCs observed in Mandiant investigations with Malicious GTI Verdict and High GTI Severity.,Filter by Critical Severity to display IOCs with the highest calculated severity rating from Google Threat Intelligence analysis.,3,"The Active Breach model prioritizes indicators that Mandiant observed in active or past compromises, where the GTI Verdict is Malicious and GTI Severity is High. This is the highest priority classification and represents the most critical threats. Reference: https://cloud.google.com/chronicle/docs/detection/ati-prioritization"
GCP PSOE,A threat intelligence report reveals a new set of IOCs associated with a sophisticated APT campaign. Your security team needs to search for these IOCs across 10 months of historical security telemetry stored in Google Security Operations (SecOps). What is the most efficient approach to accomplish this?,Configure the Applied Threat Intelligence feed to automatically scan historical data when new IOCs are added.,Create a YARA-L detection rule containing the new IOCs and run a retrohunt against the historical data within the specified time range.,Export all 10 months of logs to BigQuery and use SQL queries to search for the IOCs across the exported dataset.,Submit a request to Google SecOps support to perform a historical search on your behalf using their internal tools.,2,"Retrohunt allows you to run YARA-L rules against historical data stored in Google SecOps. With 12 months of hot data retention by default, you can search across the 10 months of historical telemetry to identify any past IOC matches that occurred before the threat intelligence was available. Reference: https://cloud.google.com/chronicle/docs/detection/run-rule-historical-data"
GCP PSOE,You are building a Looker Studio dashboard to visualize Security Command Center (SCC) findings exported to BigQuery. The dashboard must show findings data by severity and category and allow stakeholders to filter by time range. What is the recommended approach to connect Looker Studio to this data?,Create a custom SQL query in the Looker Studio BigQuery connector that pre-filters findings by a hardcoded date range before visualization.,Create a Looker Studio data source using the BigQuery connector and connect to the SCC findings table in your dataset.,Export the BigQuery findings data to Google Sheets daily and connect Looker Studio to the Sheets data source for visualization.,Configure a Cloud Storage bucket to receive SCC findings exports and use Looker Studio's File Upload connector.,2,"Looker Studio can connect directly to BigQuery tables using the BigQuery connector. When connecting to a date-partitioned table, Looker Studio can use that field as the date range dimension for filtering. This provides an efficient and direct connection for visualizing SCC findings. Reference: https://cloud.google.com/security-command-center/docs/how-to-analyze-findings-in-big-query"
GCP PSOE,You want to perform threat hunting on VPC Flow Logs data for long-term analysis of network anomalies and lateral movement patterns. You need to retain flow data for 180 days with optimal query performance for security investigations. What is the recommended approach?,Export VPC Flow Logs to Cloud Storage using JSON format and create external tables in BigQuery for analysis.,Configure Flow Analyzer to store VPC Flow Logs with extended retention in the log bucket for long-term analysis.,Store VPC Flow Logs in Cloud Logging with a custom 180-day retention period and query using Logs Explorer.,Export VPC Flow Logs to BigQuery using a Cloud Logging sink and leverage BigQuery partitioning for efficient historical queries.,4,"BigQuery provides optimal query performance for large-scale log analytics with support for partitioned tables that improve query efficiency on time-based data. A Cloud Logging sink enables continuous streaming of VPC Flow Logs to BigQuery, and partitioning by timestamp enables efficient 180-day retention queries. Reference: https://cloud.google.com/logging/docs/export/bigquery"
GCP PSOE,Your security team needs to establish a sensitive data classification baseline for BigQuery tables across your organization. The goal is to generate findings in Security Command Center that show calculated sensitivity and data risk levels. What should you do?,Enable Security Health Analytics in Security Command Center to automatically scan BigQuery tables for sensitive data and generate risk profiles.,Configure Sensitive Data Protection discovery at the organization level with the Publish to Security Command Center action enabled in the discovery scan configuration.,Use Cloud Asset Inventory to export BigQuery metadata to Security Command Center and enable the DLP integration for automatic classification.,Create individual DLP inspection jobs for each BigQuery table and use the PublishSummaryToCscc action to send findings to Security Command Center.,2,Data profiles can generate observation findings in Security Command Center that show the calculated sensitivity and data risk levels of your BigQuery data. You must configure discovery at the organization level and enable the Publish to Security Command Center action. Reference: https://cloud.google.com/dlp/docs/send-profiles-to-scc
GCP PSOE,Your security team is performing threat hunting across a multi-cloud environment using Google Security Operations (SecOps). You need to identify lateral movement activity by correlating network login events from AWS CloudTrail with subsequent file access events from Azure AD logs. The correlation must be based on the same user identity and occur within a 30-minute window. Which approach should you use?,Create a multi-event YARA-L rule using the match section with a 30-minute time window and a placeholder variable to correlate user identity across both event types.,Create separate detection rules for AWS and Azure events and use a SOAR playbook to manually correlate alerts from both clouds.,Use a single-event YARA-L rule with conditional logic to identify both AWS login events and Azure file access events in a single pass.,Export both AWS and Azure logs to BigQuery and use SQL queries to join events based on user identity and time window.,1,"Multi-event YARA-L rules allow correlation across multiple event types within a defined time window using the match section. By using a placeholder variable such as $user to capture user identity from both AWS and Azure events, you can detect chained behavior across cloud environments within the specified timeframe. Reference: https://cloud.google.com/chronicle/docs/detection/yara-l-2-0-overview"
GCP PSOE,Your security team needs to analyze the configuration of all Compute Engine instances across your organization to identify potential security misconfigurations. You want to run complex SQL queries on the asset metadata and retain the results for historical trending and audit purposes. What is the most efficient approach?,Use the Cloud Asset Inventory API to list all assets and write a custom script to parse and store the results in a database for analysis.,Use the Security Command Center Assets page to run SQL queries and download the results as CSV files for analysis.,"Use Cloud Asset Inventory to export resource metadata to BigQuery, then run SQL queries against the exported data in BigQuery.",Use Cloud Asset Inventory's QueryAssets API with SQL statements to query assets directly and export results to Cloud Storage.,3,"Cloud Asset Inventory provides native BigQuery export support for asset snapshots. You can export all asset metadata at a certain timestamp to a BigQuery table, then use BigQuery's powerful SQL capabilities for complex analysis, historical trending, and auditing. This approach is specifically designed for in-depth asset analysis and validation. Reference: https://cloud.google.com/asset-inventory/docs/export-bigquery"
GCP PSOE,"Your organization wants to implement runtime threat detection for GKE clusters to detect container escape attempts, reverse shells, and malicious binaries. You need to select the appropriate Google Cloud service. Your environment includes GKE clusters with GKE Sandbox enabled for high-security workloads. What should you do?",Deploy a third-party runtime security agent as a DaemonSet across all clusters to monitor container behavior alongside GKE Sandbox.,Enable Event Threat Detection in Security Command Center to monitor GKE container runtime activities and maintain GKE Sandbox for all workloads.,Enable Container Threat Detection in Security Command Center Premium or Enterprise and disable GKE Sandbox on clusters requiring runtime threat detection.,Enable GKE threat detection on all clusters and configure GKE Sandbox with full compatibility mode to work alongside Container Threat Detection.,3,"Container Threat Detection is the built-in service in Security Command Center that detects common container runtime attacks. However, Container Threat Detection is not compatible with GKE Sandbox, so you must disable GKE Sandbox on clusters where you want Container Threat Detection deployed. Reference: https://cloud.google.com/security-command-center/docs/how-to-use-container-threat-detection"
GCP PSOE,"A security operations team using Security Command Center Enterprise notices that cases contain findings with different severity levels. The team wants to understand how case priority is determined when multiple findings are grouped together. A critical-severity finding was muted, but the case priority remains Critical. What explains this behavior?","Case priority is calculated as an average of all finding severities, and the critical finding still contributes to the average calculation even after being muted.","Case priority is based on the highest finding severity among all findings in the case, including muted findings; muting a finding does not change its severity or impact on case priority.",The case priority was manually set to Critical by an analyst and muting findings does not trigger automatic recalculation of manually-configured priorities.,The mute operation has not been synchronized with the case management system due to a delay in the data synchronization job; the priority will update after the next sync cycle.,2,"In Security Command Center Enterprise, case priority is automatically set based on the highest finding severity property among all findings in a case. Muting findings has no impact on case priority - if a muted finding possesses the highest severity, it still defines the priority of the case. Reference: https://cloud.google.com/security-command-center/docs/cases-overview"
GCP PSOE,Your organization's threat intelligence team has provided a list of 50 malicious IP addresses associated with a known threat actor campaign. You need to configure Security Command Center Event Threat Detection to automatically generate findings when resources in your environment communicate with these IP addresses. You want to assign a HIGH severity and include custom remediation guidance. What should you do?,Create a Security Health Analytics custom module with CEL expressions to match network traffic against the IP addresses.,Create an Event Threat Detection custom module using the Configurable Bad IP template with the IP addresses and set the severity metadata field to HIGH with custom recommendation text.,Configure the built-in Malware: Bad IP detector and upload your custom IP list to Google's global threat intelligence database for automatic integration.,Export VPC Flow Logs to BigQuery and create scheduled queries to match IP addresses against your threat intelligence list.,2,"The Configurable Bad IP custom module template allows you to specify a list of IP addresses or CIDR ranges to monitor, configure the severity level (LOW, MEDIUM, HIGH, or CRITICAL), and provide custom description and recommendation text for remediation guidance. This module scans VPC Flow Logs for connections to the specified IPs. Reference: https://cloud.google.com/security-command-center/docs/custom-modules-etd-overview"
GCP PSOE,Your organization recently activated Security Command Center Premium tier at the organization level. The security operations team wants to use Event Threat Detection custom modules to detect connections to industry-specific threat indicators. They also want to view findings from custom modules alongside built-in detector findings. How should the team filter Security Command Center findings to display only findings generated by Event Threat Detection custom modules?,"Filter the findings by severity level CRITICAL, as custom modules automatically generate CRITICAL severity findings.",Query the findings using the finding class 'CUSTOM_THREAT' which is assigned to all Event Threat Detection custom module findings.,Export findings to Cloud Logging and use log queries to filter for custom module findings based on the detector_name field.,Filter the findings by selecting 'Event Threat Detection Custom Modules' as the source display name in Security Command Center.,4,Security Command Center provides a separate source called 'Event Threat Detection Custom Modules' that allows filtering for findings generated specifically by custom modules. This enables teams to view custom module findings separately from built-in Event Threat Detection findings while using the same Security Command Center interface. Reference: https://cloud.google.com/security-command-center/docs/how-to-use-event-threat-detection
GCP PSOE,"Your organization wants to enrich security detection rules in Google Security Operations (SecOps) with sensitive data classification context from Cloud DLP. When a user with access to highly sensitive data downloads an executable file, the detection should assign a higher risk score. You need to configure the integration. What should you do?",Enable the DLP API action to publish findings directly to SecOps detection engine for automatic rule matching against sensitive infoTypes.,Export Sensitive Data Protection data to Google SecOps and write YARA-L rules that correlate user activity events with DLP entity records containing sensitivity labels.,Create a Cloud Function that queries DLP findings and updates SecOps reference lists with sensitive asset identifiers for real-time matching.,"Configure Cloud DLP to send real-time alerts to SecOps SOAR whenever sensitive data is detected, then trigger isolation playbooks automatically.",2,Sensitive Data Protection data can be exported to Google SecOps as entity records. These records contain sensitivity labels that can be correlated with user activity events in YARA-L rules to assign higher risk scores when users with access to sensitive data perform suspicious actions. Reference: https://cloud.google.com/chronicle/docs/detection/usecase-dlp-high-risk-user-download
GCP PSOE,You are configuring a Cloud Logging sink to export IAM audit logs to BigQuery for security analysis. The security team wants to query logs efficiently by date and requires that old log data is automatically deleted after 365 days. You need to configure the BigQuery destination appropriately. What should you do?,Create a log bucket with a 365-day retention period and link it to a BigQuery dataset for querying.,"Create the BigQuery dataset and configure the sink with date-sharded tables, then set table expiration to 365 days at the dataset level.",Create a BigQuery dataset and configure a scheduled query to delete data older than 365 days from the audit log tables.,"Create a BigQuery dataset with a default partition expiration of 365 days, then configure the sink to use partitioned tables.",4,"Setting a default partition expiration on the dataset ensures that partitions older than 365 days are automatically deleted. When combined with partitioned tables, this provides efficient date-based querying through partition pruning and automatic data lifecycle management. Reference: https://cloud.google.com/bigquery/docs/managing-partitioned-tables"
GCP PSOE,"Detection engineering""A vulnerability scan using Web Security Scanner custom scans on your production App Engine application has been running for several hours and appears to be causing performance issues. You need to reduce the impact on production while still maintaining vulnerability detection coverage. What should you do?",Switch to managed scans which automatically adjust scan intensity based on application load and optimize scanning for production environments.,Configure the scan's maximum QPS setting to a lower value and schedule the custom scan to run during low-traffic periods while maintaining the same scan scope.,Disable the custom scan and rely only on Security Health Analytics to detect misconfigurations that could lead to SQL injection and XSS vulnerabilities.,Create a separate test environment and configure Web Security Scanner to scan the test environment instead of production to eliminate production impact.,2,"Web Security Scanner allows configuration of maximum QPS (queries per second) between 5 to 20, with a default of 15. Reducing QPS decreases the load on the application. Scheduling scans during low-traffic periods further reduces production impact. This approach maintains full vulnerability detection coverage while managing performance impact. Reference: https://cloud.google.com/security-command-center/docs/how-to-web-security-scanner-custom-scans"
GCP PSOE,You have configured multiple uptime checks to monitor security services across your organization. The security operations team reports that they are receiving too many alerts due to brief network interruptions. You need to reduce alert noise while still ensuring genuine outages are detected promptly. What should you do?,Configure the alerting policy to require all conditions from multiple checker regions to be met simultaneously before triggering an alert.,Increase the retest window duration in your alerting policy conditions to require the threshold to be exceeded for a longer consecutive period before triggering alerts.,Disable alerting policies during peak network usage hours and manually monitor dashboards instead to avoid noise during high-traffic periods.,Reduce the check frequency of uptime checks from 1 minute to 10 minutes to decrease the number of data points that could trigger alerts.,2,Increasing the retest window duration requires the alerting condition to be met consistently for a longer period before triggering an alert. This filters out transient issues and brief interruptions while still detecting genuine sustained outages. The tradeoff is that alerting policies become less responsive. Reference: https://cloud.google.com/monitoring/alerts/concepts-indepth
GCP PSOE,"You are implementing Security Command Center Enterprise and need to integrate it with ServiceNow for ticket management. You want tickets to be automatically created when cases are generated from posture findings, and you need bidirectional synchronization between cases and tickets. What should you do?",Configure continuous exports to send findings directly to ServiceNow and manually monitor ticket status in both systems.,"Configure the ServiceNow integration, create a custom ticket type using manual actions, enable the Posture Findings With SNOW playbook, and configure synchronization jobs.",Export findings to Pub/Sub and create a Cloud Function that calls the ServiceNow API to create tickets for each finding.,Enable the default ServiceNow connector in the Security Operations console and configure the Fallback Owner parameter with a ServiceNow username.,2,"Integrating ServiceNow requires creating a custom ticket type using manual actions in a case, enabling the Posture Findings With SNOW playbook, and configuring synchronization jobs to maintain bidirectional updates between cases and tickets. Creating a custom ServiceNow ticket type requires ServiceNow admin-level credentials. Reference: https://cloud.google.com/security-command-center/docs/integrate-ticketing-systems"
GCP PSOE,Your organization wants to share a custom Google Security Operations (SecOps) SIEM dashboard with the entire security operations team while maintaining the ability to update the dashboard configuration. The dashboard was initially created as a personal dashboard. What should you do to make the dashboard accessible to all team members while allowing ongoing modifications?,Export the dashboard to a JSON file and have each team member import it as their own personal dashboard for independent access.,Create duplicate copies of the dashboard for each SOC analyst using the Copy to Personal option from the Dashboard actions menu.,Grant each team member the chronicle.nativeDashboards.update IAM permission so they can access and modify the personal dashboard directly.,"Change the dashboard access setting from private to shared in the Edit Dashboard dialog, which makes it visible to all users who can access dashboards in Google SecOps.",4,"When you create a dashboard, it defaults to private and is visible only to you. By changing the access setting to shared in the Edit Dashboard dialog, the dashboard becomes visible to all members of the team who can view dashboards in Google SecOps. Only the dashboard owner can change the dashboard access, and the owner retains the ability to modify the dashboard. Reference: https://cloud.google.com/chronicle/docs/reports/manage-native-dashboards"
GCP PSOE,Your organization needs to create a Looker Studio dashboard that displays near real-time Security Command Center findings. The dashboard should show findings categorized by severity and include automatic data updates. You need to configure the data pipeline and visualization settings. What should you do?,"Configure a BigQuery export from Security Command Center to stream findings to a BigQuery dataset, then connect Looker Studio to the BigQuery table using the BigQuery connector, and enable auto refresh in the report settings.","Configure a Pub/Sub continuous export from Security Command Center, then create a custom connector in Looker Studio to subscribe to the Pub/Sub topic and auto refresh the report data.","Use the Security Command Center API to directly query findings from within Looker Studio using a custom data source, then configure the data source freshness setting to 1 minute.","Create a one-time export of Security Command Center findings to Cloud Storage in CSV format, then use the File Upload connector in Looker Studio, and manually refresh the data source each time updates are needed.",1,"Streaming findings to BigQuery using SCC's export feature enables near real-time data flow, the BigQuery connector provides native integration with Looker Studio, and auto refresh ensures the dashboard periodically pulls the latest data when the report is open. Reference: https://cloud.google.com/security-command-center/docs/how-to-analyze-findings-in-big-query"
GCP PSOE,"Your company is exporting VPC Flow Logs to BigQuery using a Cloud Logging sink. The dataset is growing rapidly, and you need to implement automatic data lifecycle management to control storage costs while retaining 90 days of logs for security investigations. What should you configure?",Modify the sink retention period setting to limit data to 90 days in the BigQuery dataset.,Configure partition expiration on the BigQuery tables to automatically delete partitions older than 90 days.,Create a BigQuery scheduled query to delete rows with timestamps older than 90 days.,Configure a Cloud Logging exclusion filter to stop ingesting logs older than 90 days.,2,"Partition expiration allows you to set an automatic expiration time for partitions in a partitioned table. When a partition expires, BigQuery deletes that partition automatically. This provides automatic lifecycle management without manual intervention. Reference: https://cloud.google.com/bigquery/docs/managing-partitioned-tables"
GCP PSOE,Your organization is deploying Web Security Scanner to proactively identify web application vulnerabilities that could be exploited by attackers. The detection engineering team needs to understand which vulnerability categories Web Security Scanner can detect to align with their threat intelligence on common attack patterns. Which vulnerability type can Web Security Scanner detect to support proactive threat hunting?,Remote code execution vulnerabilities in cloud infrastructure,Cloud IAM policy misconfigurations,Cross-site scripting (XSS) vulnerabilities in web applications,Container runtime threats in GKE workloads,3,Web Security Scanner detects cross-site scripting (XSS) vulnerabilities by simulating injection attacks and inserting test strings into user-editable fields to identify XSS bugs due to JavaScript breakage. This capability aligns with OWASP Top Ten vulnerability categories. Reference: https://cloud.google.com/security-command-center/docs/how-to-remediate-web-security-scanner-findings
GCP PSOE,Your organization wants to identify high-risk security issues that combine multiple vulnerabilities and misconfigurations to create attack paths in your Google Cloud environment. You need to correlate threat intelligence with posture findings to discover these complex risks. Which Security Command Center capability should you use to automatically detect these combinations and prioritize remediation?,Create custom YARA-L rules in Google SecOps that correlate SCC vulnerability findings with threat intelligence feeds to identify high-risk combinations.,Use Security Health Analytics to generate severity scores for each finding based on its correlation with known threat actor techniques from the MITRE ATT&CK framework.,Configure Event Threat Detection to generate combined findings when multiple related security issues are detected on the same resource within a specified time window.,Enable Risk Engine to run attack path simulations that detect toxic combinations by correlating vulnerability findings with Mandiant threat intelligence about actively exploited CVEs.,4,Risk Engine uses virtual red teaming technology to run attack path simulations against a digital twin of your cloud environment. It incorporates Mandiant threat intelligence about actively exploited vulnerabilities to identify toxic combinations of security issues that could be chained together by attackers. Reference: https://cloud.google.com/security-command-center/docs/toxic-combinations-overview
GCP PSOE,Your security team has received new threat intelligence about a recently discovered APT campaign that has been active for the past 60 days. You want to determine whether any indicators of compromise (IOCs) from this campaign were present in your historical Google Security Operations (SecOps) data before the threat was publicly disclosed. What should you do?,Enable the IOC matches page filters and configure backward-looking analysis for the specified time window.,Configure Applied Threat Intelligence curated detections to automatically scan the past 60 days when the IOCs are imported.,Create a YARA-L detection rule with the IOCs and execute a retrohunt over the past 60 days to identify historical matches.,Use UDM Search with the IOCs and set the time range to 90 days to scan historical logs and export results to BigQuery for analysis.,3,Retrohunt lets you use a selected rule to search for detections throughout existing data in Google SecOps. This allows you to apply newly discovered IOCs to historical event data within the 12-month hot retention period to identify past incidents. Reference: https://cloud.google.com/chronicle/docs/detection/run-rule-historical-data
GCP PSOE,"You are configuring VPC Service Controls to protect your organization's sensitive data. Before enforcing the perimeter, you want to monitor how it would affect production traffic and identify any legitimate access patterns that might be blocked. You also want to detect potential exfiltration attempts without disrupting business operations. What should you do?",Deploy honeypot service perimeters around decoy resources and monitor for unauthorized access attempts before configuring production perimeters.,"Create the service perimeter in dry run mode, analyze the VPC Service Controls logs for violations, and use the violation analyzer to understand denied requests before enforcing.",Configure VPC firewall rules with logging enabled to monitor all API traffic and identify patterns before implementing VPC Service Controls.,"Create the service perimeter in enforced mode with broad egress rules, then gradually tighten the rules while monitoring Cloud Audit Logs.",2,"Dry run mode logs violations as though services were protected but does not block access. This allows you to identify both legitimate access patterns that need exceptions and potential exfiltration attempts. The violation analyzer provides detailed insights into why requests would be denied, enabling you to refine the perimeter configuration before enforcement. Reference: https://cloud.google.com/vpc-service-controls/docs/dry-run-mode"
GCP PSOE,"During a security investigation, you discover suspicious activity from a service account. You need to determine if an attacker created a new service account key that could be used for persistent access. Which Cloud Audit Logs filter will identify service account key creation events for investigation?",protoPayload.authorizationInfo.permission='iam.serviceAccountKeys.create' AND severity='NOTICE',protoPayload.methodName='google.iam.admin.v1.CreateServiceAccountKey' AND resource.type='service_account',protoPayload.request.keyType='USER_MANAGED' AND protoPayload.serviceName='iam.googleapis.com',protoPayload.methodName='iam.serviceAccountKeys.create' AND logName='data_access',2,Service account key creation is logged in Admin Activity audit logs with the methodName 'google.iam.admin.v1.CreateServiceAccountKey'. This filter directly identifies key creation events which represent a common persistence technique used by attackers after compromising service account credentials. Reference: https://cloud.google.com/iam/docs/audit-logging/examples-service-accounts
GCP PSOE,"Your organization has configured Security Command Center continuous exports to Cloud Logging. After several months of operation, you receive an SCC error finding with the category MISCONFIGURED_CLOUD_LOGGING_EXPORT. Upon investigation, you discover the target logging project was accidentally deleted last week. What should you do to restore the logging export functionality?",Create a new Pub/Sub topic in an active project and update the notification configuration to use Pub/Sub instead of Cloud Logging.,"If still within the recovery period, restore the deleted project; otherwise, configure a new or existing project for Logging exports in SCC Settings.",Delete the existing Logging Export configuration and wait 24 hours for the system to automatically reconfigure with a new default project.,Disable and re-enable Event Threat Detection to reset the logging export configuration to the organization's default logging project.,2,"When the project configured for continuous export to Cloud Logging is unavailable, Security Command Center generates the MISCONFIGURED_CLOUD_LOGGING_EXPORT error. The remediation requires either restoring the project within its recovery period or configuring a different project in the SCC Logging Export settings. Reference: https://cloud.google.com/security-command-center/docs/how-to-remediate-scc-errors"
GCP PSOE,"You are documenting case resolution patterns from Google SecOps SOAR and need to create a Looker Studio dashboard that displays handling time by case stage, analyst workload distribution, and false positive rates. The underlying data is stored in BigQuery through the Google SecOps data export. You want to optimize dashboard performance while keeping query costs low. What should you do?","Export the BigQuery data to Google Sheets using scheduled queries, then connect Looker Studio to the Google Sheets data source for dashboard creation.","Connect Looker Studio directly to each raw BigQuery table, then use calculated fields within Looker Studio to perform the necessary joins and aggregations.","Create a BigQuery view that pre-filters and joins the relevant tables, enable date partitioning as the date range dimension, and configure Looker Studio to use this view as the data source.",Configure BigQuery BI Engine reservations for the dataset and connect Looker Studio to the raw tables using custom SQL queries with no filtering.,3,"Using a BigQuery view with pre-filtering reduces the data scanned per query. Date partitioning enables Looker Studio to automatically filter by date range dimension, ensuring only relevant partitions are scanned when users select date ranges, optimizing both performance and cost. Reference: https://cloud.google.com/looker/docs/studio/connect-to-google-bigquery"
GCP PSOE,You are configuring Security Command Center Enterprise for your organization and want to identify security issues that create the highest risk to your critical cloud resources. You need to configure SCC to detect when multiple lower-severity issues combine to create a significant attack path to your high-value resources. What should you configure?,Create YARA-L detection rules in Google SecOps to correlate multiple SCC findings and generate combined alerts.,Enable all Security Health Analytics detectors at their highest severity levels to capture every possible misconfiguration.,Configure Event Threat Detection custom modules to chain multiple detection events into composite findings.,Define resource value configurations to designate your high-value resource set and ensure Risk Engine attack path simulations are enabled.,4,The Risk Engine detects toxic combinations during attack path simulations by analyzing how multiple security issues can combine to create paths to high-value resources. You must define your high-value resource set using resource value configurations for accurate risk assessment. Toxic combination findings are generated automatically when these conditions are detected. Reference: https://cloud.google.com/security-command-center/docs/toxic-combinations-overview
GCP PSOE,"Observability""Your security operations team wants to monitor multiple projects for security events using log-based metrics. You have configured aggregated sinks to route logs from 50 projects to a centralized log bucket in your security operations project. You need to create log-based metrics that can analyze these aggregated logs. What should you do?","Create project-scoped log-based metrics in each of the 50 source projects, then use metrics scopes to aggregate the metrics in the security operations project.",Create project-scoped log-based metrics in the security operations project with filters that specify the source projects using the resource.labels.project_id field.,Create organization-level log-based metrics that automatically aggregate data from all projects within the organization hierarchy.,"Create bucket-scoped log-based metrics in the security operations project, targeting the centralized log bucket that receives the aggregated logs.",4,"Bucket-scoped log-based metrics are calculated from all logs destined for a specific bucket, regardless of where they originated. This is the appropriate approach when using aggregated sinks to route logs from multiple projects to a centralized bucket for security analysis. Reference: https://cloud.google.com/logging/docs/logs-based-metrics"
GCP PSOE,"You have configured a Cloud Logging sink to route security logs to a Cloud Storage bucket for compliance archival. After creating the sink, you notice that no logs have appeared in the bucket after 30 minutes. You have verified that the sink configuration and permissions are correct. What is the most likely explanation for this behavior?",The Cloud Storage bucket must have versioning enabled before log entries can be written to it by the sink.,The Cloud Storage bucket region must match the region where the logs originated for the sink to function correctly.,"Sinks routing logs to Cloud Storage process log entries in hourly batches, and it may take 2 to 3 hours before the first entries appear.","Log sinks cannot retroactively route log entries, so only logs generated after the sink creation will be routed.",3,"When Cloud Storage is the sink destination, log entries are saved in hourly batches. It can take 2 to 3 hours before the first entries begin to appear. This is expected behavior and not an error condition. Reference: https://cloud.google.com/logging/docs/export/troubleshoot#cloud-storage"
GCP PSOE,"Your organization aggregates security logs from multiple Google Cloud projects into a central BigQuery dataset for threat hunting. You have received a threat intelligence report containing file hashes, domain names, and IP addresses associated with an APT campaign. You want to efficiently search for these IOCs across all historical log data. What is the most effective approach?","Create a BigQuery table containing all IOCs with type and value columns, then write SQL queries that JOIN this table with log data tables using appropriate fields based on IOC type.",Use BigQuery's REGEXP_CONTAINS function in a WHERE clause with all IOC patterns concatenated using OR operators to scan each log table individually.,Create separate scheduled queries for each IOC type that run hourly and store matching results in a findings table for analyst review.,Export log tables to Cloud Storage as Parquet files and use a Python script with the pandas library to load and search for IOC matches locally.,1,"Creating a structured IOC table in BigQuery allows you to efficiently query against all historical log data using JOIN operations. By organizing IOCs with type designations, you can match domains against DNS logs, IP addresses against network logs, and hashes against process logs in a scalable manner. Reference: https://cloud.google.com/chronicle/docs/soar/marketplace-integrations/google-big-query"
GCP PSOE,Your incident response team has identified a potentially compromised VM in your Google Cloud environment. You need to isolate the VM from the rest of the network while maintaining forensic access from a dedicated security team subnet for live memory acquisition. The containment action must be automated through a SOAR playbook. What should you do?,"Create a new VPC Service Controls perimeter containing only the compromised VM project, then configure an ingress rule allowing access from the security team's access level.","Move the compromised VM to a separate VPC network using live migration, then configure VPC Network Peering with the forensics project to enable security team access.",Delete the external IP address from the compromised VM and remove all IAM roles from its service account to prevent further malicious activity while maintaining network connectivity for forensics.,"Apply a unique network tag to the infected VM, then create high-priority VPC firewall rules that deny all ingress and egress traffic except from the security team subnet CIDR range.",4,Applying a unique network tag allows targeted firewall rules to isolate only the affected VM without disrupting other workloads. Creating deny rules with an exception for the forensics subnet enables isolation while preserving investigative access. This approach can be automated through SOAR playbook actions that modify network tags and firewall rules. Reference: https://cloud.google.com/firewall/docs/firewalls
GCP PSOE,You are configuring an Event Threat Detection custom module to detect connections to IP addresses that your threat intelligence team has identified as actively used in ransomware campaigns. The security operations team requires that these findings be treated with the highest priority in their incident response workflow. How should you configure the custom module JSON template?,Enable the urgent_alert flag in the custom module settings to trigger immediate notification to the SOC team.,Configure the risk_score parameter to 100 in the module configuration to maximize alert urgency.,Set the priority field in the detection parameters to 1 to indicate the highest priority level.,Set the severity field in the metadata section to CRITICAL to ensure findings are prioritized appropriately.,4,"The severity field in the custom module metadata determines how findings are classified. CRITICAL is the highest severity level available (LOW, MEDIUM, HIGH, CRITICAL) and ensures that findings from this module will be prioritized appropriately in the security operations workflow. Reference: https://cloud.google.com/security-command-center/docs/use-custom-modules-etd"
GCP PSOE,Your organization wants to detect cryptomining activity and reverse shells in container workloads running on GKE. You have Security Command Center Premium enabled at the organization level. Which combination of detection capabilities should you configure to address these threats?,Configure Event Threat Detection custom modules to scan container process logs for cryptomining and reverse shell patterns.,Deploy Virtual Machine Threat Detection on the GKE nodes to detect cryptomining and reverse shell activity at the VM level.,"Enable Container Threat Detection, which uses NLP to analyze scripts and detects suspicious binary executions and reverse shell processes in containers.",Create Cloud Logging alerts that trigger when container stdout contains strings matching known cryptomining or shell patterns.,3,"Container Threat Detection detects the most common container runtime attacks including reverse shells by monitoring processes with stream redirection to remote sockets. It also uses natural language processing (NLP) to detect malicious Bash and Python code, and can detect suspicious binary executions that could indicate cryptomining activity. Reference: https://cloud.google.com/security-command-center/docs/concepts-container-threat-detection-overview"
GCP PSOE,"Your organization has detected a data exfiltration incident involving a compromised service account. As part of the forensic investigation, you need to preserve Cloud Audit Logs exported to a Cloud Storage bucket for legal proceedings. You must ensure these logs cannot be deleted or modified during the investigation period of 90 days. What should you do?",Apply a temporary hold to each log object and schedule a Cloud Function to release holds after 90 days.,Create a retention policy on the Cloud Storage bucket with a 90-day retention period and lock the bucket's retention policy.,Set uniform bucket-level access on the bucket and remove all IAM roles that include storage.objects.delete permission.,Configure object versioning on the bucket and enable a lifecycle rule to prevent deletion of objects for 90 days.,2,"Bucket Lock with a locked retention policy provides immutable storage that prevents objects from being deleted or replaced until they reach the specified retention age. Locking the policy permanently prevents the policy from being reduced or removed, which meets regulatory and legal evidence preservation requirements. Reference: https://cloud.google.com/storage/docs/bucket-lock"
GCP PSOE,Your organization uses multiple GKE and App Engine applications exposed to the internet. You want to implement a scalable approach to detect OWASP Top Ten vulnerabilities across your entire Google Cloud environment with minimal configuration overhead. Which Web Security Scanner implementation should you use?,Create a Cloud Function to programmatically trigger Web Security Scanner API scans for each application endpoint on a daily basis.,Deploy third-party DAST tools integrated with Cloud Logging to identify vulnerabilities and export findings to Security Command Center.,Enable Web Security Scanner managed scans in Security Command Center at the organization level to automatically detect and scan public web endpoints across all projects.,Configure individual custom scans for each application in their respective projects with weekly scheduling and authentication credentials.,3,"Managed scans are configured and managed by Security Command Center, automatically run once each week to detect and scan public web endpoints, and when activated at the organization level, provide centralized vulnerability detection across all projects without requiring individual project team involvement. Reference: https://cloud.google.com/security-command-center/docs/concepts-web-security-scanner-overview"
GCP PSOE,"Your organization is deploying Web Security Scanner to proactively identify exploitation attempts in your web applications. You have applications deployed on App Engine, GKE, and Compute Engine. Some applications use non-standard ports and require authentication. You need to ensure comprehensive vulnerability detection across all applications. What should you do?",Use the Web Security Scanner API to programmatically enable authentication for managed scans and configure them for non-standard ports.,"Configure custom scans with authentication for applications requiring login credentials and non-standard ports, and enable managed scans for public endpoints on standard ports.",Enable managed scans for all applications since they automatically discover and scan all web endpoints regardless of port or authentication requirements.,"Configure custom scans only, since managed scans duplicate the same findings and are redundant for organizations with custom scan capabilities.",2,"Custom scans provide more thorough vulnerability detection and support authentication configuration and non-standard ports. Managed scans automatically run weekly on public endpoints using standard ports (80/443) but only send GET-only requests without authentication, so both scan types together provide comprehensive coverage. Reference: https://cloud.google.com/security-command-center/docs/concepts-web-security-scanner-overview"
GCP PSOE,Your organization has Google SecOps Enterprise Plus and wants to correlate threat intelligence data with security telemetry to detect multi-stage attack patterns. You need to link a Malware Downloaded detection with a subsequent Command and Control (C2) beaconing alert from the same host within a specified time window. What should you implement?,Enable Applied Threat Intelligence to automatically correlate malware and C2 indicators across detections.,Configure a single multi-event YARA-L rule that matches both malware download and C2 beaconing events.,Create a composite detection rule that correlates the detections from input rules using a common host identifier and time window.,Create a SOAR playbook that triggers on malware alerts and searches for subsequent C2 activity.,3,"Composite detection rules let you interconnect rules so that the output of one rule acts as input for another. This capability enables correlating outcomes of two or more rules, such as linking a Malware Downloaded detection with a subsequent C2 Beaconing alert from the same host within a defined time window. Reference: https://cloud.google.com/chronicle/docs/detection/composite-detections"
GCP PSOE,Your incident response team needs to build a containment playbook that can quickly restrict a compromised project's access to specific Google Cloud services during an incident. The playbook must prevent data exfiltration to Cloud Storage buckets in external organizations while still allowing the compromised project to write logs to a centralized logging bucket in your security project. Which VPC Service Controls configuration should the playbook implement?,Add the compromised project to the existing security project perimeter to allow internal communication for logging purposes.,Create a service perimeter around the compromised project with an egress rule allowing access only to Cloud Logging in the security project and the specified logging bucket.,Create separate service perimeters for both projects and establish a perimeter bridge between them to allow bidirectional logging traffic.,Create a service perimeter with an ingress rule allowing only the security project's logging service account to access the compromised project's resources.,2,"VPC Service Controls egress rules allow you to specify exactly which external resources the perimeter can access. You can constrain egress to specific services (Cloud Logging), specific projects (security project), and specific resources (logging bucket), blocking all other data exfiltration paths while maintaining necessary logging capabilities. Reference: https://cloud.google.com/vpc-service-controls/docs/ingress-egress-rules"
GCP PSOE,You are a security engineer responsible for managing SLO-based monitoring dashboards for your organization's security services. A new team member needs to create SLOs for additional security services and add SLO widgets to existing custom dashboards. Which IAM role provides the minimum permissions required for this task?,Assign the Project Editor (roles/editor) role to enable full monitoring and dashboard management capabilities.,Assign the Monitoring Admin (roles/monitoring.admin) role to ensure all monitoring permissions are available.,Grant the Monitoring Viewer (roles/monitoring.viewer) role combined with a custom role for SLO creation.,Grant the Monitoring Editor (roles/monitoring.editor) role to the team member on the project.,4,"The Monitoring Editor role provides the necessary permissions to view and create SLOs, as well as create and modify custom dashboards including adding SLO widgets. This role follows the principle of least privilege for SLO management tasks without granting excessive administrative permissions. Reference: https://cloud.google.com/stackdriver/docs/solutions/slo-monitoring/ui/create-slo"
GCP PSOE,Your organization uses a list constraint to restrict resource locations to 'us-east1' and 'us-west1' at the organization level. A subsidiary folder needs to also allow 'europe-west1' while maintaining the US region restrictions. You want to configure this with minimum administrative overhead. How should you configure the organization policy on the subsidiary folder?,"Set the policy to 'Google-managed default' to restore all location options, then create a separate list to deny unwanted locations.",Set inheritFromParent to true and add 'europe-west1' to the allowedValues list on the subsidiary folder policy.,Use 'Merge with parent' and set deniedValues to remove the restriction on 'europe-west1' from the subsidiary folder.,"Set inheritFromParent to false and add all three regions ('us-east1', 'us-west1', 'europe-west1') to the allowedValues list.",2,"For list constraints, setting inheritFromParent to true merges the child policy with the parent policy. This means the folder will have an effective policy that allows 'us-east1', 'us-west1' (inherited from parent), and 'europe-west1' (added at folder level) without needing to redeclare the US regions. Reference: https://cloud.google.com/resource-manager/docs/organization-policy/understanding-hierarchy"
GCP PSOE,Your threat intelligence team has received a new batch of IOCs related to an advanced persistent threat (APT) campaign. You need to determine whether any of these IOCs were present in your environment over the past 90 days before they were added to threat feeds. Which Google Security Operations (SecOps) capability should you use to correlate these newly identified IOCs against your historical security telemetry?,Submit the IOCs to VirusTotal's retrohunting service and import the results into Google SecOps for correlation with your security data.,Create YARA-L detection rules for the new IOCs and run a retrohunt against the historical data within Google SecOps.,Export the historical logs from Google SecOps to BigQuery and run SQL queries to search for the new IOCs across the exported data.,Use the IOC matches page to view historical matches that were automatically detected when the IOCs were first ingested into Google SecOps.,2,"Retrohunts in Google SecOps allow you to use detection rules to search for matches throughout existing historical data. Google SecOps continuously analyzes twelve months of hot data by default, enabling retroactive matching of IOCs. By creating rules for the new IOCs and running a retrohunt, you can identify whether the APT indicators were present before they were known threats. Reference: https://cloud.google.com/chronicle/docs/detection/run-rule-historical-data"
GCP PSOE,You are configuring curated detections in Google Security Operations (SecOps) and notice that a rule set is generating excessive alerts for benign activity in your environment. You want to reduce false positives while maintaining threat detection capabilities. What should you do?,Disable the entire curated detection rule set and create custom YARA-L rules to replace all detection logic.,Switch the rule set from Precise rules to Broad rules to automatically reduce the number of alerts generated.,Contact Google Cloud Support to request modification of the curated detection rules for your specific environment.,Configure rule exclusions for the specific rule set to filter out known benign patterns matching your environment's normal activity.,4,Rule exclusions allow you to customize curated detections by excluding specific patterns that are known to be benign in your environment. This reduces false positives without disabling the rule entirely. Reference: https://cloud.google.com/chronicle/docs/detection/curated-detections
GCP PSOE,You are implementing a containment strategy for a compromised VM that requires enabling Firewall Rules Logging to capture evidence of the attacker's attempted lateral movement. You have created deny rules targeting the compromised VM. Which statement correctly describes the logging behavior you should expect?,Enabling logging on a deny rule automatically enables logging on all related allow rules to capture the complete connection context.,"Implied firewall rules automatically generate log entries, so the implied deny ingress rule will log all blocked lateral movement attempts without additional configuration.","Firewall Rules Logging must be explicitly enabled on each firewall rule, and logs will capture source IP, destination IP, protocol, ports, and a reference to the rule that matched the traffic.","Firewall Rules Logging captures all protocol types including TCP, UDP, ICMP, ESP, and SCTP for comprehensive threat visibility.",3,"Firewall Rules Logging is not enabled by default and must be turned on for each rule whose connections you want to log. When enabled, the logging captures connection records with source/destination IPs, protocol, ports, date/time, and the matching firewall rule reference, which provides the evidence needed for incident investigation. Reference: https://cloud.google.com/firewall/docs/firewall-rules-logging"
GCP PSOE,You need to retrieve the IAM policy bindings attached to specific Compute Engine instances in your project using Cloud Asset Inventory. You want to see both the instance metadata and the IAM policies in the same query response. What content type should you specify?,Specify the RELATIONSHIP content type to retrieve both resource relationships and associated IAM policy information.,Specify the IAM_POLICY content type to retrieve the IAM bindings on the VM instances along with the basic asset information.,Specify no content type to receive a complete response with all available metadata including IAM policies.,Specify the RESOURCE content type to retrieve complete resource metadata including IAM policies and configuration details.,2,"When you specify the IAM_POLICY content type in Cloud Asset Inventory, you receive the IAM bindings on the resources along with basic information such as asset names, update times, and resource hierarchy. This provides the IAM policy metadata you need for each asset. Reference: https://cloud.google.com/asset-inventory/docs/asset-inventory-overview"
GCP PSOE,"Your incident response team is building a SOAR playbook to preserve forensic evidence when a compromised VM is identified. The playbook needs to create a disk snapshot, copy the snapshot to a dedicated forensics Cloud Storage bucket, and ensure the evidence is protected. The evidence must be retained for legal requirements but allow investigators to extend the retention period if litigation continues. What Cloud Storage configuration should you implement?",Configure the forensics bucket with a retention policy set to the minimum legal retention period without locking the policy.,Configure the forensics bucket with temporary holds on all objects and create a Cloud Function to extend holds automatically.,Configure the forensics bucket with Object Retention Lock in Unlocked mode on each evidence object.,Configure the forensics bucket with a locked retention policy set to the maximum expected litigation duration.,1,An unlocked retention policy protects objects from deletion for the specified period while allowing the retention period to be increased if needed. This provides the flexibility to extend retention for ongoing litigation while still enforcing the minimum legal retention requirement. Reference: https://cloud.google.com/storage/docs/bucket-lock
GCP PSOE,You are investigating an identity-based attack where an external threat actor may have accessed your Google Cloud environment using compromised credentials. You need to identify the caller identity and source IP address from Cloud Audit Logs to determine the origin of suspicious API calls. Which audit log fields contain this information?,protoPayload.request.user contains the caller identity and protoPayload.metadata.sourceIpAddress contains the source IP address.,protoPayload.authorizationInfo.principal contains the caller identity and resource.labels.sourceIp contains the source IP address.,protoPayload.authenticationInfo.principalEmail contains the caller identity and protoPayload.requestMetadata.callerIp contains the source IP address.,resource.labels.principalEmail contains the caller identity and protoPayload.status.callerIp contains the source IP address.,3,"Audit logs record the identity that performed the logged operations in the AuthenticationInfo field, specifically the principalEmail. The caller's IP address is recorded in the RequestMetadata.callerIp field of the AuditLog object. These fields are essential for attribution during incident investigation. Reference: https://cloud.google.com/logging/docs/audit"
GCP PSOE,Your security team wants to centralize audit logs from all projects in your Google Cloud organization into a single location for security analysis using Log Analytics. They need to ensure that logs are still available in the original projects for troubleshooting while also being aggregated for organization-wide threat detection. What should you do?,Create a non-intercepting aggregated sink at the organization level to route audit logs to a centralized log bucket upgraded to use Log Analytics.,"Configure each project's _Default sink to route logs to a shared BigQuery dataset, then use BigQuery for security analysis.","Create project-level sinks in each project to export logs to a centralized Cloud Storage bucket, then configure Log Analytics to read from Cloud Storage.",Create an intercepting aggregated sink at the organization level to route audit logs to a centralized log bucket with Log Analytics enabled.,1,A non-intercepting aggregated sink routes log entries from all child resources (projects and folders) to the specified destination while still allowing the original project's sinks to process the logs. This enables centralized security analysis while maintaining local troubleshooting capability. The log bucket must be upgraded to Log Analytics for SQL-based queries. Reference: https://cloud.google.com/logging/docs/export/aggregated_sinks
GCP PSOE,"You are analyzing VPC Flow Logs in BigQuery to identify potential port scanning activity originating from compromised VMs in your environment. The VPC Flow Logs contain the 5-tuple connection data (source IP, destination IP, source port, destination port, and protocol). Which query approach best identifies port scanning behavior?",Query for flows with unusually high byte counts to identify data exfiltration attempts from compromised systems.,Query for source IPs with connections to many distinct destination port numbers across multiple destination IPs within a short time interval.,Query for connections where the source port is in the well-known ports range (1-1024) to identify suspicious outbound services.,Query for destination IPs receiving traffic from multiple source IPs on the same destination port to identify targeted services.,2,Port scanning is characterized by a single source attempting connections to numerous destination ports across multiple targets. Querying for high counts of distinct destination ports per source IP is the standard detection method. Reference: https://cloud.google.com/vpc/docs/flow-logs
GCP PSOE,Your organization needs to analyze which users have access to Cloud Storage buckets containing sensitive data across multiple projects. You want to search for all IAM policies that grant the storage.admin role to users with external email domains. Which Cloud Asset Inventory API method should you use?,Use ExportAssets with IAM_POLICY content type to BigQuery and run SQL queries to identify the matching policies.,Use SearchAllIamPolicies with a query filtering by role and principal domain to find matching IAM policies across the organization scope.,Use ListAssets with the IAM_POLICY content type and filter the results programmatically for storage.admin roles.,Use AnalyzeIamPolicy to determine effective access permissions for all users on storage buckets across the organization.,2,"The SearchAllIamPolicies API allows you to search for IAM allow policies across projects, folders, or organizations using query filters. You can filter by role (roles/storage.admin) and principal patterns to identify policies granting specific access to external users. Reference: https://cloud.google.com/asset-inventory/docs/search-allow-policies"
GCP PSOE,"Your security team wants to ingest Cloud Identity audit logs into Google Security Operations (SecOps) to establish user behavior baselines and detect identity-based threats. Before configuring the feed in Google SecOps, what prerequisite must be completed in the Google Admin console?",Enable sharing Google Workspace data with Google Cloud services in the Admin console under Legal and Compliance settings,Configure a service account with the Chronicle API Editor role in the Google Cloud project,Create an aggregated log sink at the organization level to route Cloud Identity logs to Google SecOps,Enable Data Access audit logs for the Cloud Identity service in IAM Audit Logs configuration,1,"To access Cloud Identity and Google Workspace audit logs in Google Cloud (and subsequently ingest them into Google SecOps), you must first enable data sharing from your Google Workspace, Cloud Identity, or Google Drive Enterprise account. This is configured in the Admin console's Legal and Compliance section to share data with Google Cloud services. Reference: https://cloud.google.com/logging/docs/audit/configure-gsuite-audit-logs"
GCP PSOE,A security analyst needs to investigate what Cloud Storage buckets existed in your organization 30 days ago and compare them to the current inventory. The analyst wants to understand which buckets were deleted during this period. How should the analyst accomplish this using Cloud Asset Inventory?,Query the Security Command Center Assets page with a date filter set to 30 days ago to view the historical bucket inventory.,Configure a Cloud Asset Inventory feed to monitor Cloud Storage bucket deletions and query the historical feed messages in Pub/Sub.,"Use the gcloud asset list command with the --snapshot-time flag to retrieve the asset inventory from 30 days ago, then compare it with the current inventory.",Export the current asset inventory to BigQuery and use the built-in asset deletion history table to identify removed buckets.,3,"Cloud Asset Inventory maintains up to 35 days of asset history. The --snapshot-time flag allows you to retrieve a point-in-time snapshot of your assets from any time within this window. By comparing the historical snapshot with current inventory, you can identify deleted resources. Reference: https://cloud.google.com/asset-inventory/docs/list-assets"
GCP PSOE,Your organization uses Security Command Center Premium and wants to prioritize vulnerability remediation based on exploitability data. You need to identify which vulnerabilities have the highest risk of being exploited by threat actors. Which Security Command Center feature should you use?,Use the CVE exploitability and impact assessments provided by Mandiant Threat Intelligence on the Vulnerabilities dashboard to identify high-risk findings.,Create custom Security Health Analytics detectors that assign severity based on CVSS scores from the National Vulnerability Database.,Configure Event Threat Detection to scan for CVE exploitation attempts and correlate with existing vulnerability findings.,Export all vulnerability findings to Google Security Operations and use Applied Threat Intelligence to score each CVE.,1,"Security Command Center enriches vulnerability findings with CVE information including exploitability and impact assessments provided by Mandiant. The Top Common Vulnerabilities and Exploits heatmap on the Vulnerabilities dashboard summarizes findings by exploitability and impact, helping prioritize remediation of the most exploitable vulnerabilities. Reference: https://cloud.google.com/security-command-center/docs/vulnerabilities-prioritize-remediation"
GCP PSOE,"You have deployed a Cloud Function that automatically disables overly permissive firewall rules when Security Command Center detects OPEN_FIREWALL findings. The function is triggered by a Pub/Sub subscription receiving notifications from SCC. After testing, you notice that the notifications are not being published to the Pub/Sub topic. What is the most likely cause of this issue?",The Cloud Function does not have permission to invoke the Security Command Center API to acknowledge findings.,The SCC notification service account has not been granted the required role to publish messages to the Pub/Sub topic.,The NotificationConfig filter syntax is invalid and causing the SCC API to reject all finding exports.,"Security Health Analytics is not enabled, so no OPEN_FIREWALL findings are being generated by SCC.",2,"When you create a NotificationConfig, Security Command Center creates a service account in the format service-org-ORGANIZATION_ID@gcp-sa-scc-notification.iam.gserviceaccount.com. This service account needs the securitycenter.notificationServiceAgent role on the Pub/Sub topic to publish notifications. If this role was removed or not properly granted, notifications will fail to publish. Reference: https://cloud.google.com/security-command-center/docs/how-to-notifications"
GCP PSOE,Your organization receives threat intelligence updates from multiple external sources via a centralized Pub/Sub topic. You need to design a Cloud Function that processes these updates and automatically initiates threat hunting queries against historical data in Google SecOps. The function may receive duplicate messages due to at-least-once delivery guarantees. What design principle should you implement in your Cloud Function?,Configure the Pub/Sub subscription to use exactly-once processing mode to eliminate duplicate messages before they reach the Cloud Function.,Set the acknowledgment deadline to the maximum value of 600 seconds to reduce the chance of Pub/Sub redelivering messages while the function is still processing.,Implement a message deduplication layer using Cloud Memorystore to cache all processed messages indefinitely and reject any message that has been seen before.,Design the function to be idempotent by using unique message identifiers to track processed threat intelligence updates and skip duplicates.,4,"At-least-once delivery means your event handler might receive duplicate events. It is a best practice to design handlers to be idempotent, meaning processing the same message multiple times produces the same result as processing it once. Reference: https://cloud.google.com/eventarc/docs/retry-events"
GCP PSOE,Your security team is building an automated threat hunting workflow using Cloud Functions triggered by Pub/Sub messages containing threat intelligence updates. The Cloud Function needs to query Google SecOps APIs to search for IOCs in historical logs. You want to configure the appropriate IAM permissions following security best practices. What should you do?,Configure the Cloud Functions Service Agent service account with the Google SecOps Viewer role and use it as the runtime service account for the threat hunting function.,"Create a dedicated service account with limited permissions, grant it the Cloud Run Invoker role for the function trigger, and grant the necessary Google SecOps API permissions for the function's runtime service account.","Grant the allUsers principal the Cloud Functions Invoker role on the function to allow Pub/Sub to trigger it, and use Secret Manager to store API credentials accessed by the function.","Use the Compute Engine default service account for both the Eventarc trigger and the function runtime, and grant it the Editor role on the project to ensure all operations succeed.",2,"For production environments you should create a dedicated service account following the principle of least privilege. The Eventarc trigger's service account needs permission to invoke the function, while the runtime service account needs permissions to access Google SecOps APIs. Reference: https://cloud.google.com/functions/docs/securing/managing-access-iam"
GCP PSOE,Your organization uses Security Command Center Enterprise and has integrated it with Jira for ticket tracking. Cases opened before the Jira integration was configured do not have associated tickets. You need to create tickets for these existing cases to ensure all findings are tracked in Jira. What is the recommended approach?,Delete and reinstall the SCC Enterprise – Cloud Orchestration and Remediation use case to force ticket creation.,Export all findings to CSV and bulk import them into Jira using the Jira API.,Manually add the Posture Findings With Jira playbook to an alert in each existing case that requires a ticket.,Reconfigure the Jira integration and enable the 'Retroactive Ticket Creation' option in connector settings.,3,"Security Command Center automatically creates tickets only for cases opened after the ticketing system integration is configured. For pre-existing cases, you must manually add the appropriate playbook (such as Posture Findings With Jira) to an alert within the case. Adding the playbook to a single alert is sufficient to create a ticket and trigger data synchronization. Reference: https://cloud.google.com/security-command-center/docs/integrate-ticketing-systems"
GCP PSOE,Your organization wants to detect when more than 100 failed SSH login attempts occur across all Compute Engine instances within a 15-minute window. The solution must aggregate events across instances and alert based on the total count. Which approach should you use?,Configure a distribution metric to track the statistical distribution of SSH login failures and alert on the 95th percentile.,Create a log-based alerting policy with a filter for failed SSH logins and configure the time between notifications to 15 minutes.,Create a SQL-based alerting policy in Log Analytics with a query that counts failed SSH attempts within the lookback window and triggers when the count exceeds 100.,Create a counter metric for failed SSH logins with a rolling window of 15 minutes and configure an alerting policy with a threshold of 100.,3,SQL-based alerting policies are designed to monitor aggregations of data and complex patterns across multiple log entries. You can write a SQL query that aggregates failed SSH attempts across all instances and configure the condition to trigger when the count exceeds the threshold. The schedule defines the lookback window. Reference: https://cloud.google.com/logging/docs/analyze/sql-in-alerting
GCP PSOE,"Your organization has activated Security Command Center at the project level with the Premium tier. The security team wants to use Event Threat Detection to monitor Google Workspace logs for suspicious login activity. However, they notice that no Google Workspace-related findings are being generated. What is the most likely cause of this issue?",The Data Access audit logs required for Google Workspace integration have not been enabled in Cloud Logging for the project.,The Google Workspace Admin Console requires additional API permissions to share logs with Security Command Center at the project level.,"Event Threat Detection can only scan Google Workspace logs when Security Command Center is activated at the organization level, not at the project level.",The Event Threat Detection service needs to be manually enabled in the Security Command Center Services settings after Premium activation.,3,"Event Threat Detection monitors Google Workspace logs only when Security Command Center is activated at the organization level. Google Workspace logs are at the organization level, so Event Threat Detection cannot scan these logs with project-level activations. Reference: https://cloud.google.com/security-command-center/docs/concepts-event-threat-detection-overview"
GCP PSOE,Your detection engineering team is designing a detection strategy to identify when attackers are exploiting vulnerabilities discovered by Web Security Scanner. You need to prioritize which Web Security Scanner finding types should trigger automated incident response workflows based on their potential for active exploitation. Which finding type should be given the highest priority for automated threat hunting correlation?,"MISSPELLED_SECURITY_HEADER_NAME findings, because they indicate configuration issues that could be exploited by attackers.","SQL_INJECTION findings, because attackers can use this vulnerability to exfiltrate data from the database and potentially modify data.","MIXED_CONTENT findings, because they allow man-in-the-middle attacks on HTTPS pages.","CACHEABLE_PASSWORD_INPUT findings, because they expose user credentials to browser caching.",2,"SQL injection is one of the most dangerous vulnerabilities that allows attackers to create inputs that manipulate the query structure of the underlying SQL query, enabling data exfiltration and modification. This directly impacts data integrity and confidentiality, warranting highest priority for threat hunting correlation. Reference: https://cloud.google.com/security-command-center/docs/how-to-remediate-web-security-scanner-findings"
GCP PSOE,"Your security team has created multiple playbooks in Google Security Operations SOAR that share a common workflow for approving analyst access to sensitive remediation actions. Updates to this workflow require editing each playbook individually, increasing maintenance overhead. You want to implement a solution that allows centralized management of this shared workflow while enabling customization per playbook instance. What should you do?",Create a playbook block with configurable input parameters and insert it into each parent playbook.,Duplicate the approval workflow in each playbook and use environment groups to sync changes automatically across playbooks.,Export the playbook as a ZIP file and reimport it whenever the workflow needs to be updated in other playbooks.,Create a master playbook with the approval workflow and configure triggers to call it from other playbooks using API webhooks.,1,Playbook blocks are reusable mini-playbooks that let you implement common workflows across multiple playbooks. Any edit or change to a block automatically affects all playbooks that incorporate it. You can configure input parameter fields in blocks to adjust their internal flow of actions when used in different playbooks. Reference: https://cloud.google.com/chronicle/docs/soar/respond/working-with-playbooks/working-with-playbook-blocks
GCP PSOE,You are configuring an Event Threat Detection custom module to detect connections to malicious IP addresses from your organization's threat intelligence feed. The custom module needs to generate high-severity findings with specific remediation guidance. Which components must you include in the JSON template configuration?,A rules section defining YARA-L detection logic and an indicators array with IP addresses and confidence scores.,A sources section specifying which logs to scan and a threatIntel section with the indicator list.,"A metadata section with severity, description, and recommendation fields, and an ips array containing the IP addresses or CIDR ranges.",A detection section with regular expressions for IP matching and a findings section defining the output format.,3,"The custom module JSON template requires a metadata section that defines severity (LOW, MEDIUM, HIGH, or CRITICAL), a description, and a recommendation for remediation steps. The ips array parameter specifies the IP addresses or CIDR ranges that trigger findings when detected in logs. Reference: https://cloud.google.com/security-command-center/docs/use-custom-modules-etd"
GCP PSOE,You are implementing security log analytics for your organization and need to run SQL queries from the Community Security Analytics (CSA) project to detect privilege escalation attempts and defense evasion tactics. Your log bucket contains Admin Activity audit logs that are already being collected. What additional configuration is required before you can use Log Analytics to run these queries?,Configure an aggregated log sink at the organization level.,Enable Data Access audit logs organization-wide.,Upgrade the log bucket to use Log Analytics.,Create a linked BigQuery dataset for the log bucket.,3,"Before you can use Log Analytics to run SQL queries on logs, the log bucket must be upgraded to use Log Analytics. Admin Activity audit logs are enabled by default, but the log bucket that stores them needs to be upgraded to support SQL-based analysis. Reference: https://cloud.google.com/logging/docs/log-analytics"
GCP PSOE,You are performing threat hunting in Google Security Operations (SecOps) and want to identify domains accessed by your users that have low prevalence in your environment. You understand that low prevalence domains may indicate suspicious activity such as command and control communication. How should you implement detection logic to identify access to domains with unusually low prevalence scores?,Create a YARA-L detection rule that queries prevalence-related enriched fields stored in entity context and applies a threshold to identify low prevalence domain access.,Use UDM search with the prevalence filter to create a dashboard that monitors domain access patterns and generates automated alerts.,Configure VirusTotal integration to calculate domain prevalence scores in real-time and trigger alerts when scores fall below a configured threshold.,Enable Applied Threat Intelligence curated rules to automatically detect and alert on low prevalence domain access patterns.,1,Google SecOps calculates prevalence statistics for entities including domains and stores them in entity-context records. YARA-L rules can query against this enriched data to detect access to low prevalence domains. Prevalence is defined by the number of assets accessing an artifact. Reference: https://cloud.google.com/chronicle/docs/detection/use-enriched-data-in-rules
GCP PSOE,You are performing threat hunting in your Google Cloud environment to identify potential lateral movement by analyzing VPC Flow Logs exported to BigQuery. You need to detect a single internal host that is connecting to many unique destination IP addresses on the same sensitive port within a short time window. Which BigQuery SQL query approach should you use to most effectively identify this port scanning behavior?,"Count distinct destination IP addresses grouped by source IP and destination port, then filter results where the count exceeds a defined threshold within a time window.",Count total bytes transferred per source IP and filter for results exceeding a data volume threshold over the past 24 hours.,Filter VPC Flow Logs for all rejected connections and count by destination IP to identify blocked lateral movement attempts.,Query for flows where packets_sent equals zero and destination port is below 1024 to identify incomplete connection attempts to well-known ports.,1,"This approach identifies hosts that attempt connections to multiple unique destinations on the same port, which is a key indicator of port scanning behavior preceding lateral movement. Grouping by source IP and destination port while counting distinct destination IPs allows you to set a threshold for anomalous scanning activity. Reference: https://cloud.google.com/architecture/security-log-analytics"
GCP PSOE,You are configuring Event Threat Detection for your organization and need to ensure detections cover malware-related network activity. Your organization already has Cloud DNS logging enabled. Your security architect asks whether you need to enable VPC Flow Logs. What is the most cost-effective recommendation?,Cloud DNS logs are sufficient for network detection of malware for most users; enable VPC Flow Logs only if you need visibility beyond domain resolution.,Enable VPC Flow Logs immediately with default settings to ensure comprehensive network visibility for threat detection.,Enable VPC Flow Logs with a 1-minute aggregation interval and 100% sample rate for maximum detection accuracy.,Disable Cloud DNS logging and enable only VPC Flow Logs because they provide more comprehensive network telemetry for Event Threat Detection.,1,"Event Threat Detection can detect malware using domain resolution with Cloud DNS logs, which is sufficient for most users. VPC Flow Logs provide additional visibility but incur costs, so they should only be enabled if additional network-level visibility is required beyond DNS. Reference: https://cloud.google.com/security-command-center/docs/concepts-event-threat-detection-overview"
GCP PSOE,Your organization has integrated Security Command Center Enterprise with Jira for case management. The default Posture Findings - Generic playbook is currently enabled. What should you do to ensure proper ticket creation and bidirectional synchronization between cases and Jira issues?,Create a custom playbook that uses the Jira API to export finding data and bypass the built-in ticketing integration.,Keep both the Posture Findings - Generic playbook and the Posture Findings With Jira playbook enabled to ensure redundancy in case processing.,Disable the Posture Findings - Generic playbook and enable the Posture Findings With Jira playbook in the Security Operations console.,Configure the Google Security Command Center - Findings Connector to write findings directly to Jira without using playbooks.,3,"When integrating with Jira, you must disable the Posture Findings - Generic playbook and enable the Posture Findings With Jira playbook instead. This specialized playbook validates that resource owner email addresses are assignable in Jira and handles ticket creation and synchronization properly. Reference: https://cloud.google.com/security-command-center/docs/playbooks-overview"
GCP PSOE,"You are developing a new Google Security Operations (SecOps) SOAR playbook to automate phishing response. Before deploying to production, you need to test the playbook against different scenarios without impacting live cases or making unnecessary API calls to third-party services. What should you do?","Disable the playbook, run it manually against production cases, and monitor the results in the case wall.",Deploy the playbook to production with all actions set to manual mode and have analysts execute each step individually to verify correctness.,"Enable the Playbook Simulator, ingest an alert as a test case, and use Pin Results to prevent steps from executing repeatedly against third-party APIs during testing.","Export the playbook to a separate staging environment, create duplicate integrations, and test with live alerts from production connectors.",3,"The Playbook Simulator provides a streamlined approach to test playbooks in a pre-production environment without impacting live data. Using Pin Results saves time by preventing steps from running repeatedly against third-party APIs, and test cases do not influence regular cases. Reference: https://cloud.google.com/chronicle/docs/soar/respond/working-with-playbooks/working-with-playbook-simulator"
GCP PSOE,Your organization requires automated weekly compliance reports that analyze Cloud Audit Logs across 50 Google Cloud projects for regulatory requirements. The reports must join log data with business context from existing BigQuery tables. You want to implement this with minimal operational overhead and cost efficiency. What should you do?,"Create an aggregated sink at the organization level to route audit logs to a log bucket with Log Analytics enabled, create a linked BigQuery dataset, and use BigQuery scheduled queries to generate weekly reports.","Use the Logs Explorer to manually export audit logs from each project to Cloud Storage monthly, load them into BigQuery using batch jobs, and create views for compliance analysis.","Configure a separate log sink in each of the 50 projects to route audit logs directly to a BigQuery dataset, and use Cloud Scheduler to trigger a Cloud Function that runs compliance queries.",Configure aggregated sinks to route logs directly to a BigQuery linked dataset at the organization level and use Log Analytics SQL queries for reporting.,1,"This approach allows centralized log collection via aggregated sinks, enables SQL-based analysis through the linked dataset, supports joining log data with other BigQuery tables, and provides automated report generation via scheduled queries. Linked datasets avoid duplicate BigQuery ingestion costs while enabling full BigQuery capabilities. Reference: https://cloud.google.com/logging/docs/analyze/query-linked-dataset"
GCP PSOE,"You are configuring Cloud Asset Inventory to support your security operations requirements. Your team needs to retrieve comprehensive metadata about Compute Engine instances including their resource configurations, associated IAM policies, and organizational hierarchy. What content types should you specify when querying Cloud Asset Inventory?",Specify ACCESS_POLICY content type to retrieve both resource configurations and IAM policies in a single query.,"Specify only the default content type, which automatically includes all available metadata types for comprehensive results.",Specify RESOURCE content type to get configuration data and IAM_POLICY content type to get associated IAM bindings.,Specify RELATIONSHIP content type to retrieve all associated metadata including configurations and policies.,3,"The RESOURCE content type returns detailed resource configuration metadata, and the IAM_POLICY content type returns IAM bindings on the assets. These two content types together provide comprehensive metadata about resource configurations and access policies. Organizational hierarchy is included in the ancestors field. Reference: https://cloud.google.com/asset-inventory/docs/asset-inventory-overview"
GCP PSOE,"Your organization wants to use Log Analytics to run SQL queries against Cloud Audit Logs for security analysis. When you navigate to the Log Analytics page and attempt to query the _Default bucket, you receive an error indicating the log view cannot be queried. What is the most likely cause and how should you resolve it?",The _Default log bucket has not been upgraded to use Log Analytics. You should upgrade the bucket from the Logs Storage page by clicking Upgrade.,You do not have the Observability Analytics User IAM role. You should request this role to query analytics views in Log Analytics.,The audit logs were excluded by a log sink exclusion filter. You should modify the sink to remove the exclusion filter for audit logs.,The log bucket has field-level access controls configured. You should remove all field-level access controls from the bucket to enable Log Analytics queries.,1,"To query logs using SQL in Log Analytics, the log bucket must first be upgraded to use Log Analytics. When a bucket is not upgraded, the Log Analytics available column shows 'Upgrade' instead of 'Open'. Log entries written before upgrade become available after a backfill process. Reference: https://cloud.google.com/logging/docs/buckets"
GCP PSOE,"Your organization uses Security Command Center Enterprise tier and wants to prioritize remediation efforts on security issues that pose the greatest risk to critical business applications. You notice that individual misconfigurations exist across multiple resources, but some combinations of these issues create potential attack paths to high-value resources. You need to identify these high-risk scenarios efficiently. Which Security Command Center capability should you use?",Use Security Health Analytics compliance reports to identify resources that fail multiple compliance controls simultaneously.,Filter Security Health Analytics findings by CRITICAL severity and sort by creation time to prioritize the newest high-severity misconfigurations.,Review toxic combination findings generated by Risk Engine on the Issues page to identify groups of security issues that create attack paths to high-value resources.,Create a custom dashboard in Looker Studio that aggregates findings by resource to identify resources with multiple security issues.,3,"Risk Engine uses virtual red teaming to detect toxic combinations, which are groups of security issues that together create potential attack paths to high-value resources. Toxic combination findings include attack exposure scores that help prioritize remediation based on actual risk to critical assets. Reference: https://cloud.google.com/security-command-center/docs/toxic-combinations-overview"
GCP PSOE,Your organization has Security Command Center Enterprise with Google SecOps enabled. The Applied Threat Intelligence feature has generated alerts for IOC matches categorized as 'Active Breach' priority. You need to understand what criteria determines this priority level. What characterizes the 'Active Breach' priority classification?,Indicators associated with commodity malware that have low prevalence in the environment.,Indicators identified by Mandiant threat intelligence as being associated with threat actors but not observed in active investigations.,Indicators with an IC-Score below 80 that require manual review before prioritization.,Indicators that were observed in Mandiant investigations associated with active or past compromises.,4,The Active Breach priority model specifically prioritizes indicators that have been observed in Mandiant investigations associated with active or past compromises. This represents the highest priority level in the ATI prioritization framework. Reference: https://cloud.google.com/chronicle/docs/detection/ati-prioritization
GCP PSOE,You are implementing sensitive data discovery and notice that Cloud DLP calculates both sensitivity level and data risk level for profiled BigQuery tables. A table has been assigned a High sensitivity level but a Low data risk level. What does this indicate about the table?,The table contains low-sensitivity data that has been incorrectly classified due to false positive detections by the infoType detectors.,"The table was previously high-risk but has been remediated, and the sensitivity level will update to Low in the next scan cycle.","The table contains encrypted data that DLP cannot inspect, resulting in a high sensitivity assumption but low actual risk.","The table contains high-sensitivity data such as PII, but access controls are in place that restrict data exposure.",4,"Data risk level considers both the sensitivity level of the data and the presence of access controls. A High sensitivity with Low data risk indicates that while sensitive data is present, access controls have been implemented to protect it. Reference: https://cloud.google.com/dlp/docs/sensitivity-risk-calculation"
GCP PSOE,Your security operations team has received new threat intelligence about a malware campaign that uses specific file hashes. You need to determine if any assets in your organization have executed files matching these IOCs during the past 90 days. Your organization uses Google Security Operations (SecOps) with Applied Threat Intelligence enabled. What should you do?,Configure an automatic IOC feed with the file hashes and wait for alerts to generate as the feed correlates with incoming events.,Use the VirusTotal v3 Search IOCs action to query for the file hashes and manually correlate results with asset logs.,Create a YARA-L detection rule matching the file hashes and execute a retrohunt against historical event data.,Export historical logs to BigQuery and run SQL queries to search for the file hashes across all tables.,3,Retrohunt allows you to run a detection rule against existing historical data in Google SecOps to find matches for IOCs such as file hashes that may have been present before they were identified as malicious. This is the standard approach for proactive threat hunting with newly identified indicators. Reference: https://cloud.google.com/chronicle/docs/detection/run-rule-historical-data
GCP PSOE,Your security team needs to route all Cloud Audit Logs from across your organization to a centralized Cloud Storage bucket for seven-year regulatory compliance. You want to ensure logs from all current and future projects are captured without manually configuring each project. What should you do?,Create a project-level sink in each existing project and configure a Cloud Function to automatically create sinks in new projects.,Configure the _Default sink in each project to route logs to the centralized Cloud Storage bucket.,Create an organization-level aggregated sink with the --include-children flag that routes to the Cloud Storage bucket destination.,Create a folder-level sink for each folder in the organization hierarchy to route audit logs to Cloud Storage.,3,Aggregated sinks at the organization level with the --include-children flag route log entries from all child resources (projects and folders) to a centralized destination. This approach ensures both current and future projects are covered automatically. Reference: https://cloud.google.com/logging/docs/export/aggregated_sinks
GCP PSOE,Your organization is using Security Command Center Premium with Event Threat Detection enabled. You notice that certain threat detections related to data access activities are not being generated. You want to ensure that Event Threat Detection can scan all relevant logs for comprehensive threat coverage. What should you do?,Upgrade to the Security Command Center Enterprise tier to enable advanced Data Access detection capabilities.,Enable Data Access audit logs for the Google Cloud services that you want Event Threat Detection to monitor.,Create custom detection rules in Event Threat Detection to explicitly capture data access activities.,Configure VPC Flow Logs and enable Private Google Access to capture data access patterns for Event Threat Detection.,2,"Event Threat Detection relies on logs generated by Google Cloud, and while Admin Activity audit logs are always on, most Data Access audit logs are off by default and must be explicitly enabled. Some Event Threat Detection rules require Data Access logs to detect certain types of threats. Reference: https://cloud.google.com/security-command-center/docs/optimize-security-command-center"
GCP PSOE,"Your organization's SOC processes alerts from multiple detection tools. You need to configure Google Security Operations (SecOps) SOAR to automatically group related alerts into cases based on shared entities like IP addresses and user accounts, while ensuring that no case contains more than 30 alerts and that grouping only occurs within a 6-hour window. What should you do?",Configure the connector to pre-group alerts before ingestion using a source grouping identifier from the originating detection tool.,Create a custom playbook that monitors incoming alerts and uses the Merge Cases action to combine related alerts based on entity matching logic.,"Configure alert grouping rules in SOAR Settings > Advanced > Alerts Grouping, setting the maximum alerts per case to 30 and the timeframe to 6 hours with Group By set to Entities.",Enable the ontology rules to automatically create cases with entity-based relationships and set retention limits in the data management settings.,3,The alert grouping mechanism groups alerts into cases based on shared entities within configurable parameters. You can set the maximum alerts per case and the timeframe for grouping in the General section of SOAR Settings > Advanced > Alerts Grouping. Reference: https://cloud.google.com/chronicle/docs/soar/investigate/working-with-alerts/alert-grouping-mechanism-admin
GCP PSOE,Your security team needs to configure VPC Flow Logs to support threat hunting activities focused on detecting lateral movement between VMs in your Google Cloud environment. You want to ensure flow logs capture the essential connection data while minimizing storage costs. Which VPC Flow Logs configuration parameters should you prioritize for threat hunting efficiency?,Enable VPC Flow Logs only at the organization level with default settings to ensure consistent coverage without per-subnet configuration overhead.,"Enable metadata annotations, set a 5-second aggregation interval, and configure a secondary sampling rate of 100% for subnets containing sensitive workloads.","Disable metadata annotations, set a 15-minute aggregation interval, and use a 10% secondary sampling rate to reduce log volume across all subnets.","Configure custom metadata to include only src_vpc and dest_vpc fields, set a 1-minute aggregation interval, and use a 50% secondary sampling rate.",2,"Metadata annotations provide crucial context about source and destination VMs, projects, and networks needed for threat investigation. The 5-second default aggregation interval provides near real-time visibility essential for detecting active lateral movement. A 100% secondary sampling rate ensures all flow log entries are captured for critical subnets. Reference: https://cloud.google.com/vpc/docs/flow-logs"
GCP PSOE,Your security operations team must export forensic evidence logs to Cloud Storage for a legal investigation with a 7-year mandatory retention requirement. The evidence must be tamper-proof and cannot be deleted even by project owners. What configuration should you implement?,Configure a log sink to Cloud Storage with JSON export format and apply temporary holds to each exported log file.,"Create a Cloud Storage bucket, enable Object Versioning, and configure lifecycle rules to prevent deletion for 7 years.",Create a Cloud Storage bucket with Object Retention Lock enabled in governance mode with a 7-year retain-until time.,Create a Cloud Storage bucket with a 7-year retention policy and permanently lock the retention policy using the Bucket Lock feature.,4,"Bucket Lock with a locked retention policy provides WORM (Write-Once-Read-Many) storage, ensuring objects cannot be deleted or replaced until they meet the retention period. Once locked, the retention policy cannot be removed or reduced, providing tamper-proof evidence storage even from project owners. Reference: https://cloud.google.com/storage/docs/bucket-lock"
GCP PSOE,Your security team wants to implement an automated incident response workflow that sends Slack notifications when Security Command Center detects a cryptomining threat. You need to design the most efficient architecture using Google Cloud services. What should you do?,"Set up a BigQuery export of all SCC findings, then use a scheduled Cloud Run function to query BigQuery for new cryptomining detections and send Slack notifications for any new results.","Deploy a Cloud Run function with an HTTP endpoint that polls the SCC API every minute for new cryptomining findings, then sends Slack notifications when new findings are discovered.","Configure Event Threat Detection to write cryptomining findings directly to Cloud Logging, then create a log-based alert that triggers a Cloud Monitoring notification channel connected to Slack.","Create a SCC notification configuration filtered for cryptomining findings that publishes to a Pub/Sub topic, then deploy a Cloud Run function triggered by Pub/Sub that formats the finding data and posts to the Slack webhook API.",4,This architecture follows Google's recommended pattern for real-time SCC notifications. The SCC notification config filters for specific finding types and publishes to Pub/Sub within minutes of detection. Cloud Run functions provide a serverless way to process the messages and integrate with external systems like Slack. This is documented in Google's guide for enabling real-time email and chat notifications. Reference: https://cloud.google.com/security-command-center/docs/how-to-enable-real-time-notifications
GCP PSOE,You are developing a YARA-L detection rule in Google Security Operations (SecOps) that should alert when network connections are made to IP addresses on a known malicious CIDR block list. The list contains both IPv4 and IPv6 CIDR ranges and is updated weekly by your threat intelligence team. You need to implement this rule efficiently. What should you do?,"Create a REGEX-type reference list with regex patterns matching the IP ranges, and use the 'in regex' operator in the events section.",Define the CIDR ranges directly in the YARA-L rule using multiple OR conditions with net.ip_in_range_cidr() function calls for each range.,"Create a CIDR-type reference list containing the IP ranges, and use the 'in cidr' operator in your YARA-L rule to match target IP addresses against the list.","Create a STRING-type reference list with individual IP addresses extracted from each CIDR range, and use the 'in' operator to match against target.ip.",3,"CIDR-type reference lists in Google SecOps support both IPv4 and IPv6 ranges and are designed for efficient IP range matching. The 'in cidr' operator enables rules to check if an IP address falls within any range in the list, and reference lists can be updated independently without modifying the rule. Reference: https://cloud.google.com/chronicle/docs/reference/reference-lists"
GCP PSOE,Your security team needs to detect and receive notifications when a specific IAM policy change occurs in Cloud Audit Logs. The notification must include the principal who made the change and the affected resource from the log entry. Which alerting approach should you use?,Create a SQL-based alerting policy to query the audit logs and return the principal and resource as columns in the result set.,"Export the logs to BigQuery using a sink, then use BigQuery scheduled queries with Cloud Functions to send email notifications when matches occur.",Create a log-based alerting policy in Cloud Logging with label extractors to capture the principal and resource information from the log entry.,"Create a user-defined counter metric filtered on IAM policy changes, then configure an alerting policy based on this metric to trigger notifications.",3,"Log-based alerting policies can extract data from log entries using label extractors. When you create a log-based alerting policy, you can specify label extractors that capture specific fields from matching log entries, which are then included in the notification. This approach directly addresses the requirement to include specific log entry data in notifications. Reference: https://cloud.google.com/logging/docs/alerting/log-based-alerts"
GCP PSOE,Your security operations team wants to monitor for anomalous spikes in API error rates that might indicate a security incident such as credential stuffing or API abuse. They need to track the distribution of error response latencies over time and receive alerts when error rates exceed normal baselines. Which log-based metric type should you configure?,Create a boolean-type log-based metric to track whether errors occurred in each time period.,Create a distribution-type log-based metric that extracts latency values from error response log entries.,Configure a system-defined log-based metric using the built-in error_count metric.,Create a counter-type log-based metric that counts error log entries matching a severity filter.,2,"Distribution metrics accumulate numeric data from log entries and include count, mean, sum of squared deviations, and histogram buckets. This metric type is ideal for tracking latency distributions and detecting anomalies in response times during potential security incidents. Reference: https://cloud.google.com/logging/docs/logs-based-metrics"
GCP PSOE,You are a security administrator who needs to delegate organization policy management to team leads for their respective folders. You want to follow the principle of least privilege while allowing team leads to manage policies only within their assigned folders. What should you do?,Create a custom role with orgpolicy.policy.set permission and grant it at the folder level to each team lead.,Grant the Organization Policy Administrator role with an IAM condition scoped to a specific tag attached to the team lead's folder.,Grant the Organization Policy Administrator role at the organization level with instructions to only modify policies within their assigned folders.,"Grant the Folder Administrator role to the team leads on their respective folders, which includes organization policy permissions.",2,"You can delegate organization policy administration by adding IAM Conditions to the Organization Policy Administrator role binding. Using a tag-based condition allows you to control which folders a principal can manage organization policies for, enabling granular delegation without granting organization-wide permissions. Reference: https://cloud.google.com/resource-manager/docs/organization-policy/creating-managing-custom-constraints"
GCP PSOE,Your security team needs to detect unusual API usage patterns that might indicate privilege escalation or API abuse in your Google Cloud environment. They want to use Cloud Logging capabilities to analyze audit logs and identify principals whose daily API call volume significantly exceeds their historical baseline. Which approach should you use?,Use Logs Explorer to filter audit logs by principal and manually review the results to identify suspicious patterns.,Export audit logs to Cloud Storage and use Cloud Functions to parse the JSON files and calculate anomalies daily.,Upgrade your log bucket to use Log Analytics and run SQL queries that calculate the rolling average and standard deviation of API calls per principal to flag anomalous activity.,Configure log-based metrics in Cloud Monitoring to count API calls per principal and trigger alerts when the total count exceeds a fixed threshold.,3,"Log Analytics allows you to run SQL queries that can calculate aggregate functions like daily averages and standard deviations across audit logs. This statistical approach helps identify principals with unusually high API usage compared to their historical baseline, which could indicate API abuse or scanning attacks. Reference: https://cloud.google.com/logging/docs/analyze/analyze-audit-logs"
GCP PSOE,Your security team uses Google Security Operations (SecOps) and needs to create a custom dashboard to visualize detection trends over time grouped by severity. You want to use the most appropriate and supported method to build this visualization. What should you do?,Modify the default Main dashboard to add a custom detection severity chart using the dashboard editor.,Create a custom dashboard and add a chart using a YARA-L query with match and outcome sections to group detections by severity and date.,Configure a BigQuery scheduled query to aggregate detection data and visualize results in Data Studio.,Use Looker to create a new dashboard with a detection severity visualization and connect it to the SecOps instance.,2,"Google SecOps native dashboards are built using YARA-L 2.0 queries. To visualize detection trends over time grouped by severity, you create a YARA-L query with a match section to group by severity and date, and an outcome section to calculate metrics like count_distinct. This is the supported method for building dashboard visualizations. Reference: https://cloud.google.com/chronicle/docs/reports/native-dashboards"
GCP PSOE,You are planning containment procedures for your organization's incident response playbook. You need to pre-configure firewall rules that can be rapidly enabled during security incidents to isolate compromised workloads. The rules should not affect production traffic until explicitly activated. What should you do?,Create VPC Service Controls perimeters in dry run mode around all production projects and convert to enforced mode during incidents.,Configure hierarchical firewall policies at the organization level with goto_next actions that can be changed to deny actions during incidents.,"Create VPC firewall rules with high-priority deny actions targeting specific network tags reserved for containment, and keep them disabled until needed.",Create a global network firewall policy with containment rules at the lowest priority so they can be overridden by project-level rules if needed.,3,VPC firewall rules can be created in a disabled state and enabled when needed. Using high-priority values ensures they override other rules when activated. Targeting reserved network tags allows responders to isolate specific VMs by applying the containment tag during an incident without affecting other workloads. Reference: https://cloud.google.com/firewall/docs/using-firewalls