GCP PSOE,"Platform operations""Your SOC team has identified that multiple playbooks across different environments contain identical user notification and approval workflows. You want to centralize this workflow to improve maintenance efficiency and ensure that updates automatically propagate to all playbooks using this logic. What should you do?",Use environment groups to share a single playbook across multiple environments with environment-specific variable substitution.,Create a master playbook template and use the duplicate function to copy it to all environments when updates are needed.,"Create a playbook block with input parameters for customization and output values, then insert the block into parent playbooks.",Configure scheduled jobs that periodically sync playbook configurations across all environments using the SOAR API.,3,Playbook blocks are reusable mini-playbooks that let you implement common workflows across multiple playbooks. Any edit to a block automatically affects all playbooks that incorporate it. Blocks support input parameters for customization and can return output values to the parent playbook for conditional logic. Reference: https://cloud.google.com/chronicle/docs/soar/respond/working-with-playbooks/working-with-playbook-blocks
GCP PSOE,"Data management""You are creating a Cloud Logging sink to export VPC Flow Logs to BigQuery for network security analysis. After creating the sink, you receive an error indicating that log entries cannot be written to the BigQuery dataset. You have verified that the dataset exists and is not a linked dataset. What is the most likely cause and resolution for this error?","The sink filter syntax is invalid for VPC Flow Logs, causing the sink to reject all matching log entries. Update the filter to use the correct log name format.",The sink's writer identity service account does not have the BigQuery Data Editor role on the destination dataset. Grant the BigQuery Data Editor role to the service account.,The BigQuery dataset location does not match the Cloud Logging region where the logs originate. Create a new dataset in the matching region.,The BigQuery dataset is configured with customer-managed encryption keys (CMEK) that are incompatible with Cloud Logging. Disable CMEK on the dataset.,2,"When creating a sink to route logs to BigQuery, Logging creates a service account (writer identity) that requires the BigQuery Data Editor role to write log entries to the dataset. Without this permission, the sink cannot route logs to BigQuery. Reference: https://cloud.google.com/logging/docs/export/configure_export_v2"
GCP PSOE,Your organization recently activated Security Command Center Premium and wants to leverage asset discovery capabilities. You discover that the Security Command Center API asset methods are deprecated. What is the recommended approach to view and query assets in Security Command Center?,Configure a third-party Cloud Security Posture Management (CSPM) tool to discover and catalog assets independently of Security Command Center.,"Use Cloud Asset Inventory to query and manage assets, as SCC now uses Cloud Asset Inventory for asset discovery which operates automatically.",Enable asset discovery in the Security Command Center organization settings and continue using the Security Command Center API for asset queries.,"Deploy the SCC discovery client CLI on each project to scan and inventory assets, then aggregate results in a central database.",2,Security Command Center asset management operations have been migrated to Cloud Asset Inventory. Cloud Asset Inventory discovers assets automatically and serves as the source of asset data for Security Command Center. Organizations should use Cloud Asset Inventory APIs and tools for comprehensive asset management. Reference: https://cloud.google.com/security-command-center/docs/how-to-api-configure-asset-discovery
GCP PSOE,"Your organization recently enabled Security Command Center Premium tier. After one week, Security Health Analytics generates hundreds of findings daily, many of which are related to non-production environments where strict security controls are not required. You want to reduce alert fatigue for your security team while ensuring findings are still available for audit purposes. What should you do?",Configure continuous exports to Pub/Sub with filters that exclude non-production findings from being sent to your notification system.,Delete the non-production findings manually on a weekly basis to keep the findings list manageable.,Create dynamic mute rules with filters that specify the non-production projects or folders to automatically mute current and future findings for those environments.,Disable Security Health Analytics detectors for the non-production projects to stop generating findings entirely.,3,"Dynamic mute rules automatically mute findings matching your filter criteria while keeping them available for audit and compliance purposes. Muted findings are hidden by default but can be viewed by adding mute='MUTED' to queries, maintaining audit trails while reducing analyst workload. Reference: https://cloud.google.com/security-command-center/docs/how-to-mute-findings"
GCP PSOE,Your security team needs to write a YARA-L detection rule in Google Security Operations (SecOps) that triggers when a user performs sensitive actions while having an elevated risk score from established behavioral baselines. The rule must incorporate entity risk scores from the Risk Analytics feature. What is the correct approach to retrieve and use entity risk scores in a YARA-L rule?,Join an entity with a UDM event using the graph source qualifier and specify a risk window size of either 86400 seconds (24 hours) or 604800 seconds (7 days) in the rule.,Create an entity-only rule using the ENTITY_RISK_CHANGE event type without specifying any risk window parameters in the rule definition.,Configure custom risk score thresholds in the Settings page and reference those thresholds using reference lists in the YARA-L rule events section.,Query the entity context directly using the udm source qualifier and calculate risk scores dynamically within the outcome section of the rule.,1,"According to Google SecOps documentation, to retrieve an entity risk score you must join an entity with a UDM event and retrieve the specified field from EntityRisk. The only supported risk windows are 24 hours (86,400 seconds) or 7 days (604,800 seconds). Using inconsistent windows or omitting the risk window size leads to inaccurate results. Reference: https://cloud.google.com/chronicle/docs/detection/yara-l-entity-risk-score"
GCP PSOE,You are developing a threat hunting hypothesis in Google Security Operations (SecOps) to identify anomalous behavior by privileged users. You need to correlate user login events with entity context from Active Directory to identify when administrator accounts access systems outside their normal working hours. Which approach enables this context-aware detection?,Create a single-event detection rule that checks the principal.user.attribute.roles field within individual login events to identify administrator logins.,Use UDM Search to filter login events by timestamp and manually cross-reference each user against the Active Directory organizational unit export.,Export login events to BigQuery and join them with a manually uploaded Active Directory table to identify administrator accounts.,Create a YARA-L rule that joins UDM login events with entity context from the entity graph using a shared user identifier and filters on the ADMINISTRATOR role type.,4,"Google SecOps enriches entities with context from sources like Active Directory and stores this in the entity graph. Detection rules can join UDM events with entity context using the graph namespace to access attributes like user roles, enabling context-aware detections that consider organizational hierarchy and permissions. Reference: https://cloud.google.com/chronicle/docs/detection/context-aware-analytics"
GCP PSOE,You are planning to implement Event Threat Detection custom modules for your enterprise and need to understand the service limits. Your organization plans to create custom modules for detecting connections to multiple threat intelligence feeds with different IP address lists. What is the default quota limit for creating custom modules per organization?,500 custom modules per organization,100 custom modules per organization,200 custom modules per organization,50 custom modules per organization,3,"The default quota limit for creating Event Threat Detection custom modules is 200 per organization. Additionally, each custom module has a size limit of 6 MB, and there is a limit of 200 custom module findings per parent resource (organization or project) per hour. Reference: https://cloud.google.com/security-command-center/docs/custom-modules-etd-overview"
GCP PSOE,Your organization uses Security Command Center Premium and wants to implement automated remediation for security findings using Cloud Run functions. The function needs to modify IAM policies on affected resources when specific vulnerability findings are detected. Which IAM configuration follows the principle of least privilege for the Cloud Run function's service account?,Configure the Cloud Run function to use the Security Command Center service agent account since it already has access to findings and resources being monitored.,Assign the roles/securitycenter.admin role to the Cloud Run function service account so it can access all SCC findings and remediate any detected security issues.,Use the Compute Engine default service account with roles/editor assigned at the organization level to ensure the function can remediate any resource type across all projects.,"Create a dedicated service account with roles/storage.admin on specific buckets and roles/compute.securityAdmin on specific projects, then assign this service account to the Cloud Run function.",4,"Following the principle of least privilege, you should create a dedicated service account with only the specific permissions needed for remediation tasks. By scoping permissions to specific resources (buckets, projects) rather than organization-wide, you limit the potential blast radius if the service account is compromised. Reference: https://cloud.google.com/functions/docs/concepts/iam"
GCP PSOE,Your organization wants to test the impact of implementing stricter VPC Service Controls perimeters to protect sensitive projects before enforcing them as part of your security hardening initiative. You need to understand what traffic would be blocked without disrupting current operations. What should you do?,Create a duplicate test environment with identical configurations and implement the enforced perimeter there first.,Enable VPC Flow Logs on all subnets and analyze the traffic patterns to determine what communications would be blocked by the perimeter.,Configure the VPC Service Controls perimeter in dry run mode and analyze violation logs in Cloud Logging to identify requests that would be denied.,"Implement the enforced perimeter during a maintenance window and monitor for errors, then roll back if issues occur.",3,Dry run mode logs violations as though the perimeters are enforced but does not prevent access to restricted services. This allows you to understand the impact on existing workloads and identify necessary access level configurations before enforcement. Violation logs can be queried in Cloud Logging for analysis. Reference: https://cloud.google.com/vpc-service-controls/docs/dry-run-mode
GCP PSOE,You are hunting for evidence of data exfiltration attempts in your Google Cloud environment. You have enabled Data Access audit logs for BigQuery and stored them in a Cloud Logging bucket. You want to identify queries that accessed tables containing sensitive data and wrote results to external projects. What is the most effective method to analyze these logs?,Configure Event Threat Detection to automatically detect BigQuery data exfiltration by enabling the exfiltration detector module.,Export the audit logs to Cloud Storage and use Cloud Data Loss Prevention to scan the logs for sensitive data patterns.,Use the Logs Explorer with a filter for bigquery.googleapis.com/data_access and manually review each log entry for suspicious activity.,Use Log Analytics SQL queries to filter Data Access logs for BigQuery jobs where the destination table project differs from the source table project.,4,Log Analytics allows you to write SQL queries to analyze the structured fields in BigQuery audit logs. You can filter for InsertJob events and compare the source and destination project fields to identify cross-project data movements. The protoPayload.metadata fields contain detailed job configuration information for this analysis. Reference: https://cloud.google.com/logging/docs/analyze/query-and-view
GCP PSOE,"Your organization has enabled Applied Threat Intelligence (ATI) curated detections in Google Security Operations (SecOps). You receive an alert indicating an IOC match with 'Active Breach' priority. According to the ATI priority model, what does this priority level indicate about the matched indicator?",The indicator has a Malicious GTI Verdict and High GTI Severity but has low prevalence in the threat landscape.,The indicator is associated with threat actors or malware identified by Google Threat Intelligence but was not observed in active investigations.,"The indicator was blocked by security controls in other environments, suggesting it is a known commodity threat with broad targeting.",The indicator was observed by Mandiant in active or past compromises with a Malicious GTI Verdict and High GTI Severity.,4,"The Active Breach model in ATI prioritizes indicators that Mandiant observed in active or past compromise investigations. The model uses features including GTI Verdict (Malicious), GTI Severity (High), Active IR status, Prevalence, and Attribution to assign this highest priority level. Reference: https://cloud.google.com/chronicle/docs/detection/ati-prioritization"
GCP PSOE,"During an active security incident, your forensics team has collected evidence including disk images and exported logs into a Cloud Storage bucket. The legal department has informed you that a litigation hold is now in effect, requiring all collected evidence to be preserved indefinitely until further notice. The bucket already has a 90-day retention policy that is not locked. What should you do to comply with the litigation hold?",Increase the bucket's retention policy to 100 years and then lock the retention policy.,Lock the bucket's existing 90-day retention policy to make it permanent.,Apply a temporary hold to each object in the bucket that is subject to the litigation.,Create a new bucket with Object Retention Lock enabled and copy all evidence objects with locked retention configurations.,3,"Temporary holds prevent objects from being deleted regardless of their retention status or retention policy. Temporary holds remain in place until explicitly removed, making them ideal for litigation holds where the duration is unknown. When the litigation ends, the holds can be released without affecting the underlying retention policy. Reference: https://cloud.google.com/storage/docs/object-holds"
GCP PSOE,Your organization has received threat intelligence about a new malware campaign using specific IP addresses for command and control (C2) communication. You need to immediately check whether any assets in your environment have communicated with these IP addresses over the past 30 days using Google Security Operations (SecOps). What should you do?,"Use UDM Search with a query specifying the suspicious IP addresses in the target.ip or principal.ip fields, and set the time range to 30 days.",Export logs to BigQuery and run SQL queries to search for the IP addresses across all tables over the 30-day period.,Configure Applied Threat Intelligence (ATI) to add these IP addresses and wait for automatic IoC matching to identify historical communications.,Run a retrohunt using a YARA-L rule that monitors for real-time connections to the suspicious IP addresses from newly ingested logs.,1,UDM Search allows you to find events in your Google SecOps instance using YARA-L 2.0 syntax against indexed fields like IP addresses. This is the most direct method to search for communication with known malicious IPs across your historical data. Reference: https://cloud.google.com/chronicle/docs/investigation/udm-search
GCP PSOE,Your organization wants to establish an identity baseline in Google Security Operations (SecOps) to detect anomalous user login behavior. You need to ingest Cloud Identity audit logs that capture user sign-in events including failed logins and suspicious login attempts. Which Cloud Identity audit log type should you prioritize for ingestion?,Login Audit logs,OAuth Token Audit logs,Admin Audit logs,SAML Audit logs,1,Login Audit logs track user sign-ins to your domain and capture login events including Failed Login and Suspicious Login events. These events directly support establishing user authentication baselines for detecting anomalous login behavior. Reference: https://cloud.google.com/blog/products/identity-security/logs-based-security-alerting-in-google-cloud
GCP PSOE,"A project administrator reports that after an organization policy change was made 5 minutes ago, they can still create resources that should be restricted by the new policy. You need to determine why the policy is not yet effective. What is the most likely explanation?","The project administrator has the Organization Policy Administrator role, which exempts them from policy enforcement.",The project has a local organization policy that overrides the parent policy with inheritance disabled.,Organization policy changes can take up to 15 minutes to be fully enforced across all resources.,The organization policy was configured in dry-run mode instead of live enforcement mode.,3,"Changes to organization policies have an eventual consistency model and can take up to 15 minutes to propagate and be fully enforced. During this window, some operations that violate the new policy may still succeed. Reference: https://cloud.google.com/resource-manager/docs/organization-policy/using-constraints"
GCP PSOE,"Your security team needs to detect exploitation attempts targeting web vulnerabilities in your organization's App Engine, GKE, and Compute Engine web applications. You want to enable automated scanning that detects OWASP Top 10 vulnerabilities including cross-site scripting and SQL injection attacks. The solution must integrate with Security Command Center for centralized visibility. What should you do?",Enable Web Security Scanner managed scans in Security Command Center to automatically run weekly scans on public web endpoints and surface findings in the Vulnerabilities page.,Deploy Cloud Armor with preconfigured WAF rules to automatically generate Security Command Center findings when OWASP vulnerabilities are detected.,Enable Container Threat Detection to scan web application containers for cross-site scripting and SQL injection vulnerabilities during runtime.,Configure Event Threat Detection to monitor Cloud Logging streams and detect web application exploitation attempts based on HTTP request patterns.,1,"Web Security Scanner is a built-in Security Command Center service that identifies common vulnerabilities in App Engine, GKE, and Compute Engine web applications. Managed scans automatically run once each week to detect and scan public web endpoints and findings are automatically available in Security Command Center. Reference: https://cloud.google.com/security-command-center/docs/concepts-web-security-scanner-overview"
GCP PSOE,Your organization has Security Command Center Premium activated at the organization level. You create an Event Threat Detection custom module at the organization level to detect connections to threat actor infrastructure. A project team asks why the custom module is generating findings in their project even though they did not create it. What explains this behavior?,"Custom modules only generate findings at the organization level, so findings must have been manually assigned to the project.",Event Threat Detection custom modules must be explicitly enabled at each project level after creation at the organization level.,Custom modules created at the organization level are inherited by all descendant folders and projects and automatically scan logs at those levels.,The custom module was automatically replicated to the project when the project team enabled Event Threat Detection service.,3,"Custom modules created at a parent level (organization or folder) are inherited by child resources. When you're in the organization view, residential modules are those created at the organization level, and these become inherited modules at any folder or project level. This inheritance model ensures consistent threat detection across the entire organization hierarchy. Reference: https://cloud.google.com/security-command-center/docs/use-custom-modules-etd"
GCP PSOE,"You need to create a Cloud Monitoring dashboard to visualize security infrastructure metrics for your organization. The dashboard should display the current error budget remaining for your security API service, allow analysts to quickly identify whether the service is meeting its SLO, and show error budget consumption trends. Which combination of dashboard widgets provides the most effective visualization?","Add a top list table showing all services ranked by error count, with conditional formatting to highlight services with high error rates.","Create multiple stacked bar charts showing daily error counts, weekly compliance ratios, and monthly error budget allocation across all services.","Configure a single heatmap widget that displays all SLO metrics including error budget, compliance status, and consumption trends in a single view.","Add a scorecard widget showing current error budget percentage, a gauge widget displaying SLO compliance status, and a line chart showing error budget consumption over time.",4,"Scorecards display a single numeric value (error budget percentage) for quick reference, gauge widgets provide visual indication of current performance against thresholds, and line charts show trends over time. This combination addresses all three requirements effectively. Reference: https://cloud.google.com/monitoring/dashboards/api-examples"
GCP PSOE,Your organization's threat intelligence team has received a new set of malicious IP addresses associated with a recent APT campaign. You want to determine if any historical connections to these IP addresses occurred in your environment over the past 90 days using Google Security Operations (SecOps). What should you do?,Use the Alerts and IoCs page to filter for the malicious IP addresses and review the automatically matched IOC history.,Configure Applied Threat Intelligence to automatically analyze the 90-day historical data for the new IP addresses.,Export all network logs to BigQuery and run a SQL query to search for the malicious IP addresses.,"Create a YARA-L detection rule that matches the malicious IP addresses against network events, and run a retrohunt over the 90-day time range.",4,"Retrohunt lets you use a selected rule to search for detections throughout existing data in Google SecOps. By creating a YARA-L rule matching the malicious IP addresses and running it against historical data, you can identify any past connections to those indicators within the specified time range. Reference: https://cloud.google.com/chronicle/docs/detection/run-rule-historical-data"
GCP PSOE,"You are configuring alerting for a user-defined log-based counter metric that monitors security-related errors. During testing, you notice the alerting policy generates false-positive notifications due to gaps in metric data when no errors occur. What should you do to reduce false notifications while maintaining detection accuracy?",Increase the rolling window duration for the alerting policy condition to at least 10 minutes to allow for data point aggregation across gaps.,Convert the counter metric to a distribution metric to better handle sparse data scenarios.,Create multiple alerting policies with different thresholds to cross-validate the alerts before sending notifications.,Configure the alerting policy to use 'missing data is bad' in the advanced options to treat gaps as zero values.,1,"Log-based metric data can have gaps when no matching log entries occur, and these gaps can cause false notifications. Google Cloud recommends selecting a rolling window value of at least 10 minutes, especially to ensure multiple log entries that match your filter are counted and to reduce the risk of false notifications from data gaps. Reference: https://cloud.google.com/logging/docs/logs-based-metrics/charts-and-alerts"
GCP PSOE,You are building a post-incident trend analysis report to identify patterns across security incidents over the past 12 months. Your organization uses Google SecOps Enterprise Plus and wants to correlate rule detections with IOC matches to understand attack trends. Which BigQuery tables should you query to build this analysis?,Query the entity_graph table to retrieve all entities involved in incidents and manually correlate them with external threat intelligence feeds.,Query the udm_events table exclusively and use YARA-L pattern matching within BigQuery to identify detection trends.,Query the ingestion_metrics table and calculate detection rates by comparing ingested log volumes against alert counts.,Query the rule_detections table for detection patterns and the ioc_matches table for indicator correlations from the Google SecOps BigQuery datalake dataset.,4,Google SecOps exports rule_detections (which stores detections returned by rules) and ioc_matches (which stores IOC matches found against UDM events) to BigQuery. Correlating these tables provides comprehensive attack trend analysis. Reference: https://cloud.google.com/chronicle/docs/reports/overview-chronicle-bigquery
GCP PSOE,You need to perform retroactive threat hunting across historical VPC Flow Logs data to search for indicators of compromise (IOCs) involving specific malicious IP addresses. Your VPC Flow Logs are stored in Cloud Logging with a 30-day retention period. You need to query logs older than 30 days. What is the recommended approach?,"Export the VPC Flow Logs to a Cloud Storage bucket using a log sink before the retention period expires, then query the exported JSON files directly using BigQuery external tables.","Query the VPC Flow Logs directly using Logs Explorer with filters for the specific IP addresses, as Logs Explorer automatically archives data beyond the retention period for security investigations.","Use Google SecOps SIEM retrohunt capabilities to search for the IOCs across historical VPC Flow Logs, as SecOps maintains separate long-term retention independent of Cloud Logging settings.","Before the 30-day retention expires, upgrade the log bucket to use Log Analytics, create a linked BigQuery dataset, and extend the bucket retention period to store logs for the required historical period.",4,Upgrading to Log Analytics with a linked BigQuery dataset enables SQL-based querying while logs remain stored in Cloud Logging. Extending the retention period beyond the default 30 days ensures historical data is available for retroactive threat hunting. This approach provides cost-effective storage with analytical capabilities. Reference: https://cloud.google.com/logging/docs/analyze/query-linked-dataset
GCP PSOE,"Your security team detected that a developer has been granted the Service Account Token Creator role at the project level, which allows them to impersonate any service account in the project. You need to restrict this access following the principle of least privilege while still allowing the developer to impersonate a specific service account for local development. What should you do?",Remove the project-level Service Account Token Creator role binding and grant the role on only the specific service account the developer needs to impersonate.,Create a custom role that includes only the iam.serviceAccounts.getAccessToken permission and grant it at the organization level.,Keep the project-level Service Account Token Creator role but add an IAM Condition that restricts impersonation to business hours only.,Remove all impersonation permissions from the developer and create a service account key for them to use for local development instead.,1,Granting the Service Account Token Creator role at the service account level rather than the project level follows least privilege. This restricts impersonation capability to only the specific service account needed. Reference: https://cloud.google.com/iam/docs/service-account-permissions
GCP PSOE,Your organization is configuring a Cloud Logging sink to route security logs to BigQuery for threat intelligence enrichment at scale. Security analysts will run daily queries that JOIN log data with a threat intelligence IOC table containing IP addresses and domain indicators. You need to optimize the log data table for query performance and cost efficiency when correlating logs with IOCs. What should you do?,"Create the log sink with date-sharded tables as the default configuration, then use wildcard table functions to query across multiple daily shards.","Create the log sink targeting a Cloud Storage bucket first, then configure external tables in BigQuery to query the logs without ingestion costs.","Create the log sink with partitioned tables enabled and partition by ingestion time, then use the _PARTITIONTIME pseudo-column in queries to limit data scans.",Create the log sink with a linked dataset from a Log Analytics-enabled log bucket to avoid BigQuery streaming and storage costs.,3,"Partitioning is recommended over table sharding as partitioned tables perform better. Queries that specify predicate filters on the _PARTITIONTIME pseudo-column limit the amount of logs scanned, reducing costs and improving performance for threat intelligence correlation queries. Reference: https://cloud.google.com/logging/docs/export/bigquery"
GCP PSOE,"Your SOC team manages multiple client environments using Google SecOps SOAR and frequently reuses the same communication workflow for notifying clients about security incidents. The workflow includes sending an email, waiting for client acknowledgment, and then updating the case stage. You want to implement this workflow efficiently across multiple playbooks while ensuring that changes to the workflow are automatically reflected everywhere it is used. What should you do?","Create a playbook block with input parameters for communication type and method, then insert this block into each parent playbook where the workflow is needed.",Export the communication workflow as a JSON template and import it into each new playbook using the Content Hub integration package feature.,Duplicate the communication playbook for each client environment and maintain separate versions with environment-specific configurations.,Configure a use case from the Content Hub that includes the communication workflow and deploy it to each environment with custom parameters.,1,"Playbook blocks are reusable mini-playbooks that can be incorporated into multiple parent playbooks. Any changes made to a block automatically affect all playbooks that use it, ensuring consistent workflow updates across all implementations. Input parameters allow customization per instance. Reference: https://cloud.google.com/chronicle/docs/soar/respond/working-with-playbooks/working-with-playbook-blocks"
GCP PSOE,"Detection engineering""You are configuring curated detections in Google Security Operations (SecOps) and notice that a Windows threat detection rule set is generating excessive alerts for activity in your development environment. You want to reduce false positives while maintaining detection coverage for production systems. What should you do?",Disable the entire curated detection rule set and create custom YARA-L rules that include filters for production systems only.,Modify the alerting threshold in the curated detection settings to increase the severity level required before generating alerts.,Configure rule exclusions for the curated detection rule set to exclude events from development environment hostnames or asset groups.,Set the curated detection to 'detect only' mode and create a composite detection rule that filters out development environment alerts.,3,Curated detections support rule exclusions that allow you to specify criteria to prevent certain events from being evaluated by a rule or rule set. This enables you to reduce detection volume from specific environments while maintaining full coverage elsewhere. Reference: https://cloud.google.com/chronicle/docs/detection/curated-detections
GCP PSOE,"Your security team wants to configure Security Command Center to export Event Threat Detection and Container Threat Detection findings to Cloud Logging for centralized analysis. Your organization has Security Command Center Premium activated at the project level. When you navigate to SCC Settings, you do not see the option to configure logging export. What should you do to enable this capability?",Contact Google Cloud support to enable the logging export feature flag for project-level Premium activations.,"Upgrade to an organization-level activation of Security Command Center Premium, as Cloud Logging export requires organization-level activation.",Enable the Cloud Logging API in the project and grant the Security Command Center service account the Logs Writer role.,Create a custom Pub/Sub topic and configure a Cloud Logging sink to route SCC findings to the topic.,2,Continuous exports to Cloud Logging are only available when you activate Security Command Center at the organization level. Project-level activations do not support this feature regardless of the tier. Reference: https://cloud.google.com/security-command-center/docs/export-cloud-logging
GCP PSOE,Your organization is implementing security monitoring in Google Security Operations and needs to ingest Cloud Identity audit logs to establish identity behavior baselines. You want to track group membership changes that could indicate privilege escalation attempts. Which configuration approach provides the required visibility?,Configure the Cloud Identity API feed in Google SecOps SOAR and enable real-time group membership change monitoring.,Deploy a Google SecOps forwarder on your domain controller to capture Cloud Identity group membership events directly.,"Enable Google Workspace data sharing with Google Cloud, then configure a sink to export Groups audit logs and Admin audit logs to Google SecOps.",Enable Data Access audit logs for Cloud Identity and configure automatic export to Google SecOps using the GCP_CLOUDAUDIT parser.,3,"To view and export Cloud Identity audit logs in Google Cloud, you must first enable sharing of Google Workspace data with Google Cloud. After enabling this sharing, Google Cloud receives all audit logs for Google Workspace including Groups audit logs that track changes to group memberships and Admin audit logs that track group-related events performed in the Admin Console. Reference: https://cloud.google.com/logging/docs/audit/configure-gsuite-audit-logs"
GCP PSOE,You are deploying Security Command Center Enterprise and need to configure the SCC Enterprise - Cloud Orchestration and Remediation use case for your organization. The organization uses ServiceNow for IT service management. You need to enable automatic ticket creation for posture findings while ensuring the correct playbook is active. What should you do?,Enable both the Posture Findings - Generic playbook and the Posture Findings with SNOW playbook to ensure findings are processed even if ServiceNow integration fails.,"Disable the Posture Findings - Generic playbook, enable the Posture Findings with SNOW playbook, and configure the ServiceNow integration with the custom ticket type.",Configure the SCC Enterprise - Urgent Posture Findings Connector to send findings directly to ServiceNow using webhook integration without modifying playbook settings.,"Create a custom playbook that uses the ServiceNow API to create tickets, then attach it to all posture finding alerts using tag-based triggers.",2,"When integrating with ticketing systems like ServiceNow, you must disable the generic playbook and enable the ticketing-system-specific playbook. The Posture Findings with SNOW playbook is designed to work with ServiceNow integration and handles ticket creation and synchronization. You also need to create the custom SCC Enterprise Cloud Posture Ticket type in ServiceNow. Reference: https://cloud.google.com/security-command-center/docs/integrate-ticketing-systems"
GCP PSOE,"You have deployed a Cloud Function triggered by Pub/Sub to process threat intelligence feeds and automatically search for IOCs in your Google SecOps environment. During testing, you notice that some threat intelligence messages are being dropped when the function experiences transient errors. You need to ensure that all threat intelligence updates are processed without losing any messages. What should you do?",Deploy multiple instances of the Cloud Function in different regions and configure Pub/Sub to publish messages to all instances simultaneously for redundancy.,Enable exactly-once delivery on the Pub/Sub subscription to guarantee that each threat intelligence message is processed exactly one time without any losses.,"Configure a dead-letter topic for the Pub/Sub subscription associated with the Eventarc trigger, and set appropriate retry policies with exponential backoff.",Increase the function memory allocation and timeout settings to ensure the function has sufficient resources to process all threat intelligence messages without errors.,3,"Configuring a dead-letter topic ensures that messages that cannot be successfully delivered within the message retention window are forwarded for later analysis rather than being discarded. Combined with retry policies, this provides resilient message processing. Reference: https://cloud.google.com/eventarc/docs/retry-events"
GCP PSOE,"You are deploying a new organization policy to restrict VM creation to only Confidential VMs across your organization. Before enforcing this policy in production, you want to understand which existing resources would be affected without blocking any operations. What should you do?",Set the organization policy with 'enforce: true' and immediately set 'enforce: false' to capture logs of initial violations.,Configure the organization policy in dry-run mode using dryRunSpec to audit violations without blocking operations.,Use Policy Simulator to test the organization policy impact on all existing VMs in the organization.,Deploy the policy to a test folder first and manually verify which VMs would be non-compliant by checking configurations.,2,"Organization policies can be deployed in dry-run mode, which logs violations to Cloud Audit Logs without actually denying the violating actions. This allows you to assess the impact of the policy change in your production environment before full enforcement. Reference: https://cloud.google.com/resource-manager/docs/organization-policy/dry-run-policy"
GCP PSOE,"You are configuring Security Command Center to improve vulnerability prioritization. You want attack exposure scores to accurately reflect your organization's security priorities for resources containing sensitive customer data. Currently, SCC is generating attack exposure scores but they do not align with your business risk profile. What should you do?",Create resource value configurations that assign HIGH priority values to resources that match attributes for your sensitive data systems.,Enable Sensitive Data Protection discovery to automatically identify and tag all resources with sensitive data as high priority for attack exposure scoring.,Modify the severity levels of vulnerability findings in Security Command Center to match your organization's risk tolerance.,Configure Event Threat Detection to increase detection priority for resources containing sensitive customer data.,1,"Resource value configurations let you designate specific resources as high-value based on attributes like resource type, project, or tags. When you assign priority values (LOW, MEDIUM, HIGH), Risk Engine calculates attack exposure scores that reflect how vulnerabilities expose these designated high-value resources to potential attacks. Reference: https://cloud.google.com/security-command-center/docs/attack-exposure-learn"
GCP PSOE,"Your organization wants to establish a sensitive data classification baseline using Cloud DLP that includes detection of organization-specific identifiers not covered by built-in infoTypes. These identifiers follow a consistent pattern of three letters followed by six digits (e.g., ABC123456). Which approach should you use to implement this detection?",Submit a feature request to Google to add your organization's identifier format as a new built-in infoType detector.,Use the DLP API's hotword rules to boost likelihood scores when the three-letter prefix appears near numeric sequences in your data.,Create a custom infoType detector using a regular expression pattern in the inspection template and include it in your discovery scan configuration.,Configure a stored custom dictionary detector with all possible combinations of the identifier pattern stored in a Cloud Storage bucket.,3,"Sensitive Data Protection allows you to create custom infoType detectors using regular expressions that can be included in inspection templates. By defining a regex pattern like '[A-Z]{3}[0-9]{6}' and adding it to your inspection configuration, the discovery service will detect these organization-specific identifiers alongside built-in infoTypes. Reference: https://cloud.google.com/sensitive-data-protection/docs/creating-custom-infotypes"
GCP PSOE,You are reviewing service account permissions in your organization and notice that multiple service accounts have been granted the Editor role at the project level. Several of these service accounts have not used most of the permissions in the past 90 days. You want to implement least privilege without disrupting existing workloads. What should you do?,Immediately revoke the Editor role from all service accounts and grant only the Viewer role until workloads explicitly request additional permissions.,Configure organization policy constraints to disable service account creation and use the default Compute Engine service account for all workloads.,"Create a custom role with all permissions from the Editor role except those flagged as sensitive, then replace the Editor role with this custom role.",Review IAM Recommender role recommendations for each service account and apply the suggested predefined or custom roles that include only the permissions used by each service account.,4,"IAM Recommender analyzes permission usage and suggests smaller roles that cover only the permissions needed, helping achieve least privilege without causing disruptions. It uses ML to also predict permissions likely needed in the future. Reference: https://cloud.google.com/policy-intelligence/docs/role-recommendations-overview"
GCP PSOE,Your threat hunting team is using Google Security Operations (SecOps) to investigate potential malicious activity. They have identified a new list of suspicious IP addresses from external threat intelligence sources. The team wants to search for any historical connections to these IP addresses across the past 90 days of ingested logs and receive results as quickly as possible. What should you do?,Create a YARA-L rule with the suspicious IP addresses in a reference list and run a retrohunt for the past 90 days.,Use UDM search with manual queries for each IP address individually across the time range.,Create a YARA-L rule with the suspicious IP addresses in a reference list and enable the rule for live detection.,Configure Applied Threat Intelligence to automatically ingest and match the IP addresses.,1,"Retrohunt enables running detection rules against historical data within your retention period. Using a reference list with the suspicious IP addresses allows efficient matching, and retrohunts can scan all historical UDM events to identify any past connections to those IOCs. Reference: https://cloud.google.com/chronicle/docs/detection/run-rule-historical-data"
GCP PSOE,You need to create a Google Security Operations (SecOps) SIEM dashboard that visualizes detection counts grouped by severity over time. You want to configure the chart to display results for the past 30 days. Which YARA-L query structure is correct for this dashboard visualization?,Create a multi-event rule with a 30-day time window in the match section and severity-based conditions to generate detection statistics.,Use timestamp.get_date on detection.created_time.seconds and match on $date and $severity with count_distinct aggregation in the outcome section.,Query the detection data source using the detection prefix with events and condition sections to filter by severity over 30 days.,Use a UDM search query with security_result.severity field filtering and export results to a chart widget.,2,"Dashboard YARA-L queries require extracting date from detection timestamps using timestamp.get_date, grouping by date and severity in the match section, and using aggregation functions like count_distinct in the outcome section. The query should reference detection fields directly without a condition section. Reference: https://cloud.google.com/chronicle/docs/reference/sample-yaral-for-native-dashboard"
GCP PSOE,Your organization recently deployed Google Security Operations (SecOps) and wants to identify brute force login attacks targeting user accounts. You need to configure the Risk Analytics dashboard to effectively detect short-term authentication anomalies while comparing current behavior against established baselines. What should you do?,Set the Risk Calculation Window to 7 Days to allow more time for baselines to be established before detecting anomalous authentication patterns.,Configure a custom 48-hour Risk Calculation Window to balance short-term and long-term detection requirements.,Set the Risk Calculation Window to 24 Hours to detect patterns such as brute force attempts that occur over a short period compared to historical usage.,Enable real-time entity risk scoring without any Risk Calculation Window to detect attacks as they occur.,3,"The 24-hour Risk Calculation Window is optimized for detecting short-term attacks like brute force login attempts. The Risk Analytics dashboard compares current entity behavior against historical baselines, and a shorter window better surfaces rapid authentication anomalies. Reference: https://cloud.google.com/chronicle/docs/detection/risk-analytics-dashboard"
GCP PSOE,"During incident response, you need to isolate a group of VMs that share a common service account. The VMs are running critical workloads and you want to implement containment using VPC firewall rules without requiring changes to each individual VM. Which approach provides the most efficient targeting mechanism for the firewall rule?",Create a hierarchical firewall policy at the folder level with the deny rule targeting all instances in the folder.,Assign a new network tag to each VM that needs to be isolated and create a firewall rule targeting that tag.,Create a VPC firewall rule using target service accounts to apply the deny rule to all VMs running with the specified service account.,Create a VPC firewall rule with source range set to the internal IP addresses of all VMs that need to be isolated.,3,"Service accounts provide an IAM-governed targeting mechanism that automatically applies to all VMs using that service account. Unlike network tags, service accounts cannot be modified by instance administrators without appropriate IAM permissions, making them more secure for incident response scenarios. Reference: https://cloud.google.com/firewall/docs/firewalls"
GCP PSOE,Your organization wants to centralize all security-related audit logs from across 50 Google Cloud projects into a single Cloud Storage bucket for long-term retention and compliance auditing. You need to configure this with minimal ongoing maintenance as projects are added to the organization. What should you do?,Create an aggregated sink at the organization level with an inclusion filter for audit logs and route to the Cloud Storage bucket.,Configure the _Default sink in each project to route logs to the central Cloud Storage bucket.,Create a sink in each of the 50 projects configured to route audit logs to the central Cloud Storage bucket.,Create a Pub/Sub topic that collects logs from all projects and use a Cloud Function to write to Cloud Storage.,1,Aggregated sinks at the organization level automatically collect logs from all child resources including folders and projects. Using the --include-children option ensures that log entries from all current and future projects within the organization are routed without requiring manual configuration for each new project. Reference: https://cloud.google.com/logging/docs/export/aggregated_sinks
GCP PSOE,Your organization is deploying a new security-sensitive application on GKE and wants maximum workload isolation using GKE Sandbox. The security team also wants to enable Container Threat Detection to monitor for runtime threats. What should you advise the team regarding this configuration?,Container Threat Detection is not compatible with GKE Sandbox and must be disabled on clusters where you want GKE Sandbox deployed for workload isolation.,Deploy Container Threat Detection in passive monitoring mode which bypasses the kernel instrumentation requirement and relies solely on log analysis.,Enable both features simultaneously and configure Container Threat Detection to use the GKE Sandbox API for collecting behavioral telemetry from sandboxed workloads.,Configure Container Threat Detection at the node pool level and GKE Sandbox at the pod level to allow both features to coexist on the same cluster.,1,"Container Threat Detection requires access to kernel-level behavior in the guest kernel to detect threats. GKE Sandbox uses gVisor to provide an additional layer of defense by intercepting and handling system calls in userspace, which prevents Container Threat Detection from accessing the kernel data it needs. The features are mutually exclusive. Reference: https://cloud.google.com/security-command-center/docs/how-to-use-container-threat-detection"
GCP PSOE,"Your organization has deployed Google Security Operations (SecOps) to perform threat hunting across your multi-cloud environment that includes Google Cloud, AWS, and Azure. You receive intelligence about a newly discovered threat actor that has been active for the past six months. You need to search for indicators of compromise (IOCs) associated with this threat actor across your historical security telemetry. Which approach should you use?",Use UDM Search to query the last 90 days of events and export results to BigQuery for extended historical analysis beyond the search limit.,Create a YARA-L rule that matches the IOCs and run a retrohunt against 12 months of historical data to identify any past matches.,Configure curated detections to automatically match the new IOCs in real-time and rely on future alerts to identify compromised assets.,Export all raw logs to Cloud Storage and use BigQuery to perform pattern matching queries across the full retention period.,2,Google SecOps retains 12 months of hot data by default and retrohunts enable searching historical data using detection rules. This approach allows comprehensive scanning of historical telemetry against newly discovered IOCs associated with the threat actor. Reference: https://cloud.google.com/chronicle/docs/detection/run-rule-historical-data
GCP PSOE,Your threat hunting team wants to create a custom Event Threat Detection module to monitor for connections to malicious domains identified in recent threat intelligence reports. You need to configure the module using the gcloud CLI. What information must be included in the JSON template for the Configurable Bad Domain custom module?,A YARA-L rule definition specifying domain matching conditions and a correlation window for detecting repeated connections.,A CEL expression defining the domain matching logic and a resource_types array specifying which Google Cloud resources to monitor.,"A metadata section containing severity, description, and recommendation fields, along with a domains list specifying the malicious domains to monitor.",A detection_rules section with regex patterns for domain matching and a threshold configuration for alert frequency tuning.,3,"The JSON template for Configurable Bad Domain custom modules requires a metadata section that defines severity (LOW, MEDIUM, HIGH, or CRITICAL), description, and recommendation for remediation. It also requires the domains parameter listing the web domains to watch for in Cloud DNS Logs. Reference: https://cloud.google.com/security-command-center/docs/use-custom-modules-etd"
GCP PSOE,"You are configuring security alerting for your Google Cloud environment. You need to be notified immediately when a human user accesses the security key of a service account, as this indicates potential credential compromise. Which Cloud Logging alerting approach should you use?",Create a user-defined log-based counter metric that counts CreateServiceAccountKey events and configure a threshold-based alert when count exceeds zero.,Create a log-based alerting policy with a filter matching the CreateServiceAccountKey method in Admin Activity audit logs.,Use the Logs Explorer to create a saved query for service account key creation and manually review results each hour.,Configure a SQL-based alerting policy in Log Analytics with a 5-minute lookback window that queries for service account key creation events.,2,"Log-based alerting policies are designed for catching security-related events in individual log entries, such as when a human user accesses a service account key. Log-based alerting policies use the LogMatch condition type and can include data from the log entry in notifications. Reference: https://cloud.google.com/logging/docs/alerting/log-based-alerts"
GCP PSOE,"Your organization runs critical workloads on GKE clusters and wants to enable Container Threat Detection to monitor for file-based attacks such as modifications to PAM configuration files and sensitive file access. However, you are concerned about potential performance impacts on workloads with high file I/O. What should you consider when configuring Container Threat Detection?",File monitoring detectors are enabled by default with Container Threat Detection. Disable them on clusters with high file I/O workloads to prevent performance degradation.,Container Threat Detection file monitoring is only available through GKE Sandbox and requires enabling that feature first on clusters before file detectors can be activated.,Container Threat Detection has no performance impact on workloads. Enable all detectors including file monitoring without any performance evaluation required.,File monitoring detectors are disabled by default in Container Threat Detection. Enable them selectively and evaluate performance impact on workloads before deploying in production.,4,Container Threat Detection file monitoring detectors that monitor access or modification to critical system files are disabled by default to avoid unexpected performance impacts on high file I/O workloads like CI/CD systems. Organizations should evaluate the impact before enabling these detectors. Reference: https://cloud.google.com/security-command-center/docs/concepts-container-threat-detection-overview
GCP PSOE,Your security team needs to view the historical state of cloud assets from 30 days ago to investigate a potential security incident. You want to retrieve a point-in-time snapshot of asset configurations. Which Cloud Asset Inventory feature should you use?,Query the Cloud Audit Logs for all asset modifications in the past 30 days and reconstruct the asset state from the change events.,Configure a Cloud Asset Inventory feed to replay historical Pub/Sub messages from the past 30 days using message retention settings.,Enable versioning on the Cloud Asset Inventory export destination bucket and retrieve the asset file version from 30 days ago.,"Use the export or list assets API with the snapshot-time parameter set to the desired historical timestamp, which supports up to 35 days in the past.",4,"Cloud Asset Inventory maintains asset history for up to 35 days. When using export or list operations, you can specify a snapshot-time parameter to retrieve asset state at a specific point in time within this window. Reference: https://cloud.google.com/asset-inventory/docs/asset-inventory-overview"
GCP PSOE,You are investigating a multi-stage attack using Google Security Operations (SecOps) and need to correlate authentication failures with subsequent suspicious process executions from the same host within a 10-minute window. Which approach best supports this investigation requirement?,Use the sliding window feature with the 'after' keyword to check for process executions that occur before authentication failures.,Write a multi-event YARA-L rule using the match section with a 10-minute time window and correlate events using the principal.hostname field.,Configure an outcome variable to set severity based on the count of authentication failures without time-based correlation.,"Create separate single-event rules for authentication failures and process executions, then manually correlate results in a dashboard.",2,"Multi-event YARA-L rules allow correlation across different event types using match variables and time windows. By joining on principal.hostname and specifying a 10-minute window in the match section, you can detect the sequence of authentication failures followed by suspicious process executions on the same host. Reference: https://cloud.google.com/chronicle/docs/detection/yara-l-2-0-overview"
GCP PSOE,Your organization uses Security Command Center Enterprise with integrated case management. A case containing multiple Security Health Analytics vulnerability findings has a mix of HIGH and MEDIUM severity findings. The security team needs to understand how the case priority is determined. What describes how Security Command Center sets case priority?,Case priority is set manually by the security analyst during initial triage and remains static throughout the case lifecycle.,Case priority is determined by the first finding ingested into the case and does not change regardless of subsequent findings added.,"Case priority is calculated as an average of all finding severities within the case, rounded to the nearest severity level.","Case priority is automatically set based on the highest finding severity among all findings in the case, and updates dynamically if the severity changes.",4,"Case priority is based on the highest finding severity in the case. When the finding severity changes, Security Command Center automatically updates the case priority to match the highest severity property among all findings in a case. Reference: https://cloud.google.com/security-command-center/docs/cases-overview"
GCP PSOE,You are managing Security Health Analytics for a large enterprise with Security Command Center activated at the organization level. Your team reports that vulnerability findings for newly created Google Cloud resources appear with a delay of up to 24 hours. You need to reduce the detection latency for configuration changes. What should you understand about Security Health Analytics scan behavior?,"Security Health Analytics supports real-time scans for Google Cloud resources that start whenever a change is detected in a resource's configuration, writing findings immediately to Security Command Center.","Security Health Analytics performs real-time scans for all resource types on both Google Cloud and AWS environments, with findings appearing within minutes of configuration changes.","Security Health Analytics only supports batch mode scanning that runs once every 24 hours, and real-time detection requires enabling Event Threat Detection instead.","Security Health Analytics real-time scanning requires enabling VPC Flow Logs and Data Access audit logs, which then trigger immediate vulnerability assessments when resources are modified.",1,"Security Health Analytics operates in multiple scan modes for Google Cloud deployments. Real-time scans are triggered by resource configuration changes and write findings to Security Command Center immediately. However, not all detectors support real-time scanning, and batch scans run once daily as a complement. Reference: https://cloud.google.com/security-command-center/docs/concepts-security-health-analytics"
GCP PSOE,"Detection engineering""You are configuring an Event Threat Detection custom module for Configurable Bad IP detection and need to specify the parameters for the module. Which metadata elements must be included in the JSON template to properly configure the custom module?","The template requires only the ips array with IP addresses, as severity and description are automatically assigned based on Google's threat intelligence scoring.","The metadata section must include severity (LOW, MEDIUM, HIGH, or CRITICAL), description, and recommendation fields, along with the ips array containing the IP addresses or CIDR ranges to detect.","The template must include the MITRE ATT&CK tactic and technique mappings, finding category name, and the ips array for proper correlation with threat frameworks.","The template requires enablement_state, project_id, and organization_id fields in the metadata section to define the scope of the custom module detection.",2,"Event Threat Detection custom module templates require a metadata section with severity, description, and recommendation fields that define how findings are categorized and what remediation guidance is provided. For the Configurable Bad IP module type specifically, you must also include an ips array containing the IP addresses or CIDR ranges that should trigger findings when detected in VPC Flow Logs. Reference: https://cloud.google.com/security-command-center/docs/use-custom-modules-etd"
GCP PSOE,"You have deployed a Cloud Function that processes threat intelligence updates from a Pub/Sub subscription and calls the Google SecOps Ingestion API to add new IOCs to reference lists. During testing, you observe that some IOC updates are being processed multiple times, causing duplicate entries in reference lists. You need to modify your implementation to prevent duplicate processing while maintaining reliable message delivery. What should you do?",Configure the Pub/Sub subscription with a longer acknowledgment deadline and disable message retention so that unacknowledged messages are automatically deleted after the deadline expires.,"Implement idempotent processing logic in the Cloud Function by checking if the IOC already exists in the reference list before adding it, and ensure the function returns successfully only after the IOC is confirmed to be stored.",Reduce the Cloud Function timeout to 10 seconds to ensure fast message acknowledgment and prevent the Pub/Sub service from redelivering messages that take too long to process.,"Configure the Pub/Sub subscription to use exactly-once delivery mode, which guarantees that each message is delivered and processed exactly one time without requiring any application changes.",2,"Pub/Sub guarantees at-least-once delivery, so functions must be idempotent to handle potential redeliveries. Checking for existing IOCs before adding and confirming successful storage ensures duplicates are prevented while maintaining reliability. Reference: https://cloud.google.com/functions/docs/writing/write-event-driven-functions"
GCP PSOE,Your threat intelligence team has identified new IOCs associated with an advanced persistent threat (APT) campaign. You need to determine if these IOCs were present in your environment over the past 30 days using Google Security Operations (SecOps). You have created a YARA-L detection rule that matches these IOCs. What should you do?,Enable the detection rule as a live rule and wait for it to process the historical data backlog automatically within 24 hours.,Use UDM Search with the IOC values as search terms and manually review the results for the past 30 days.,Run a retrohunt using the new detection rule against the past 30 days of historical data to search for matches in previously ingested events.,Export all UDM events from the past 30 days to BigQuery and run SQL queries matching the IOCs against the exported data.,3,Retrohunt is designed to run detection rules against historical data in Google SecOps. It allows you to search for IOCs across previously ingested events to determine if the threat was present before the rule was created. Retrohunts can search data within the retention period. Reference: https://cloud.google.com/chronicle/docs/detection/run-rule-historical-data
GCP PSOE,Your organization has a large-scale Google Cloud environment with thousands of projects and needs to perform complex asset analysis across all projects. Security analysts are experiencing timeouts when using the Cloud Asset Inventory list API. What is the recommended approach to handle this at scale?,Use the SearchAllResources API from the Google Cloud console to search assets more efficiently than the list API.,"Export asset metadata to BigQuery using the Cloud Asset Inventory export API, then run SQL queries against the exported data.",Split the organization into smaller scopes and run parallel list API requests across each folder individually.,Increase the page size parameter in list requests to the maximum of 500 to reduce the number of API calls needed.,2,"For large-scale environments, the Cloud Asset Inventory list API may not meet performance requirements and can result in timeouts. The recommended approach is to export data to BigQuery, which is designed for large-scale data analysis and supports complex SQL queries. Reference: https://cloud.google.com/asset-inventory/docs/list-assets"
GCP PSOE,"Detection engineering""Your organization has enabled Web Security Scanner in Security Command Center and is receiving findings. A recent scan identified an XSS vulnerability categorized as 'XSS_ERROR' in a critical web application. The development team has requested details to reproduce and remediate the finding. What information should you provide to help them remediate this vulnerability?",Generate a compliance report showing the XSS finding mapped to OWASP standards and provide remediation guidance based on the compliance framework.,Provide the scan logs from Cloud Logging that show all requests made during the scan to identify which input vectors were tested.,Share the finding's Reproduction URL from Security Command Center which contains the exact request including payload parameters that triggered the XSS detection.,Export the finding JSON and send the full vulnerability definition including all metadata fields and associated asset information.,3,"Web Security Scanner findings include a Reproduction URL that allows developers to recreate the exact conditions that triggered the vulnerability detection. For XSS findings, this URL contains the test payload that the scanner used when detecting the vulnerability, enabling developers to verify and remediate the issue. This is the most actionable information for remediation. Reference: https://cloud.google.com/security-command-center/docs/how-to-remediate-web-security-scanner-findings"
GCP PSOE,"Your organization is configuring Google SecOps SOAR to automate endpoint isolation through an EDR integration. The security team requires that endpoint isolation actions be reviewed and approved by a senior analyst before execution, while all enrichment actions should run automatically. How should you configure the playbook actions?","Create separate playbooks for isolation and enrichment, with the isolation playbook requiring manual trigger.",Configure a flow condition before the isolation action that waits for external approval via email.,Use the Time to respond setting on all actions to ensure analysts have time to review before execution.,"Set the endpoint isolation action type to Manual with a SOC role assignment, and keep enrichment actions set to Automatic.",4,Setting an action to Manual requires human approval before execution. Assigning the action to a SOC role ensures it appears in the Pending Actions widget for senior analysts to review. Enrichment actions can remain automatic since they only gather data without making changes to endpoints. Reference: https://cloud.google.com/chronicle/docs/soar/respond/working-with-playbooks/using-actions-in-playbooks
GCP PSOE,"Your organization is building an automated threat hunting system using Cloud Functions triggered by threat intelligence updates from a Pub/Sub topic. The function calls the Google SecOps API to perform retrohunts based on new IOCs. During testing, you observe that the function occasionally times out when the SecOps API is slow to respond. You need to ensure reliable processing without losing threat intelligence updates. What should you do?",Set the Pub/Sub subscription acknowledgment deadline to its maximum value of 600 seconds.,"Configure the Cloud Function to store the IOC payload in Cloud Storage and return success immediately, then process asynchronously.",Enable automatic retries with exponential backoff and configure a dead-letter topic to capture messages that exceed maximum delivery attempts.,Increase the Cloud Function timeout to 9 minutes to ensure the SecOps API call always completes.,3,"Combining automatic retries with exponential backoff handles transient failures like API slowdowns, while the dead-letter topic captures messages that fail repeatedly after multiple attempts. This ensures no threat intelligence updates are lost and provides a mechanism for manual review of failed messages. Reference: https://cloud.google.com/functions/docs/bestpractices/retries"
GCP PSOE,Your organization must generate weekly compliance reports showing all IAM policy changes across the entire Google Cloud organization. The reports need to be stored in BigQuery for historical analysis and must run automatically without manual intervention. You have already configured an aggregated sink to route audit logs to a BigQuery dataset. What should you do next to meet these requirements?,Configure Cloud Logging to create log-based metrics for IAM changes and export the metrics to BigQuery using Cloud Monitoring.,Use Logs Explorer to manually export IAM change events weekly and configure email notifications for the exported results.,Create a BigQuery scheduled query that filters protoPayload.methodName for SetIamPolicy events and writes results to a destination table with WRITE_APPEND.,Create a Cloud Scheduler job that triggers a Cloud Function to query the logs and store results in Cloud Storage as CSV files.,3,BigQuery scheduled queries allow you to automate recurring SQL queries that can run on a defined schedule. Using WRITE_APPEND ensures historical data is preserved for compliance purposes. Filtering on protoPayload.methodName allows you to specifically target IAM policy change events in the audit logs. Reference: https://cloud.google.com/bigquery/docs/scheduling-queries
GCP PSOE,Your security team is developing a YARA-L detection rule in Google Security Operations (SecOps) to identify suspicious DNS queries to IP addresses from a known threat intelligence list. The rule is experiencing performance issues due to the large volume of events being evaluated. You need to optimize the rule without changing the detection logic. What should you do?,Move the reference list check to the condition section instead of the events section.,Increase the match window size to reduce the frequency of rule execution.,Create a separate reference list for each threat category and split the rule into multiple smaller rules.,Add an event type filter for NETWORK_DNS at the beginning of the events section before referencing the reference list.,4,Adding an event type filter can optimize your rule by reducing the number of events the rule needs to evaluate. Placing this filter at the beginning of the events section ensures that filtering happens first. This is a recommended YARA-L best practice. Reference: https://cloud.google.com/chronicle/docs/detection/yara-l-best-practices
GCP PSOE,"Your organization uses Shared VPC with a host project and multiple service projects. You are configuring a VPC Service Controls perimeter to protect Cloud Storage buckets in the service projects. After creating the perimeter with only the service projects, users inside the VPC network cannot access the protected Cloud Storage resources. What should you do to resolve this issue?",Enable VPC accessible services and set it to 'All services' for the perimeter containing the service projects.,Create a perimeter bridge between the host project perimeter and the service projects perimeter to allow communication.,Add the Shared VPC host project to the same service perimeter as the service projects.,Configure an ingress rule to allow traffic from the Shared VPC network to access the protected services in the service projects.,3,"When using Shared VPC, you must include the host project in a service perimeter along with any projects that belong to the Shared VPC. The VPC network belongs to the host project, so requests originating from VMs in the Shared VPC are considered as coming from the host project. If the host project is not in the perimeter, these requests are blocked. Reference: https://cloud.google.com/vpc-service-controls/docs/service-perimeters"
GCP PSOE,Your organization recently created new Google Cloud projects and you notice that the default Compute Engine service accounts are being granted the Editor role automatically. This violates your organization's least privilege security policy. You need to prevent this behavior for all future projects. What should you do?,Enable the constraints/iam.automaticIamGrantsForDefaultServiceAccounts organization policy constraint at the organization level.,Disable the creation of default service accounts by enforcing the constraints/iam.disableServiceAccountCreation organization policy constraint.,Remove the Editor role from all existing default service accounts and document the requirement for project administrators to follow least privilege.,Configure a Cloud Function triggered by project creation events to automatically revoke the Editor role from default service accounts.,1,"This organization policy constraint prevents default service accounts from automatically being granted the Editor role in new projects. When enabled, default service accounts in new projects have no access by default, requiring explicit role assignments that follow least privilege. Note that organizations created on or after May 3, 2024 have this constraint enforced by default. Reference: https://cloud.google.com/iam/docs/best-practices-service-accounts"
GCP PSOE,"Your security team is deploying a new VPC Service Controls perimeter to protect sensitive BigQuery datasets. Before enforcing the perimeter in production, you need to verify that existing applications will continue to function correctly without blocking legitimate access. You want to minimize disruption while accurately identifying potential issues. What should you do?",Configure the perimeter in dry run mode first and analyze the violation logs to identify applications that would be blocked before enforcing the perimeter.,Deploy the perimeter directly in enforced mode and use the violation analyzer to troubleshoot any access denials that occur after deployment.,"Create the perimeter in enforced mode with all services unrestricted, then gradually add restricted services one at a time over several weeks.","Configure access levels to allow all traffic initially, then remove access levels one by one to identify which applications require exceptions.",1,"Dry run mode logs violations as though the perimeters are enforced but does not prevent access to restricted services. This allows you to test perimeter configuration and identify potential issues before enforcing, minimizing disruption to existing applications. Reference: https://cloud.google.com/vpc-service-controls/docs/dry-run-mode"
GCP PSOE,You are configuring Web Security Scanner to detect SQL injection and cross-site scripting vulnerabilities in a multi-project environment. The applications use non-standard ports for HTTPS connections. Some applications require authenticated scanning while others are public-facing. What configuration approach meets these requirements?,"Deploy a reverse proxy to redirect traffic from standard ports to non-standard ports, then use managed scans with organization-wide authentication.","Configure custom scans for each project, specify the non-standard port URLs as starting URLs, and configure authentication only for the applications that require it.",Configure Security Command Center to aggregate custom scan findings across projects and use a single authentication profile for all applications.,Enable managed scans at the organization level and configure port exceptions for non-standard HTTPS ports in the SCC settings.,2,"Custom scans support non-standard ports and can be configured per project with specific starting URLs. Custom scans also support authentication configuration for applications that require it, while public-facing applications can be scanned without authentication. This provides the flexibility needed for diverse application requirements. Reference: https://cloud.google.com/security-command-center/docs/how-to-web-security-scanner-custom-scans"
GCP PSOE,Your security operations team needs to identify when log sources stop sending data to Google SecOps SIEM. You want to receive real-time alerts when critical data sources go silent. Which approach provides the most effective silent source detection with alerting capability?,Configure Cloud Monitoring alerting policies using Chronicle Collector ingestion metrics with absence conditions to trigger notifications when log sources stop reporting.,Use the Data Ingestion and Health dashboard's silent host monitoring widget to view hosts that have stopped reporting within the last 7 days.,Configure the Data Health Monitoring and Troubleshooting dashboard to automatically send email notifications when irregularities are detected.,Create a custom YARA-L rule that detects the absence of events from specific log types over a 24-hour window.,1,"Cloud Monitoring integration with Google SecOps allows you to create alerting policies based on ingestion metrics like Total ingested log count. Using absence conditions triggers alerts when collectors or log sources stop sending data within a defined threshold, providing real-time notification capability. Reference: https://cloud.google.com/chronicle/docs/ingestion/ingestion-notifications-for-health-metrics"
GCP PSOE,Your organization wants to detect when container images running in GKE clusters develop new vulnerabilities after deployment. You need to configure Binary Authorization to monitor for this condition and log violations without blocking existing workloads. What should you configure?,Enable Binary Authorization enforcement with dry-run mode and review Cloud Audit Logs for images that would have been blocked due to missing attestations.,Configure Artifact Analysis automatic scanning with notifications and create Cloud Monitoring alerts when new vulnerabilities are detected in images stored in Artifact Registry.,"Create a CV check-based platform policy with a vulnerability check that specifies maximum allowed severity levels, then enable CV on your clusters using the POLICY_BINDINGS evaluation mode.",Configure a Cloud Function triggered by Artifact Analysis Pub/Sub notifications to cross-reference new vulnerability findings with GKE cluster deployments.,3,"The Binary Authorization Continuous Validation vulnerability check monitors for vulnerabilities in container images associated with running Pods. CV logs violations to Cloud Logging when vulnerabilities exceed configured thresholds. Using POLICY_BINDINGS mode enables CV monitoring without affecting Binary Authorization enforcement, allowing you to detect newly discovered vulnerabilities without blocking existing workloads. Reference: https://cloud.google.com/binary-authorization/docs/cv-vulnerability-check"
GCP PSOE,Your threat hunting team needs to detect potential lateral movement by identifying internal hosts that have recently started communicating with database servers they have never contacted before. You have 60 days of VPC Flow Logs in BigQuery. Which analytical approach best accomplishes this objective?,"Use BigQuery to identify new source-destination pairs in the last 24 hours that do not appear in the previous 59 days of historical data, filtering for destination IPs in database subnet ranges.",Use BigQuery to count total connections per hour to database subnets and alert when the count exceeds the average by two standard deviations.,Export the VPC Flow Logs to Google Security Operations and use built-in entity behavior analytics to automatically detect lateral movement without custom queries.,Create scheduled queries in BigQuery that generate daily reports of all database connections sorted by bytes transferred and manually review for suspicious patterns.,1,Detecting first-time connections to sensitive assets like databases is a key indicator of lateral movement or reconnaissance. Comparing recent connections against historical baselines identifies new communication patterns. This approach leverages the BigQuery capability to efficiently query large historical datasets for anomaly detection. Reference: https://cloud.google.com/architecture/security-log-analytics
GCP PSOE,You are configuring a Cloud Monitoring dashboard to track security findings for multiple projects across your organization. You want analysts in a central security project to view aggregated security metrics from all monitored projects without requiring them to switch between projects. What should you configure?,Enable cross-project dashboard sharing by granting the Monitoring Viewer role on all source projects and linking them through dashboard federation.,"Configure the metrics scope of the central security project to include all projects that should be monitored, and create dashboards in the central project.",Create individual dashboards in each monitored project and use the Cloud Monitoring API to aggregate them into a single view in the central project.,Export all project metrics to BigQuery and create a Looker Studio dashboard that queries the centralized BigQuery dataset.,2,"A metrics scope determines which projects' metric data is visible to a Google Cloud project. By configuring the metrics scope of the central security project to include all monitored projects, dashboards created in that project can display aggregated metric data from multiple projects without analysts needing to switch contexts. Reference: https://cloud.google.com/monitoring/settings#create-multi"
GCP PSOE,Your security team has detected potential lateral movement activity in your Google Cloud environment. You need to analyze VPC Flow Logs exported to BigQuery to identify a single internal VM that is connecting to an unusually high number of unique destination ports on other internal VMs within a 15-minute window. Which BigQuery SQL query pattern is most effective for detecting this port scanning behavior?,"Query VPC Flow Logs grouping by source and destination IP pairs and calculating average round-trip time, filtering for connections with latency anomalies.","Query VPC Flow Logs grouping by source IP and counting distinct destination ports, filtering for internal-to-internal traffic, and applying a threshold for unique port count within the time window.","Query VPC Flow Logs grouping by protocol number and counting packets, filtering for non-standard protocols that indicate malicious tunneling activity.","Query VPC Flow Logs grouping by destination IP and summing total bytes transferred, filtering for the top ten talkers by bandwidth consumption within the time window.",2,Port scanning for lateral movement is characterized by a single source connecting to many destination ports. Grouping by source IP and counting distinct destination ports allows identification of hosts exhibiting this scanning behavior. Filtering for internal traffic focuses on lateral movement within the VPC rather than external reconnaissance. Reference: https://cloud.google.com/vpc/docs/flow-logs
GCP PSOE,"Your security team monitors multiple services including a SIEM log collector, a threat intelligence feed processor, and a vulnerability scanner. Each service has defined SLOs. The security operations manager requests a unified dashboard showing the SLO status of all security services. You need to implement this while ensuring the dashboard reflects current SLO compliance. What should you do?",Configure per-service dashboards in Cloud Monitoring and use the microservice dashboard feature to view individual service SLO status on separate pages.,"Create a custom dashboard and add multiple SLO widgets, with each widget configured to display the compliance or error budget status for each security service.",Build individual alerting policy charts for each service and group them in a collapsible section on a custom dashboard.,Export SLO metrics from all services to a centralized BigQuery dataset and create a Looker Studio report with scheduled daily updates.,2,"Custom dashboards can include multiple SLO widgets, each showing health, compliance, or error budget for different services. This provides a unified view of all security service SLOs in a single dashboard. Reference: https://cloud.google.com/monitoring/dashboards/slos"
GCP PSOE,You need to create a YARA-L detection rule in Google Security Operations (SecOps) that identifies when a user logs in from more than two different cities within a 10-minute time window. Which YARA-L rule structure correctly implements this detection?,Create a single-event rule that uses a regex pattern to extract multiple cities from each login event.,Use the match section to correlate events by user over 10m and add a condition that checks #city > 2 to count distinct city values.,Write separate rules for each city pair combination and use composite detection to correlate them.,Use the outcome section with an array function to store all login cities and trigger when the array exceeds two elements.,2,The match section with a time window enables correlation of multiple events over a specified period. Using a placeholder variable for city and the condition '#city > 2' counts distinct values. This multi-event rule structure is the correct approach for detecting login anomalies across locations. Reference: https://cloud.google.com/chronicle/docs/detection/yara-l-2-0-overview
GCP PSOE,You are building a Google Security Operations (SecOps) SOAR playbook that needs to execute response actions on endpoints located in an isolated network segment that cannot be reached directly from the cloud platform. What should you implement to enable the playbook to communicate with these endpoints?,Store playbook outputs in Cloud Storage and configure a scheduled task in the isolated network to poll for new commands.,Configure VPN connectivity between Google SecOps and the isolated network segment to enable direct API communication.,Create a webhook endpoint in the isolated network that receives playbook commands and executes them locally using custom scripts.,Deploy a Remote Agent on a server within the isolated network and configure integrations to run actions remotely through the agent.,4,"The Remote Agent securely connects a cloud Google SecOps instance to remote sites, enabling execution of actions and playbooks on environments that cannot be directly accessed from the cloud. The agent communicates with Google SecOps through the Publisher proxy server. Reference: https://cloud.google.com/chronicle/docs/soar/working-with-remote-agents/what-is-a-remote-agent"
GCP PSOE,You are configuring VPC Flow Logs for a subnet containing sensitive database servers to support threat hunting activities. The security team requires comprehensive visibility into connection attempts while managing storage costs. Which configuration balances security visibility requirements with cost optimization for detecting lateral movement threats?,Set the aggregation interval to 5 seconds with a secondary sampling rate of 10% and include only base fields without metadata annotations.,Set the aggregation interval to 15 minutes with a secondary sampling rate of 100% and exclude all metadata to minimize storage costs.,Set the aggregation interval to 5 seconds with a secondary sampling rate of 50% and include all metadata annotations for maximum context.,Set the aggregation interval to 10 minutes with a secondary sampling rate of 100% and filter to only capture traffic on ports 22 and 443.,3,"A 5-second aggregation interval provides granular visibility into rapid connection attempts typical of lateral movement and scanning, while 50% secondary sampling reduces log volume and costs. Including all metadata annotations provides essential context like source and destination VPC, instance, and project information needed for threat investigation and correlation. Reference: https://cloud.google.com/vpc/docs/using-flow-logs"
GCP PSOE,"Your security operations team needs to create executive dashboards that visualize historical incident trends, including mean time to detect (MTTD) and mean time to remediate (MTTR), from Google Security Operations (SecOps) data. The dashboards must be shareable with stakeholders who do not have access to the SecOps platform. What should you do?",Export Google SecOps data to BigQuery and connect Looker Studio to the BigQuery dataset to create interactive dashboards.,Use the built-in SOAR advanced reports with Looker Explores and export individual report PDFs to stakeholders on a scheduled basis.,Create scheduled queries in BigQuery that compute incident metrics and email the query results to stakeholders daily using Cloud Functions.,Configure Google SecOps to stream detections directly to Looker Studio using the BigQuery connector without intermediate storage.,1,"Google SecOps can export data including rule detections, IOC matches, and UDM events to BigQuery. Looker Studio can then connect directly to BigQuery tables and views, allowing you to create interactive visualizations and share them with stakeholders without requiring SecOps platform access. Reference: https://cloud.google.com/chronicle/docs/reports/overview-chronicle-bigquery"
GCP PSOE,"Your security team has completed a major incident investigation in Google Security Operations (SecOps) and needs to document the case resolution details for compliance reporting. Leadership requires a quarterly report showing incident trends, case closure rates, and mean time to remediate (MTTR). You need to design a sustainable solution using Google Cloud tools. What should you do?",Use the built-in SOAR Dashboards widgets to track SOC metrics and manually export PDF screenshots quarterly for leadership review.,Create custom YARA-L rules to aggregate case resolution statistics and output them to the Detection Engine for automated reporting.,Export Google SecOps data to BigQuery and connect Looker Studio to create interactive dashboards that visualize case metrics and incident trends over time.,Configure Cloud Logging to export all SecOps audit logs directly to a Cloud Storage bucket and use Google Sheets for analysis.,3,"Google SecOps provides managed data export to BigQuery that includes rule detections, UDM events, and ingestion metrics. Looker Studio (or other BI tools) can connect to BigQuery to create customizable dashboards and reports for compliance reporting. This approach supports long-term trend analysis and stakeholder communication. Reference: https://cloud.google.com/chronicle/docs/reports/overview-chronicle-bigquery"
GCP PSOE,"Your organization recently enabled curated detection rule sets in Google SecOps and wants to monitor which rules are generating detections, track detection trends over time, and understand which MITRE ATT&CK techniques are being detected. Which dashboard configuration provides the most comprehensive view?",Navigate to the Main dashboard and review the Alerts total count and Global Threat Map visualization for IoC-based detection activity.,"Use the Curated Detections dashboard to view rule sets with detection activity, charts tracking rule activity over time, and MITRE technique mappings for each rule.",Configure the Cloud Detection and Response dashboard with GCP Log Type filters to view CDIR alerts and data source coverage percentages.,Create a custom dashboard using the Rule Detections Explore with detection count measures grouped by rule_name and severity dimensions.,2,"The Curated Detections dashboard displays information about each curated detection rule that generated detections, grouped by rule set. It includes charts tracking activity for each rule, detection counts, and MITRE ATT&CK technique mappings — providing comprehensive visibility into detection effectiveness. Reference: https://cloud.google.com/chronicle/docs/detection/curated-detections"
GCP PSOE,Your organization has integrated Jira with Security Command Center Enterprise for case management. Security analysts report that tickets are not being created for threat detection findings generated by Event Threat Detection. You need to configure the system to create Jira tickets for threat cases. What should you do?,"Customize the threat response playbooks by adding a Jira ticket creation action, or create new playbooks specifically for threat cases.",Update the Jira integration credentials in the SOAR Settings to enable automatic ticket creation for all finding types.,Enable the Posture Findings With Jira playbook and configure it to include Event Threat Detection findings in its scope.,Reconfigure the SCC Enterprise – Urgent Posture Findings Connector to include threat findings in its ingestion scope.,1,"By default, cases containing threat findings have no related tickets even when a ticketing system is integrated with Security Command Center Enterprise. To use tickets for threat cases, you must customize available playbooks by adding an action or create new playbooks that include ticket creation steps. Reference: https://cloud.google.com/security-command-center/docs/cases-overview"
GCP PSOE,"Your organization created an aggregated sink at the organization level to route Admin Activity audit logs to a Cloud Storage bucket. After verifying the sink configuration, you notice that log entries are arriving with a consistent delay of several hours. You need to understand this behavior to set appropriate expectations with stakeholders. What explains this delay?","The Log Router's temporary buffer is full, causing a backlog in log delivery to the Cloud Storage destination.",The organization-level aggregated sink has additional processing overhead that causes delays compared to project-level sinks.,"Routed log entries are saved to Cloud Storage buckets in hourly batches, and it typically takes 2 to 3 hours before entries appear at the destination.",Cloud Storage requires time to index incoming log files before they become visible in the bucket.,3,Cloud Logging sinks that route to Cloud Storage process logs in hourly batches. This batching behavior means logs are not written in real-time and there is an inherent delay of 2-3 hours before log entries appear in the Cloud Storage destination. Reference: https://cloud.google.com/logging/docs/export/storage
GCP PSOE,"Platform operations""Your organization has a folder structure where a production folder and a development folder exist under the organization node. A list-based organization policy constraint denies values 'X' and 'Y' at the organization level. The development folder needs to also deny value 'Z' while maintaining the denials inherited from the organization. How should you configure the organization policy on the development folder?","Create an organization policy on the development folder that sets inheritFromParent to FALSE and specifies 'X', 'Y', and 'Z' in the deniedValues list.",Apply the restoreDefault value at the development folder level and create a new policy that denies all three values.,Delete the organization-level policy and create separate policies on both folders with their specific denied values.,Create an organization policy on the development folder that sets inheritFromParent to TRUE and adds 'Z' to the deniedValues list.,4,"Setting inheritFromParent to TRUE merges the parent policy with the child policy. The effective policy will deny values 'X', 'Y' (inherited from the organization), and 'Z' (added at the folder level). This properly maintains the inherited denials while extending them. Reference: https://cloud.google.com/resource-manager/docs/organization-policy/understanding-hierarchy"
GCP PSOE,"During an incident investigation, you discover that a service account key has been compromised. The compromised service account was used to generate short-lived credentials through the Service Account Credentials API. You need to immediately revoke all access associated with this compromised credential. What should you do?",Create an IAM deny policy for the service account to block all permissions and rotate the service account key.,Disable or delete the compromised service account to immediately revoke both the service account key and any short-lived credentials.,Delete the compromised service account key and wait for all short-lived credentials to expire naturally.,Disable the compromised service account key using the IAM API and create a new key for legitimate workloads.,2,"Deleting a service account key alone does not revoke short-lived credentials that were issued based on the key. To revoke compromised short-lived credentials, you must disable or delete the service account itself. This immediately terminates all access for any workload using that service account. Reference: https://cloud.google.com/docs/security/compromised-credentials"
GCP PSOE,"During a threat hunting exercise in Google Security Operations (SecOps), you identified a suspicious file hash that may be related to an ongoing campaign. You need to discover all related IOCs including associated domains, IP addresses, and URLs that share relationships with this hash. Which VirusTotal v3 integration actions should you use to expand your investigation?",Use the Search IOCs action with the hash as a parameter to find all related indicators in the VirusTotal dataset.,"Use the Enrich Hash action to automatically retrieve all related IOCs including domains, IPs, and URLs in a single enrichment call.",Use the Search Entity Graphs action to visualize and export all related IOCs from the hash's relationship graph.,"Use the Get Related Domains, Get Related IPs, and Get Related URLs actions to obtain all IOCs that have relationships with the file hash.",4,"The VirusTotal v3 integration provides specific actions - Get Related Domains, Get Related IPs, and Get Related URLs - designed to obtain related IOCs from a starting indicator such as a file hash. These actions require VirusTotal Enterprise (VTE) and support MD5, SHA-1, and SHA-256 hashes for pivoting to discover related infrastructure and indicators. Reference: https://cloud.google.com/chronicle/docs/soar/marketplace-integrations/virustotal-v3"
GCP PSOE,"Threat hunting""Your security team uses Google Security Operations (SecOps) with BigQuery data export enabled. You need to identify all historical IOC matches from the last 90 days to investigate potential compromises. Which BigQuery table should you query?","The ioc_matches table, which stores IOC matches found against UDM events.","The entity_graph table, which stores entity relationships and threat intelligence associations.","The rule_detections table, which stores detections returned by YARA-L rules.",The udm_events table with a filter for events containing threat intelligence indicators.,1,"Google SecOps exports IOC matches to the ioc_matches table in BigQuery. This table stores artifacts such as domains and IP addresses from events that match Indicator of Compromise feeds, making it the appropriate table for querying historical IOC matches. Reference: https://cloud.google.com/chronicle/docs/reports/overview-chronicle-bigquery"
GCP PSOE,You need to create a log-based metric that extracts API response latency values from application logs to identify anomalous performance that may indicate a security incident. The logs contain a JSON field with latency in milliseconds. Which type of log-based metric should you create?,A counter log-based metric with labels that extract the latency value for each unique response time.,A boolean log-based metric that evaluates whether latency exceeds a specified threshold value.,A system-defined log-based metric that tracks byte_count with a severity filter for error responses.,A distribution log-based metric with a value extractor configured to capture the latency field from the JSON payload.,4,"Distribution metrics accumulate numeric data extracted from log entries and are specifically designed for tracking values like latency. Distribution metrics record the count, mean, sum of squared deviations, and histogram buckets of extracted values, enabling analysis of latency patterns and identification of anomalies. Reference: https://cloud.google.com/logging/docs/logs-based-metrics/distribution-metrics"
GCP PSOE,Your organization wants to build real-time security dashboards in Looker Studio that display Security Command Center (SCC) findings. The dashboards must support historical trend analysis and allow stakeholders to drill down into specific finding categories and severities. You need to design the most effective data pipeline architecture. What should you do?,"Configure SCC continuous export to stream findings to BigQuery, then connect Looker Studio to the BigQuery dataset using the BigQuery connector.",Configure SCC Pub/Sub notifications and create a Cloud Function to write findings directly to Looker Studio data sources.,Use the SCC API to query findings directly from Looker Studio using a custom connector with OAuth authentication.,"Export SCC findings to Cloud Storage in JSON format, then import the files into Looker Studio using the file upload connector.",1,"SCC continuous export streams new and updated findings to BigQuery in near real-time. This feature is the recommended way to export Security Command Center findings to BigQuery because it is fully managed and creates a findings table clustered by source_id, finding_id, and event_time. Looker Studio can then connect directly to this BigQuery dataset to create interactive dashboards with drill-down capabilities. Reference: https://cloud.google.com/security-command-center/docs/how-to-analyze-findings-in-big-query"
GCP PSOE,"Observability""Your security team needs to detect when log sources stop sending data to Google SecOps SIEM. You want to configure Cloud Monitoring to alert when a custom metric tracking log ingestion volume has no data for 15 minutes. Which alerting policy condition type should you use?","Create a MetricThreshold condition with a static threshold of 0, a comparison of 'less than or equal to', and a retest window of 15 minutes to detect zero ingestion.",Create a PromQL-based alerting policy using the absent() function with a 15-minute evaluation interval to detect missing metric data.,Create a MetricAbsence condition that monitors the custom log ingestion metric and configure the trigger absence time to 15 minutes to alert when no data arrives.,Create a forecasted metric-value alerting policy that predicts when log ingestion will drop to zero within a 15-minute forecast window.,3,MetricAbsence conditions are designed to alert when monitored metrics stop receiving data for a specified duration. This is the appropriate approach for detecting silent log sources. The 15-minute trigger absence time aligns with the requirement. Reference: https://cloud.google.com/monitoring/alerts/metric-absence
GCP PSOE,Your organization has integrated Security Command Center Enterprise with Jira for ticketing. Security analysts notice that posture finding cases are not automatically creating Jira tickets. You need to ensure that vulnerability and misconfiguration findings create tickets when cases are opened. What should you do?,Run the Create SCC Enterprise Cloud Posture Ticket Type action manually on each existing case to establish the Jira integration.,"Update the SCC Enterprise - Cloud Orchestration and Remediation use case to the latest version, which automatically enables Jira integration.",Disable the Posture Findings - Generic playbook and enable the Posture Findings With Jira playbook in the Security Operations console.,Configure the SCC Enterprise - Urgent Posture Findings Connector to use Jira API credentials for direct ticket creation.,3,"When integrating with Jira, you must enable the appropriate playbook for your ticketing system. The Posture Findings With Jira playbook handles the synchronization between cases and Jira issues. The generic playbook must be disabled to avoid conflicts. Reference: https://cloud.google.com/security-command-center/docs/integrate-ticketing-systems"
GCP PSOE,"Your organization has enabled Container Threat Detection for GKE clusters running on Container-Optimized OS. After several weeks, you notice that Container Threat Detection findings are missing container-specific information such as container name and pod name. You need to determine the root cause of this issue. What is the most likely explanation?",Container Threat Detection is deployed in a VPC Service Controls perimeter that blocks communication with the metadata service.,The Container Threat Detection service agent lacks the Container Threat Detection Service Agent IAM role required to access container metadata.,The Kubernetes API server and container runtime are failing to deliver container information to the Container Threat Detection DaemonSet in time before findings are reported.,The GKE clusters are running on a version that does not support Container Threat Detection's container metadata collection feature.,3,Container Threat Detection passes container information through a user mode DaemonSet in a best-effort manner. Container information can be dropped from reported findings if Kubernetes and the container runtime fail to deliver the corresponding container information in time. Reference: https://cloud.google.com/security-command-center/docs/concepts-container-threat-detection-overview
GCP PSOE,You are designing a threat detection solution that uses BigQuery to correlate Cloud Logging data with threat intelligence indicators. Your organization generates approximately 50 TB of logs daily and requires cost-effective queries that can efficiently scan specific time ranges. Which table configuration should you use when creating the log sink to BigQuery?,Configure the log sink to route logs to a single non-partitioned table with clustering on the timestamp column for faster queries.,Configure the log sink to use date-sharded tables to separate logs into daily tables for easier management.,"Store logs in a log bucket with Log Analytics enabled, then create a linked BigQuery dataset to avoid partitioning configuration.","Configure the log sink to use partitioned tables, partitioning by the timestamp column to enable partition pruning for time-range queries.",4,"Partitioned tables allow BigQuery to scan only the partitions that match the filter, significantly reducing the bytes read and query costs. For time-series log data, partitioning by timestamp enables efficient time-range queries through partition pruning, which is essential for large-scale log analysis. Reference: https://cloud.google.com/bigquery/docs/partitioned-tables"
GCP PSOE,"Your organization is building a forensic investigation playbook in Google Security Operations (SecOps) SOAR. During incident response, you need to preserve forensic artifacts by copying disk snapshots and log exports to a dedicated Cloud Storage bucket. The evidence must remain immutable throughout the investigation and potential legal proceedings. What should you configure on the forensic evidence bucket?",Apply a retention policy without locking it and rely on IAM permissions to restrict delete operations from non-forensic accounts.,Enable Object Versioning on the bucket and create a lifecycle rule to archive older versions to Coldline storage after 30 days.,Set a retention policy on the bucket and lock it using Bucket Lock to prevent deletion or modification of evidence until the retention period expires.,Configure Dual-region storage with automatic failover to ensure evidence availability across multiple geographic locations.,3,Bucket Lock with a locked retention policy provides WORM (write-once-read-many) storage that prevents objects from being deleted or overwritten until the retention period expires. This is essential for maintaining chain of custody and meeting regulatory requirements for evidence preservation. Reference: https://cloud.google.com/storage/docs/bucket-lock
GCP PSOE,"While threat hunting in your GKE environment, you discover a Container Threat Detection finding indicating that a suspicious binary was executed that was not part of the original container image. You need to collect evidence from the affected container before remediation. What is the recommended approach?",Take a disk snapshot of the GKE node VM and create a forensic copy before any investigation to preserve the complete node state.,"Immediately delete the affected pod to prevent further damage, then review the Container Threat Detection findings in Security Command Center for forensic details.",Export the Container Threat Detection finding to Cloud Logging and use Log Analytics to query for all processes executed in the affected container.,Use kubectl exec to connect to the container environment and use kubectl cp to copy the suspicious binary to local storage for forensic analysis before stopping the container.,4,"If the container is still running, you can investigate the container environment directly using kubectl exec to connect to the container and kubectl cp to retrieve suspicious artifacts. This allows you to preserve evidence before remediation actions that would destroy the container state. The finding provides Pod_Name, Container_Name, and Pod_Namespace needed for these commands. Reference: https://cloud.google.com/security-command-center/docs/findings/threats/piped-encoded-download"
GCP PSOE,Your organization requires real-time notifications when Event Threat Detection identifies high-severity threats in your Google Cloud environment. You need to send these alerts to your third-party SIEM system. Security Command Center Premium tier is activated at the organization level. What should you configure?,Enable the Event Threat Detection API and configure your SIEM to poll the findings.list API endpoint every 60 seconds for new high-severity findings.,"Create a continuous export to Pub/Sub with a filter for high-severity Event Threat Detection findings, then configure your SIEM to subscribe to the Pub/Sub topic.",Configure Cloud Logging to export Event Threat Detection findings directly to your SIEM using a log router sink with severity filters.,Create a Cloud Run function that runs on a schedule to query Event Threat Detection findings and forward high-severity alerts to your SIEM.,2,"Continuous exports allow you to filter findings by severity and source, automatically publishing new findings to Pub/Sub in near-real time. Your SIEM can then subscribe to this topic to receive alerts. This is the recommended approach for organization-level SCC activations. Reference: https://cloud.google.com/security-command-center/docs/how-to-export-data"
GCP PSOE,Your organization uses Security Command Center Enterprise and you notice that Security Health Analytics is generating many findings that are being grouped into the same case. The security team wants to understand how case priority is determined when multiple findings with different severities are grouped together. How does Security Command Center Enterprise determine case priority?,"Case priority is calculated as a weighted average of all active finding severities, excluding muted findings from the calculation.","Case priority is based on the highest finding severity among all findings in the case, including muted findings.",Case priority is manually assigned by the case assignee based on their assessment of the overall risk of the grouped findings.,Case priority defaults to the severity of the first finding ingested into the case and remains unchanged as new findings are added.,2,"Security Command Center automatically sets case priority based on the highest severity property among all findings in a case. Even if a finding is muted, if it has the highest severity, it defines the case priority. This ensures critical issues receive appropriate attention even when some findings are suppressed. Reference: https://cloud.google.com/security-command-center/docs/cases-overview"
GCP PSOE,Your security team needs to correlate firewall logs from Cloud Logging with a threat intelligence feed containing known malicious IP addresses stored in a separate BigQuery table. You want to implement a detection mechanism that identifies connections to malicious IPs at scale with efficient query performance. What should you do?,Enable Cloud IDS to automatically match firewall traffic against the external threat intelligence feed without using BigQuery.,"Configure a log sink to route firewall logs to a BigQuery partitioned table, then create scheduled queries that use SQL JOINs to correlate the logs with the threat intelligence table.","Use Log Analytics to query firewall logs, then manually export results to BigQuery for comparison with the threat intelligence table on a weekly basis.","Configure a log sink to route firewall logs to Cloud Storage, then use Cloud Functions to parse logs and check each entry against the threat intelligence feed in real-time.",2,"Routing logs to a BigQuery partitioned table enables efficient SQL-based analysis at scale. Partitioned tables improve query performance by reducing bytes scanned through partition pruning. Scheduled queries with JOINs allow regular correlation between log data and the threat intelligence table, enabling detection of connections to known malicious IPs. Reference: https://cloud.google.com/logging/docs/export/bigquery"
GCP PSOE,"Your team has deployed a Cloud Function that automatically remediates Security Command Center findings. After deployment, you notice that some findings are being processed multiple times, causing redundant remediation attempts. What is the most likely cause and how should you address it?",Configure the Cloud Function to update the finding state to INACTIVE after successful remediation and modify the NotificationConfig filter to exclude INACTIVE findings.,Create a Cloud Spanner database to track processed finding IDs and implement deduplication logic in the Cloud Function before performing remediation.,Enable exactly-once delivery on the Pub/Sub subscription to guarantee that each finding notification is processed only once by the Cloud Function.,Increase the Pub/Sub message acknowledgment deadline to prevent message redelivery before the Cloud Function completes processing.,1,"When a finding is remediated, its state should be updated to INACTIVE in Security Command Center. If the NotificationConfig filter includes state = 'ACTIVE', updating the finding state prevents reprocessing. This ensures idempotent behavior and eliminates redundant remediation attempts. Reference: https://cloud.google.com/security-command-center/docs/how-to-api-manage-notifications"
GCP PSOE,Your incident response team is investigating a suspected container escape attack on a GKE node. Binary Authorization continuous validation (CV) detected that a pod is running an image from an untrusted directory. You need to determine whether the image was legitimately deployed with an override or if it represents a potential compromise. Which log query provides the most relevant forensic information?,Query Binary Authorization CV logs with filter logName containing 'continuous_validation' to view the CV check failure details and determine if the image should have been blocked.,Query Artifact Registry audit logs to determine when the untrusted image was pushed and by which identity to identify the potential attack origin.,Query Cloud Audit Logs with filter resource.type='k8s_cluster' and protoPayload.methodName containing 'pods.create' and the specific image reference to identify deployment method and any breakglass or dry-run labels.,Query Container Analysis API for attestation occurrences associated with the image digest to verify if proper attestations exist.,3,"Cloud Audit Logs for GKE clusters capture pod creation events with complete context including the deployment method, any Binary Authorization policy evaluation results, and labels indicating if breakglass or dry-run mode was used. This query reveals whether the untrusted image deployment was authorized or potentially malicious. Reference: https://cloud.google.com/binary-authorization/docs/viewing-audit-logs"
GCP PSOE,You are optimizing threat hunting operations in Google Security Operations (SecOps) and want to leverage the Google Threat Intelligence (GTI) score to prioritize IOC matches automatically. The GTI score system assigns numeric values to indicators based on their potential impact. Your team needs to understand how to interpret these scores for effective prioritization. Which statement accurately describes the GTI scoring system?,GTI score is calculated from VirusTotal community voting data and determines the number of antivirus engine detections for an indicator.,GTI score is a binary classification that marks indicators as either malicious or benign based on automated machine learning models.,"GTI score is a numeric value from 0-100 that represents an indicator's potential impact, combining Mandiant Threat Intelligence data with analyst expertise.",GTI score is assigned manually by security analysts when reviewing IOC matches and ranges from Low to Critical severity.,3,"The GTI score system calculates threat levels for indicators including domains, IP addresses, file hashes, and URLs. The score is a numeric representation from 0-100 of an indicator's potential impact if detected in an environment, combining Mandiant Threat Intelligence data with analyst expertise. Reference: https://cloud.google.com/chronicle/docs/detection/understand-ic-score"
GCP PSOE,Your organization is establishing a data classification baseline for Google Cloud assets. You need to configure Cloud Data Loss Prevention (DLP) to continuously monitor BigQuery tables across all projects in your organization and report sensitivity levels. The results must be integrated with Security Command Center (SCC) for centralized visibility. What should you do?,Use the DLP API content.inspect method to scan each table synchronously and store results in a BigQuery dataset for SCC integration.,Create individual inspection jobs for each BigQuery table and configure Pub/Sub notifications to forward results to Security Command Center.,Configure Cloud Audit Logs for BigQuery data access and create a Cloud Function to call the DLP API for classification when tables are modified.,"Configure a discovery scan configuration at the organization level, select relevant infoTypes, and enable the Publish to Security Command Center action.",4,"The discovery service continuously monitors data resources across the organization, classifies data into infoTypes, and calculates sensitivity levels. Enabling the Publish to Security Command Center action allows the data profiles to appear as findings in SCC for centralized asset context enrichment and risk management. Reference: https://cloud.google.com/sensitive-data-protection/docs/data-profiles"
GCP PSOE,Your security team needs to store Cloud Audit Logs in Cloud Storage for 7 years to meet regulatory compliance requirements. The logs must be immutable and cannot be deleted or modified before the retention period expires. Which Cloud Storage configuration should you implement?,Configure Object Lifecycle Management to transition logs to Archive storage class after 90 days with a delete action after 7 years.,Configure a retention policy on the Cloud Storage bucket with a 7-year retention period and lock the policy using Bucket Lock.,Set IAM policies on the Cloud Storage bucket to deny the storage.objects.delete permission for all users for 7 years.,Enable Object Versioning on the Cloud Storage bucket to preserve all historical versions of log files for 7 years.,2,"Bucket Lock with a locked retention policy provides WORM (Write Once Read Many) storage that prevents objects from being deleted or modified until the retention period expires. Locking the policy is an irreversible action that ensures compliance with regulatory requirements such as SEC 17a-4(f), CFTC, and FINRA. Reference: https://cloud.google.com/storage/docs/bucket-lock"
GCP PSOE,Your threat intelligence team has discovered new IOCs that may have been present in your environment before they were identified. You need to search for these IOCs across historical log data that was ingested into Google Security Operations (SecOps) over the past 30 days. You have already created a YARA-L detection rule that includes the IOCs in a reference list. What should you do?,Enable the rule with alerting turned on and wait for the detection engine to automatically re-evaluate all historical data.,Export all historical UDM events to BigQuery and run a SQL query that matches against the IOC reference list.,Update the reference list with the new IOCs and the detection engine will automatically scan all retained historical logs.,Execute a retrohunt for the rule specifying the 30-day historical time range to evaluate past events against the new detection logic.,4,Retrohunts allow you to run a rule against historical data over a specified time range. This is the proper method to search for IOCs within previously ingested data and identify if threats existed before the rule was created. Reference: https://cloud.google.com/chronicle/docs/detection/run-rule-historical-data
GCP PSOE,Your organization recently activated Security Command Center Premium tier and enabled Event Threat Detection. You want to detect network-based malware activity using domain resolution data. Some of your VPC networks have VPC Flow Logs disabled to manage logging costs. What should you do to enable malware detection while controlling costs?,Enable VPC Flow Logs with a 1-second aggregation interval and 100% sample rate to ensure comprehensive malware detection coverage.,Enable Cloud DNS logging for the VPC networks since Event Threat Detection can detect malware using domain resolution without requiring VPC Flow Logs.,Create Event Threat Detection custom modules to detect malware patterns in Cloud Audit Logs since they are always enabled and free.,Export all network logs to BigQuery and run Event Threat Detection queries against the exported data to detect malware activity.,2,"Event Threat Detection can detect malware using Cloud DNS logs through domain resolution. The documentation states that for most users, Cloud DNS logs are sufficient for network detection of malware. VPC Flow Logs provide additional visibility but incur costs, and Cloud DNS logging is a cost-effective alternative. Reference: https://cloud.google.com/security-command-center/docs/concepts-event-threat-detection-overview"
GCP PSOE,You want to create a Cloud Monitoring dashboard that visualizes Security Command Center findings by severity level over time. The dashboard should display metrics derived from SCC findings logs that are routed to Cloud Logging. What should you do first?,"Create log-based metrics in Cloud Logging using filters for SCC findings, then add chart widgets to the dashboard that query these metrics.",Import the SCC dashboard template from Cloud Monitoring's curated dashboard gallery and customize it.,Configure Security Command Center to export findings directly to Cloud Monitoring using the built-in metrics integration.,Create custom metrics using the Cloud Monitoring API that poll the Security Command Center API for finding counts.,1,"Log-based metrics allow you to derive Cloud Monitoring metrics from log entries. By creating log-based metrics filtered for SCC findings and grouped by severity, you can chart these metrics on custom dashboards to visualize finding trends over time. Reference: https://cloud.google.com/logging/docs/logs-based-metrics"
GCP PSOE,"During an active security incident investigation, you discovered a new malicious IP address that was not previously in your threat intelligence feeds. You need to determine whether any assets in your environment have communicated with this IP address during the past 90 days. Which approach should you use in Google Security Operations (SecOps)?",Execute a retrohunt using a YARA-L rule that matches network events containing the malicious IP address to search historical data.,Use the Asset view to manually search each asset's timeline for connections to the IP address over the investigation period.,Submit a request to Google Customer Care to add the IP address to the curated detection rule sets for future alerting.,Configure a new Applied Threat Intelligence feed containing the IP address and wait for the system to automatically correlate matches.,1,"Retrohunts allow you to run detection rules against historical data in Google SecOps. With 12 months of hot data retention by default, you can search across 90 days of data to identify any past communications with the malicious IP address. This is the most effective approach for searching historical data with specific IOCs. Reference: https://cloud.google.com/chronicle/docs/detection/run-rule-historical-data"
GCP PSOE,Your organization uses Cloud Identity to manage user identities and wants to detect potential privilege escalation attempts by monitoring when users are added to privileged Google Groups that have IAM role bindings. You want to create a baseline of normal group membership changes and alert on suspicious additions. Which log type should you prioritize for this detection use case?,Access Transparency logs filtered for IAM policy modifications by Google personnel,Google Workspace Login Audit logs filtered for authentication to privileged applications,Cloud Audit Logs Data Access audit logs for the IAM API service,Cloud Identity Admin audit logs filtered for Groups-related events showing membership modifications,4,"Admin audit logs track actions performed in the Google Admin Console, including when administrators add users to groups. Since Google Groups are the recommended way to grant access to Google Cloud resources through IAM policies, monitoring these logs for membership changes provides visibility into potential privilege escalation through group-based access control. Reference: https://cloud.google.com/blog/products/identity-security/logs-based-security-alerting-in-google-cloud"
GCP PSOE,Your organization is planning to deploy Event Threat Detection custom modules across a multi-tier Google Cloud environment. The security team needs to understand the quotas and limits that apply to custom module operations. Which statement accurately describes the limits for Event Threat Detection custom modules?,"Each project can have 50 custom modules, with inheritance from organization counting against the project quota and unlimited findings.","Custom modules have no configuration size limits, but API calls are rate-limited to 100 requests per minute per project.","Custom modules are unlimited, but findings are capped at 1000 per project per day to prevent alert fatigue.","The default quota allows 200 custom modules per organization, 6 MB maximum size per module, and 200 findings per parent resource per hour.",4,"Event Threat Detection custom modules have specific limits: a default quota of 200 custom modules that can be created, a 6 MB size limit for each custom module's configuration, and a rate limit of 200 custom module findings per parent resource (organization or project) per hour. Reference: https://cloud.google.com/security-command-center/docs/custom-modules-etd-overview"
GCP PSOE,Your security team needs to automatically trigger threat hunting searches in Google Security Operations (SecOps) whenever Security Command Center (SCC) detects a new high-severity threat finding. You want to build an event-driven architecture that uses Cloud Functions with Pub/Sub. What is the first configuration step you should complete?,Deploy a Cloud Function with an HTTP trigger that receives webhook calls directly from Security Command Center.,Create a Cloud Function that polls the Security Command Center API every minute to check for new high-severity findings.,Configure a Cloud Scheduler job to trigger a Cloud Function that queries SCC for findings on an hourly basis.,"Configure a continuous export in Security Command Center to send findings to a Pub/Sub topic, filtering for high-severity threat findings.",4,"SCC continuous exports allow automatic publishing of findings to Pub/Sub topics in near-real time, with filters to select specific finding types. This creates the event source that triggers downstream Cloud Functions for automated threat hunting. Reference: https://cloud.google.com/security-command-center/docs/how-to-export-data"
GCP PSOE,"Your organization uses Binary Authorization continuous validation (CV) with check-based platform policies on your GKE clusters. During a security review, you need to identify all running Pods whose container images no longer comply with the current security policy. The policy includes checks for trusted directories and image freshness. What should you do?",Use kubectl to describe each Pod and verify that images have the required attestations by checking Pod annotations.,Export the Binary Authorization policy and compare image digests of all running Pods against the requireAttestationsBy attestors.,Enable Binary Authorization enforcement mode to automatically terminate Pods that violate the platform policy and review termination events.,Query Cloud Logging using the filter logName:'binaryauthorization.googleapis.com/continuous_validation' to view CV policy violation logs for non-compliant Pods.,4,"Binary Authorization continuous validation (CV) periodically checks images associated with running Pods and logs violations to Cloud Logging. The log entries appear at the binaryauthorization.googleapis.com/continuous_validation path and include details about which checks failed, such as TrustedDirectoryCheck or image freshness violations. Reference: https://cloud.google.com/binary-authorization/docs/quickstart-cv"
GCP PSOE,"Security Command Center has detected a toxic combination finding in your production environment. The finding indicates a Compute Engine VM with a publicly accessible IP address has an unpatched critical CVE, and the VM has service account access to a Cloud Storage bucket containing customer data. You need to understand how to respond to this finding. What should you do?","Review the toxic combination case in the Risk section, examine the attack path evidence, and prioritize remediation of the contributing findings to eliminate the attack path.",Create a YARA-L rule in Google SecOps to correlate the individual findings and generate a custom alert for the combined risk scenario.,Mute the toxic combination finding since it is a duplicate detection of individual vulnerabilities already tracked by Security Health Analytics.,Disable the Risk Engine service to stop generating toxic combination findings and focus on individual vulnerability findings instead.,1,"Toxic combination findings identify when multiple security issues combine to create a significantly higher risk than any individual finding. Reviewing the case provides the attack path visualization and related findings, enabling you to understand and remediate the underlying issues that create the toxic combination. Reference: https://cloud.google.com/security-command-center/docs/toxic-combinations-manage"
GCP PSOE,"You are configuring a CI/CD pipeline in GitHub Actions that needs to deploy resources to Google Cloud. Following security best practices, you want to eliminate the use of service account keys. You have created a workload identity pool and provider for GitHub. When granting the Workload Identity User role on your deployment service account, which approach follows the principle of least privilege?",Grant the role at the project level so all service accounts in the project can be impersonated by GitHub workflows.,Grant the role to specific external identities using attribute conditions that match the GitHub repository and branch where deployments are authorized.,Grant the role to all members of the workload identity pool to simplify management across multiple repositories.,Create a service account key with a 90-day expiration and store it as a GitHub secret for improved security over permanent keys.,2,"Best practices recommend granting the Workload Identity User role to specific external identities or identities that match certain criteria, rather than to all members of a workload identity pool. Using attribute conditions to match specific repositories and branches ensures that only authorized GitHub Actions workflows can impersonate the service account. Reference: https://cloud.google.com/iam/docs/best-practices-for-using-workload-identity-federation"
GCP PSOE,Your organization wants to use Web Security Scanner to detect SQL injection vulnerabilities in your GKE-deployed web application that connects to Cloud SQL. You need to configure scans that maximize vulnerability detection coverage while minimizing the risk of data modification in production. What risk level configuration should you use?,Use managed scans instead of custom scans since managed scans automatically use safe read-only operations that cannot modify database records.,"Configure the custom scan with LOW risk level, which minimizes requests with the potential to modify data while still detecting SQL injection vulnerabilities.",Configure custom scans with NORMAL risk level and add the database tables to an exclude list to prevent any modification attempts.,"Configure the custom scan with NORMAL risk level to achieve maximum scan coverage, since Web Security Scanner automatically prevents data modification during scans.",2,"The LOW risk level is specifically designed to minimize requests that could potentially modify data. This is appropriate for scanning production environments where data integrity is critical. SQL injection detection capabilities are maintained, but the scanner is more conservative in its testing approach. Reference: https://cloud.google.com/python/docs/reference/websecurityscanner/latest/google.cloud.websecurityscanner_v1.types.ScanConfig"
GCP PSOE,Your organization activated Security Command Center Premium at the organization level and enabled Event Threat Detection. You want to ensure your security operations team receives near-real-time notifications when high-severity threat findings are generated. The notifications should be sent to your existing SIEM system that can consume from Pub/Sub. What should you configure?,Enable the SCC Enterprise tier and use Google Security Operations SOAR playbooks to send notifications to your external SIEM system.,"Create a continuous export to Pub/Sub with a filter for threat findings and high severity, then configure your SIEM to subscribe to the designated Pub/Sub topic.","Configure Cloud Logging exports from Security Command Center to Cloud Logging, then create a log-based alert that forwards to Pub/Sub.","Create a BigQuery export configuration with a filter for high-severity threats, then configure your SIEM to query BigQuery periodically.",2,Continuous exports automatically export new findings to Pub/Sub in near-real time when they match the filter criteria. You can create a filter like severity='HIGH' AND findingClass='THREAT' to export only high-severity threat findings. Your SIEM can then subscribe to the Pub/Sub topic to ingest findings into your existing workflow. Reference: https://cloud.google.com/security-command-center/docs/how-to-export-data
GCP PSOE,Your compliance team requires that security logs stored in Cloud Storage cannot be deleted or modified for seven years to meet SEC regulations. You need to configure the Cloud Storage bucket that receives routed logs from Cloud Logging. What should you do?,Configure Object Versioning on the bucket and set a lifecycle rule to delete versions after seven years.,Set a lifecycle rule on the bucket that transitions objects to Archive storage after 30 days with a minimum retention period of seven years.,Set a retention policy on the Cloud Storage bucket with a seven-year retention period and lock the retention policy.,Create an organization policy constraint that restricts object deletion on the bucket for seven years.,3,Bucket Lock lets you set a retention policy on a bucket that prevents objects from being deleted or modified until the retention period expires. Locking the policy makes it permanent and helps meet regulatory requirements like SEC compliance. Reference: https://cloud.google.com/storage/docs/bucket-lock
GCP PSOE,Your organization is implementing Security Command Center Enterprise and wants to automatically assign posture finding cases to the appropriate resource owners for remediation. You need to configure the system to determine resource ownership. What is the order of precedence that Security Command Center uses to determine the resource owner for posture findings?,"Cloud tags, then Essential Contacts, then the Fallback Owner parameter in the SCC Enterprise – Urgent Posture Findings Connector.","The project owner IAM role, then folder-level security contacts, then organization administrators.","The Fallback Owner parameter, then Cloud tags, then a random assignment from the Security Operations team.","Essential Contacts, then Cloud tags, then the IAM principal who created the resource.",1,"Security Command Center determines resource ownership following this specific order of precedence. The connector first checks for cloud tags inherited from the resource, then Essential Contacts if no tags exist, and finally uses the Fallback Owner parameter as the default assignee if neither is available. Reference: https://cloud.google.com/security-command-center/docs/determine-ownership-posture-findings"
GCP PSOE,"Your organization has detected a compromised VM in a production VPC network. You need to design an incident containment playbook that immediately isolates the infected VM from the rest of the network while allowing forensic analysis from a dedicated security team. According to Google Cloud best practices, which approach should you implement in the containment playbook?",Apply a network tag to the infected VM and create high-priority VPC firewall rules that deny all ingress and egress traffic except from the forensics team's subnet CIDR.,Configure a new service account on the infected VM and use service account-based firewall rules to restrict traffic to forensics infrastructure only.,Modify the VPC subnet's Private Google Access settings to prevent the infected VM from accessing any external resources or Google APIs.,Create a new VPC Service Controls perimeter in enforced mode and move the infected project to isolate it from all Google Cloud managed services immediately.,1,VPC firewall rules using network tags allow you to immediately isolate specific VMs by applying deny rules that block all traffic except from specified trusted sources. High-priority rules ensure these containment rules take precedence over existing allow rules. This approach enables forensic analysis while preventing lateral movement. Reference: https://cloud.google.com/firewall/docs/firewalls
GCP PSOE,Your security team detected a potential data exfiltration incident involving a Cloud Storage bucket. You need to investigate what configuration changes were made to the bucket's IAM policy over the past two weeks to identify when unauthorized access was granted. What should you do?,"Navigate to the Security Command Center Assets page, select the bucket, and view the Change History tab to see IAM modifications.",Use the Cloud Asset Inventory BatchGetAssetsHistory API with the IAM_POLICY content type to retrieve the bucket's IAM policy history for the specified time window.,Query Cloud Audit Logs for SetIamPolicy operations on the bucket and reconstruct the policy change timeline manually.,Export the current IAM policy using gcloud storage buckets get-iam-policy and compare it against backup copies from your configuration management system.,2,"BatchGetAssetsHistory retrieves the change history for specified assets within a time window up to 35 days in the past. By specifying the IAM_POLICY content type, you can see all IAM policy versions and when changes occurred for the Cloud Storage bucket. Reference: https://cloud.google.com/asset-inventory/docs/get-asset-history"
GCP PSOE,Your security team is using Google Security Operations (SecOps) SOAR to manage incident response. Analysts report that playbooks are running to completion before manual approvals can be obtained from the security manager. You need to configure the playbook to pause and notify the appropriate person while waiting for approval. What should you do?,Create a separate playbook block that sends an email to the security manager requesting approval before continuing.,"Configure the action's Action Type as Manual, assign it to a specific user or SOC role, and add a message explaining what needs to be done.",Enable the Time to respond setting on the trigger to ensure analysts have time to review before the playbook starts.,Add a conditional flow step that checks whether the security manager has responded in the past 24 hours before proceeding.,2,"When you set an action's Action Type to Manual and assign it to a user or SOC role, the playbook pauses execution at that step. The manual action appears in the Pending Actions widget, requiring the assignee to execute or skip the action before the playbook continues. Reference: https://cloud.google.com/chronicle/docs/soar/respond/working-with-playbooks/assign-actions-and-playbook-blocks"
GCP PSOE,Your security operations center has received intelligence about a new threat campaign using specific domains for command and control communications. You need to configure Event Threat Detection to detect if any resources in your organization communicate with these malicious domains. The built-in Malware: Bad Domain detector does not recognize these newly identified domains. What is the most appropriate approach?,Submit a feature request to Google to add the domains to the built-in threat intelligence database used by the Malware: Bad Domain detector.,Configure VPC Service Controls to block all outbound traffic to the malicious domains and export the blocked connection logs to Security Command Center.,Create a Configurable Bad IP custom module and add the resolved IP addresses of the malicious domains to the module configuration.,Enable Cloud DNS logging across your organization and create a Configurable Bad Domain custom module with your threat intelligence domains to detect DNS queries.,4,The Configurable Bad Domain custom module allows you to specify custom domain indicators that Event Threat Detection will use to generate findings when DNS queries match. Cloud DNS logging must be enabled for Event Threat Detection to analyze domain resolution activity and detect connections to the specified malicious domains. Reference: https://cloud.google.com/security-command-center/docs/custom-modules-etd-overview
GCP PSOE,Your threat hunting team receives a new batch of high-confidence IOCs from Mandiant related to an active breach campaign. You need to determine if any of these IOCs have been seen in your environment over the past 90 days using Google SecOps. The team wants to use the most effective method for searching historical data. What should you do?,Run a retrohunt using YARA-L rules that match the new IOCs against historical event data stored in Google SecOps.,Create reference lists with the IOCs and configure the detection engine to generate alerts on all previously ingested events.,Export all historical logs to BigQuery and run SQL queries matching the IOCs against the exported data.,Enable Applied Threat Intelligence curated detections and wait for alerts to be generated based on the new IOCs.,1,Retrohunt allows you to use rules to search for detections throughout existing historical data in Google SecOps. This is the most effective method for searching past events against newly discovered IOCs across a specified time period. Reference: https://cloud.google.com/chronicle/docs/detection/run-rule-historical-data
GCP PSOE,Your security team is designing an incident response playbook to prevent data exfiltration from sensitive BigQuery datasets during a potential breach. You need to implement a containment mechanism that restricts which external resources can receive data from protected projects. Which VPC Service Controls configuration should you include in the playbook?,Configure IAM deny policies on the BigQuery datasets to prevent any data export operations to external projects.,"Configure egress rules in the service perimeter to restrict which external projects, services, and identities can receive data from resources inside the perimeter.",Create VPC firewall rules with destination IP ranges that block all egress traffic from VMs in the protected project to prevent BigQuery data exports.,Enable VPC accessible services to restrict which services are available from network endpoints inside the perimeter.,2,"VPC Service Controls egress rules allow you to constrain the exact services, methods, Google Cloud projects, VPC networks, and identities that can access data outside the perimeter, minimizing exfiltration risk during an incident. Reference: https://cloud.google.com/vpc-service-controls/docs/ingress-egress-rules"
GCP PSOE,"During a security incident investigation, you need to test new VPC Service Controls perimeter configurations to contain a potential threat without disrupting production workloads. You want to validate that the containment rules will block unauthorized access patterns observed in your logs while ensuring legitimate business processes continue functioning. What should you do?","Deploy the new perimeter configuration using dry-run mode, analyze violation logs in BigQuery to validate effectiveness, then enforce the configuration once validated.",Use the VPC Service Controls violation analyzer to retroactively assess how the new configuration would have affected historical access patterns.,Deploy the perimeter in enforced mode during a maintenance window when traffic is minimal to reduce potential business impact.,"Create the perimeter in enforced mode on a test project, simulate attack patterns, then apply the same configuration to production projects.",1,"Dry-run mode logs violations without blocking access, allowing you to test containment configurations against live traffic patterns. You can export logs to BigQuery for analysis, verify that the configuration blocks the threat patterns while permitting legitimate access, then enforce once validated. Reference: https://cloud.google.com/vpc-service-controls/docs/dry-run-mode"
GCP PSOE,Your organization recently activated Security Command Center Premium at the organization level. You want Event Threat Detection to detect malware-related threats by monitoring network connections to known malicious IP addresses. You have Cloud DNS logging enabled but need additional network visibility. What should you consider when enabling VPC Flow Logs for this purpose?,"Cloud DNS logs are required to enable VPC Flow Log analysis in Event Threat Detection, and both log types must be enabled simultaneously.",VPC Flow Logs must be configured with a 1-second aggregation interval and 100% sample rate to ensure Event Threat Detection can detect all malware communications.,Event Threat Detection requires VPC Flow Logs for all network-based threat detection and cannot detect malware using Cloud DNS logs alone.,"VPC Flow Logs can incur costs, so Google recommends increasing the aggregation interval to 15 minutes and reducing the sample rate to 5-10% to balance detection recall with cost management.",4,"While VPC Flow Logs provide additional network visibility beyond Cloud DNS logs for malware detection, they can incur costs. Google recommends increasing the aggregation interval to 15 minutes and reducing the sample rate to between 5% and 10% to manage costs, though there is a tradeoff between recall (higher sample rate) and cost management. Reference: https://cloud.google.com/security-command-center/docs/concepts-event-threat-detection-overview"
GCP PSOE,You need to configure Security Command Center to automatically detect when resources in your environment communicate with malicious domains identified by your security research team. The solution must generate findings in SCC with custom descriptions and remediation steps. Which approach should you use?,Enable the built-in Malware: Bad Domain Event Threat Detection detector and upload your domains list to Google Threat Intelligence for automatic detection.,"Export Cloud DNS logs to BigQuery and create scheduled queries that match DNS requests against your malicious domains list, then use Cloud Functions to create SCC findings.","Create an Event Threat Detection custom module using the CONFIGURABLE_BAD_DOMAIN module type, specifying your domains list and configuring custom metadata including description and recommendation fields.",Configure Cloud Armor security policies with custom rules to block traffic to malicious domains and enable logging to generate findings in Security Command Center.,3,"Event Threat Detection provides the CONFIGURABLE_BAD_DOMAIN custom module type that allows you to configure detection for connections to specific domains you maintain. The module template lets you define custom metadata including severity, description, and remediation recommendations that appear in the generated findings. Reference: https://cloud.google.com/security-command-center/docs/custom-modules-etd-overview"
GCP PSOE,Your organization has multiple applications deployed on Google Kubernetes Engine (GKE) that access various Google Cloud APIs. The security team has raised concerns about over-permissioning in the current configuration where all applications share a single service account with broad permissions. You want to implement least privilege access while using Workload Identity Federation for GKE. What should you do?,Create a single service account with fine-grained IAM conditions that restrict access based on the requesting Pod's namespace and service account name.,Grant each GKE namespace the Workload Identity User role on all service accounts and let administrators manage access at the namespace level only.,Use the default Compute Engine service account for all workloads and configure access scopes to restrict API access for each application.,Create dedicated service accounts for each application and grant each service account only the specific IAM roles needed for that application's API access.,4,Best practices recommend creating dedicated service accounts for each application. Using application-specific service accounts helps avoid over-permissioning by only granting access to resources that each individual application requires. This follows the principle of least privilege and enables better auditability. Reference: https://cloud.google.com/iam/docs/best-practices-for-using-workload-identity-federation
GCP PSOE,Your organization has deployed Security Command Center Enterprise and wants to implement case management for toxic combination findings. You need to configure the system to automatically create and manage cases for these high-risk findings. What is required to enable toxic combination case management?,Configure the Google Chronicle - Chronicle Alerts Connector to ingest toxic combination findings and manually create playbook triggers.,"Install the SCC Enterprise - Cloud Orchestration and Remediation use case version dated June 25, 2024 or later from the Security Operations console Marketplace.",Create custom YARA-L rules in Google SecOps to detect toxic combination patterns and configure alert-to-case mappings.,Enable the toxic combination detection module in Security Health Analytics settings and configure a custom Pub/Sub notification channel.,2,"The toxic combination feature requires the June 25, 2024 or later release of the SCC Enterprise - Cloud Orchestration and Remediation use case. This use case introduces widgets, playbooks, and enhancements to support the management of toxic combination findings and cases in the Security Operations console. Reference: https://cloud.google.com/security-command-center/docs/toxic-combinations-manage"
GCP PSOE,"Your SOC team has developed a common notification and approval workflow that multiple playbooks need to incorporate. The workflow includes sending emails, requesting manager approval, and changing case stages. Team members frequently update this workflow to improve response times. You want to ensure all playbooks using this workflow benefit from updates automatically. What should you implement in Google SecOps SOAR?",Create a custom integration in the IDE that encapsulates the entire workflow as a single action.,Create a standalone playbook and manually copy its steps into each parent playbook that requires it.,Create a playbook block with input parameters for the workflow and insert it into parent playbooks.,Export the workflow as a use case and import it separately into each environment.,3,"Playbook blocks are reusable mini-playbooks that implement common workflows across multiple playbooks. Any edit to a block automatically affects all playbooks that incorporate it, which meets the requirement for automatic updates. Blocks can accept input parameters to adjust their behavior when used in different contexts. Reference: https://cloud.google.com/chronicle/docs/soar/respond/working-with-playbooks/working-with-playbook-blocks"
GCP PSOE,Your organization operates a security API gateway that handles authentication and authorization requests from multiple applications. You need to create an SLO in Cloud Monitoring to track the latency performance of your security service. The SLI requires measuring the 95th percentile latency to ensure it remains below 100 milliseconds for at least 99% of measurement windows over a 28-day period. Which SLO type should you use?,A request-based SLO using TimeSeriesRatio to calculate the ratio of fast requests to total requests.,A request-based SLO using a DistributionCut structure to measure the fraction of requests completing under 100 milliseconds.,A windows-based SLO because the raw metric is a latency percentile that requires measuring goodness over discrete time windows.,A request-based SLO configured with GAUGE metric kind to track instantaneous latency values.,3,"Windows-based SLOs are required when the raw metric is a latency percentile. This approach measures the number of time windows where the 95th percentile latency meets the threshold, then calculates compliance as the fraction of good windows to total windows. Reference: https://cloud.google.com/stackdriver/docs/solutions/slo-monitoring/sli-metrics/lb-metrics"
GCP PSOE,Your organization uses Security Command Center Enterprise tier and needs to prioritize remediation of vulnerability findings that pose the highest risk to your critical production systems. The security team wants to focus on vulnerabilities that provide potential attackers with the easiest path to your high-value resources. Which SCC capability should you use to prioritize remediation?,Create custom compliance standards in SCC and prioritize vulnerabilities based on the number of compliance violations associated with each finding.,Filter vulnerability findings by severity classification and prioritize CRITICAL severity findings over HIGH severity findings for immediate remediation.,"Use attack exposure scores calculated by the Risk Engine to prioritize findings that expose high-value resources, then sort findings by score on the Findings page.","Use the CVSS base scores from vulnerability findings to prioritize remediation, focusing on findings with CVSS scores above 9.0.",3,Attack exposure scores are dynamic indicators calculated after findings are generated. The score is specific to each finding instance and is based on factors including which resource instances are affected and the difficulty an attacker would face reaching high-value resources. You can sort findings by attack exposure score on the Findings page to identify the highest-risk vulnerabilities. Reference: https://cloud.google.com/security-command-center/docs/vulnerabilities-prioritize-remediation
GCP PSOE,"During an incident investigation, you suspect that a compromised service account may have been used to access resources across multiple projects in your organization. You want to determine all IAM role bindings that grant this service account access to any resources within your organization's scope. Which approach should you use?",Use the IAM Troubleshooter to check if the service account has access to each resource individually across all projects.,Query Cloud Audit Logs for all protoPayload.serviceName='iam.googleapis.com' entries containing the service account email.,Use IAM Policy Analyzer with the service account email as the principal parameter and scope the query to the organization.,Export all project-level IAM policies to BigQuery and run SQL queries to search for the service account in member fields.,3,"IAM Policy Analyzer lets you query for all IAM role bindings that match specific criteria. By specifying the service account as the principal and setting the organization as the scope, it will analyze allow policies attached to the organization and all descendant resources to find where the service account has access. Reference: https://cloud.google.com/policy-intelligence/docs/analyze-iam-policies"
GCP PSOE,Your security team has identified a new threat campaign affecting your industry. You have a list of file hashes associated with this campaign and want to determine whether any of these IOCs have appeared in your Google Security Operations (SecOps) environment over the past 90 days. You want to use the most efficient method to correlate these IOCs with historical event data. What should you do?,Create a YARA-L detection rule matching the file hashes and run a retrohunt against the historical data.,Enable Applied Threat Intelligence and wait for automatic IOC matching to occur.,Export your logs to BigQuery and use SQL queries with the file hash list to search historical data.,Configure the VirusTotal v3 integration Search IOCs action to query each hash against your SIEM data.,1,"A retrohunt allows you to run a YARA-L rule against existing historical data in Google SecOps to search for detections throughout that data. By creating a rule that matches the known malicious file hashes and executing a retrohunt, you can efficiently identify if any of these IOCs appeared in your environment over the past 90 days. Reference: https://cloud.google.com/chronicle/docs/detection/run-rule-historical-data"
GCP PSOE,Your security team has enabled Applied Threat Intelligence (ATI) curated detections in Google Security Operations (SecOps). You notice that analysts are receiving a high volume of alerts for medium-priority IOC matches but want them to focus primarily on active breach and high-priority indicators. What should you do to optimize alert prioritization?,Configure the IOC matches page filter to only display Active Breach and High priority IOCs and train analysts to use this view.,Disable the Medium Priority Host Indicators and Medium Priority Network Indicators rule sets while keeping Active Breach and High Priority rule sets enabled.,Create a suppression rule to filter out all IOC matches that have a GTI score below 80.,Modify the ATI detection rules to change the priority threshold from medium to high in the rule conditions.,2,"ATI curated detections include separate rule sets for different priority levels including Active Breach, High, and Medium. You can selectively enable or disable individual rule sets to focus analyst attention on the most critical indicators. Reference: https://cloud.google.com/chronicle/docs/detection/ati-curated-detections"
GCP PSOE,Your organization uses Google Security Operations (SecOps) SOAR to automate phishing investigations. You need to configure a playbook that triggers only when an alert contains the word 'malware activity' in the alert name. Which trigger type should you use in the playbook?,All trigger to capture every alert and add a conditional flow step to filter for 'malware activity'.,Alert Type trigger configured with the value 'malware activity'.,Product Name trigger with 'malware activity' as the product identifier.,Custom Trigger with a placeholder condition matching 'malware activity' in the alert name field.,4,"Custom Trigger allows you to define custom placeholders for highly specific matches, such as checking if the alert name includes specific text like 'malware activity'. This provides the most precise control for conditional triggering based on alert field values. Reference: https://cloud.google.com/chronicle/docs/soar/respond/working-with-playbooks/using-triggers-in-playbooks"
GCP PSOE,Your organization has deployed Event Threat Detection custom modules at the organization level to detect connections to suspicious IP addresses. A development project team wants to disable one specific inherited custom module for their project without affecting other projects. What should the project team do?,Clone the organization-level custom module to the project level and configure it with different detection parameters.,Delete the custom module at the organization level and recreate it with an exclusion for the development project.,Submit a request to Cloud Customer Care to add the development project to an exclusion list for the custom module.,Update the inherited custom module's enablement state to DISABLED at the project level using the Google Cloud console or gcloud CLI.,4,"When you enable or disable an inherited custom module, your changes are only applied to your current resource level. The original custom module residing at the parent level is not affected. This allows the project team to disable the module for their project while other projects continue to inherit the enabled state. Reference: https://cloud.google.com/security-command-center/docs/use-custom-modules-etd"
GCP PSOE,"Your organization has configured multiple continuous exports to Pub/Sub for Security Command Center findings, but you discover that some critical findings are not being delivered to the Pub/Sub topic. You have verified that the NotificationConfig filter is correct and the Pub/Sub topic exists. What should you investigate to resolve this issue?",Confirm that VPC Service Controls ingress rules allow the Security Command Center API to access the Pub/Sub topic if the topic is in a service perimeter.,Check if the Pub/Sub subscription has expired due to 31 days of inactivity and recreate it with the 'never' expiration setting.,Verify that the NotificationConfig was created with the v2 API and recreate it if it shows the 'Legacy' label in the console.,Verify that the Security Command Center service agent has the securitycenter.notificationServiceAgent role on the Pub/Sub topic.,4,"When a NotificationConfig is created, a service account is automatically created and requires the securitycenter.notificationServiceAgent role to publish notifications to the Pub/Sub topic. If this role is missing, notifications will fail to be delivered. Reference: https://cloud.google.com/security-command-center/docs/how-to-notifications"
GCP PSOE,"Detection engineering""You are managing Security Command Center for a large enterprise. Security Health Analytics is generating findings for a specific set of Cloud Storage buckets that your team has determined are false positives due to a legitimate business exception. You want to prevent Security Health Analytics from creating findings for these specific buckets without affecting detection for other resources. What should you do?",Disable the specific Security Health Analytics detector module that is generating the false positive findings for the entire organization.,Create a Security Health Analytics custom module that excludes the specific bucket names from its detection logic.,Manually set the finding state to INACTIVE for each false positive finding as they are generated.,Create a dynamic mute rule with a filter that matches the specific bucket resource names to automatically mute findings for those buckets.,4,Dynamic mute rules can target specific resources using filters that match on resource names or other attributes. The mute rule will automatically suppress findings for the specified buckets while allowing detection to continue for all other resources. Muted findings remain available for audit purposes. Reference: https://cloud.google.com/security-command-center/docs/how-to-mute-findings
GCP PSOE,Your organization uses both Security Command Center (SCC) Premium and Google Security Operations (SecOps). You want to enhance threat hunting by correlating SCC Event Threat Detection findings with additional log sources such as Cloud Audit Logs and BigQuery context data. What should you configure in Google SecOps?,Export SCC findings to Cloud Logging and create custom SQL queries in Log Analytics to correlate with other logs.,Enable the CDIR SCC Enhanced rule sets to correlate Security Command Center findings with other Google Cloud data sources.,Configure Event Threat Detection custom modules to directly query BigQuery tables during log analysis.,Enable Applied Threat Intelligence to automatically correlate SCC findings with Mandiant IOCs.,2,"CDIR SCC Enhanced rule sets contain context-aware rules that correlate Security Command Center findings (such as Exfiltration, Defense Evasion, and Malware findings) with data from other Google Cloud sources including Cloud Audit Logs. These rule sets are specifically designed for enhanced threat detection through correlation. Reference: https://cloud.google.com/chronicle/docs/detection/cloud-threats-category"
GCP PSOE,Your organization has deployed Google Security Operations (SecOps) SIEM and wants to detect communication with known malicious IP addresses based on threat intelligence from the Applied Threat Intelligence (ATI) feature. You need to ensure that only high-confidence IOCs generate alerts while reducing noise from lower-confidence indicators. What should you do?,Enable only the Medium Priority Host Indicators rule set and configure custom alert thresholds in Cloud Monitoring.,Create a custom YARA-L rule that matches all IP addresses against a manually maintained reference list of known malicious IPs updated weekly.,Enable the Applied Threat Intelligence curated detection rule sets for Active Breach Priority Network Indicators and High Priority Network Indicators with alerting turned on.,Configure all IOC feeds to generate alerts regardless of confidence score and use SOAR playbooks to filter low-confidence alerts.,3,"Applied Threat Intelligence curated detection rule sets automatically correlate ingested UDM events against Mandiant threat intelligence data and prioritize IOCs with 'Active Breach' or 'High' labels. These rule sets generate alerts only when matches meet high-confidence thresholds, reducing noise from lower-priority indicators. Reference: https://cloud.google.com/chronicle/docs/detection/ati-curated-detections"
GCP PSOE,Your organization has activated Security Command Center Premium at the organization level and needs to generate a comprehensive inventory of all Google Cloud assets with their associated IAM policy bindings for security analysis. You want to export this information to BigQuery for advanced SQL querying. Which approach should you use?,Export assets from Cloud Asset Inventory using the IAM_POLICY content type to include IAM bindings for each resource alongside the asset metadata.,Export assets from Cloud Asset Inventory using the RESOURCE content type and enable the 'enrichIamPolicy' flag in the export configuration.,Query assets directly in Security Command Center Premium using the built-in asset query feature with IAM policy enrichment.,Export assets using the Security Command Center Assets API with the includeIamBindings parameter set to true.,1,Cloud Asset Inventory's IAM_POLICY content type includes the IAM bindings on each resource. This allows you to export both asset metadata and associated IAM policies to BigQuery for comprehensive security analysis using SQL queries. Reference: https://cloud.google.com/asset-inventory/docs/export-bigquery
GCP PSOE,You are troubleshooting Container Threat Detection findings that are missing container-level details such as the pod name and container ID. The findings only show node-level information. Your GKE clusters meet the version requirements and Container Threat Detection is enabled. What is the most likely cause of the missing container information?,The REPORT_ENVIRONMENT_VARIABLES module is disabled which prevents Container Threat Detection from including container identification details.,The Container Threat Detection Service Agent IAM role is missing from the service account preventing it from accessing container metadata.,The Kubernetes and container runtime failed to deliver the container information in time causing the watcher DaemonSet to drop the data from the finding.,The GKE cluster is running in a VPC Service Controls perimeter that blocks Container Threat Detection from accessing the Kubernetes API.,3,Container Threat Detection passes container information through a user mode DaemonSet in a best effort manner. Container information can be dropped from the reported finding if the Kubernetes and the container runtime fail to deliver the corresponding container information in time. This is a documented limitation of the architecture. Reference: https://cloud.google.com/security-command-center/docs/concepts-container-threat-detection-overview
GCP PSOE,You are planning to enable Container Threat Detection for threat hunting across your GKE clusters. Your clusters use GKE Sandbox for some high-risk workloads. You need to ensure Container Threat Detection can monitor all workloads. What limitation must you address for Container Threat Detection deployment?,Container Threat Detection requires Autopilot mode clusters and is not supported on Standard mode GKE clusters with GKE Sandbox enabled.,Container Threat Detection requires installing additional security tools alongside GKE Sandbox to enable threat detection in sandboxed containers.,"Container Threat Detection is not compatible with GKE Sandbox, so you must disable GKE Sandbox on clusters where you want Container Threat Detection to monitor workloads.",Container Threat Detection file monitoring detectors must be manually enabled for each workload running in GKE Sandbox namespaces.,3,Container Threat Detection is not compatible with GKE Sandbox. GKE Sandbox must be disabled on GKE clusters where you want Container Threat Detection deployed. This is because GKE Sandbox provides an additional layer of kernel isolation that prevents Container Threat Detection's kernel instrumentation from functioning. Reference: https://cloud.google.com/security-command-center/docs/how-to-use-container-threat-detection
GCP PSOE,"While threat hunting in Cloud Logging, you discover that an attacker may have attempted to cover their tracks by modifying logging configuration. You need to identify any API calls that could disable or modify audit log settings. Which protoPayload.methodName values should you search for in Admin Activity audit logs?",google.logging.v2.LoggingServiceV2.WriteLogEntries and google.logging.v2.LoggingServiceV2.ListLogs,google.logging.v2.ConfigServiceV2.UpdateSink and google.logging.v2.ConfigServiceV2.DeleteSink,google.cloud.audit.AuditLog.Read and google.cloud.audit.AuditLog.Delete,protoPayload.authenticationInfo.principalEmail and protoPayload.requestMetadata.callerIp,2,"These methods modify or delete log sinks, which control where logs are routed. Deleting or modifying a sink could prevent logs from reaching intended destinations, which is a common defense evasion technique. Admin Activity audit logs always record these operations. Reference: https://cloud.google.com/logging/docs/audit-logging"
GCP PSOE,Your organization is implementing VPC Service Controls to protect BigQuery and Cloud Storage resources containing financial data. You need to test the perimeter configuration before enforcement to ensure legitimate business operations are not disrupted. You want to identify violations without blocking access. What should you do?,Create the service perimeter in enforced mode and use Cloud Monitoring alerts to detect blocked requests.,Create the service perimeter in dry run mode and analyze the Cloud Audit Logs to identify potential violations.,Create the service perimeter with only Cloud Storage initially and add BigQuery after validating access patterns.,Create the service perimeter in enforced mode and configure exception rules for all known service accounts and IP addresses.,2,Dry run perimeters log violations as though the perimeters are enforced but don't prevent access to restricted services. This allows you to test perimeter configuration and monitor usage without blocking legitimate access. You can query logs using protoPayload.metadata.dryRun='true' to find logged violations. Reference: https://cloud.google.com/vpc-service-controls/docs/dry-run-mode
GCP PSOE,Your organization wants to configure Security Command Center (SCC) to send real-time notifications to a Slack channel when critical or high-severity findings are detected. You need to set up the notification pipeline with the minimum operational overhead. What should you do?,"Configure a Pub/Sub topic with a continuous export filter for severity, and deploy a Cloud Run function triggered by the Pub/Sub subscription to send messages to Slack.",Configure the SCC API to directly call the Slack API webhook endpoint when findings are generated using Event Threat Detection custom detectors.,Enable Cloud Monitoring alerts for SCC findings and configure a notification channel to Slack using the built-in Slack integration.,"Configure a BigQuery streaming export with severity filters, and use a scheduled query to poll for new findings and trigger Slack notifications via Cloud Functions.",1,"SCC continuous exports to Pub/Sub allow filtering by severity and state, and Cloud Run functions can subscribe to the topic to forward notifications to Slack. This is the recommended pattern documented by Google for real-time email and chat notifications from SCC. Reference: https://cloud.google.com/security-command-center/docs/how-to-enable-real-time-notifications"
GCP PSOE,Your organization wants to update an existing Event Threat Detection custom module to add new IP addresses from a recently published threat intelligence report. The custom module was originally created at the organization level using Terraform. What is the correct approach to update this module?,"Export the existing module configuration, manually edit the JSON file to add new IPs, then import it as a new version using the gcloud scc custom-modules etd import command.","Update the Terraform configuration with the new IP addresses in the 'ips' array and apply the changes, which will update the existing module in place.","Delete the existing custom module and create a new one with the updated IP list, as custom modules cannot be modified after creation.","Create a supplementary custom module with only the new IP addresses, as each module supports a maximum of 100 IPs and the original module may have reached its limit.",2,Event Threat Detection custom modules created with Terraform can be updated by modifying the Terraform configuration and applying the changes. The module will be updated in place with the new IP addresses. Using Terraform maintains infrastructure-as-code practices and ensures version control of your threat intelligence configurations. Reference: https://cloud.google.com/security-command-center/docs/use-custom-modules-etd
GCP PSOE,"Your security team is setting up a Cloud Logging sink to export Admin Activity audit logs to BigQuery. When querying the exported data in BigQuery, the team notices that some log entries appear duplicated. You need to ensure that your security analysis queries return accurate results without duplicate entries. What should you do?",Delete the existing BigQuery dataset and recreate the sink to reset the deduplication mechanism.,Configure the sink to use batch mode instead of streaming mode to prevent duplicate entries during export.,Enable deduplication in the BigQuery dataset settings to automatically remove duplicate entries on ingestion.,Include the SELECT DISTINCT clause with the insertId and timestamp fields when querying the exported log data.,4,"Duplicate log entries can occur when there are failures in streaming log entries to BigQuery, including retries. Cloud Logging deduplicates at query time using timestamp and insertId, but BigQuery does not eliminate duplicates. Using SELECT DISTINCT on insertId and timestamp in your BigQuery queries will filter out duplicate entries. Reference: https://cloud.google.com/logging/docs/export/troubleshoot"
GCP PSOE,Your organization uses Google Security Operations (SecOps) SOAR across multiple environments representing different business units. You need to create a playbook that uses VirusTotal for enrichment and automatically selects the correct integration instance based on which environment the case originated from. What should you configure?,Use environment variables in the playbook to store VirusTotal API keys and dynamically pass them to a generic integration action at runtime.,Create separate playbooks for each environment and manually associate each playbook with its corresponding VirusTotal integration instance.,Configure a single VirusTotal integration instance in the Default Environment and use conditional branching in the playbook to handle environment-specific logic.,"Configure VirusTotal integration instances for each environment, then in the playbook action select Dynamic Mode to automatically apply the correct instance at runtime.",4,"Dynamic Mode means that when the playbook runs, Google SecOps determines which environment the case came from and applies the integration instance configured for that specific environment. This is the intended approach for multi-environment deployments. Reference: https://cloud.google.com/chronicle/docs/soar/respond/integrations-setup/supporting-multiple-instances"
GCP PSOE,Your organization has Google Security Operations (SecOps) Enterprise Plus license with Applied Threat Intelligence enabled. A new threat report identifies a campaign using specific IP addresses for command and control. You want to determine if any of these IP addresses have communicated with assets in your environment over the past 90 days. What is the most effective approach to correlate these IOCs against your historical event data?,Configure an IOC feed with the IP addresses and enable automatic historical matching through the IOC matches feature.,Add the IP addresses to an Applied Threat Intelligence curated detection rule and wait for automatic correlation with historical events.,Use the VirusTotal Search IOCs action in a SOAR playbook to query historical logs for the identified IP addresses.,Create a YARA-L detection rule containing the IOCs and execute a retrohunt against historical data within the specified time range.,4,"A retrohunt lets you use a detection rule to search for matches throughout existing historical data in Google SecOps. By creating a rule with the specific IOCs and running a retrohunt, you can identify any historical communication with the threat campaign infrastructure. Reference: https://cloud.google.com/chronicle/docs/detection/run-rule-historical-data"
GCP PSOE,"Threat hunting""You are a threat hunter investigating suspicious activity in your Google Cloud environment. You need to use Cloud Logging's Log Analytics to write SQL queries that identify potential privilege escalation attempts by analyzing IAM permission changes. Which approach should you use to accomplish this task?",Create a log-based metric in Cloud Logging to automatically detect IAM changes and route them to BigQuery,Query Data Access audit logs using the Logging query language in Logs Explorer to search for IAM policy changes,Query Admin Activity audit logs using SQL in Log Analytics to filter for IAM role binding changes and permission modifications,Query Policy Denied audit logs using SQL in Log Analytics to identify successful privilege escalation attempts,3,"Admin Activity audit logs record API calls that modify the configuration or metadata of resources, including IAM permission changes. Log Analytics provides a SQL-based query interface for analyzing these logs to identify potential privilege escalation. Reference: https://cloud.google.com/logging/docs/analyze/analyze-audit-logs"
GCP PSOE,"You are configuring context-aware access for an IAP-protected web application deployed behind a Cloud Load Balancer. You have created access levels in Access Context Manager that restrict access to specific IP ranges and require encrypted devices. When you attempt to apply the access levels in the IAP console, they are not visible in the dropdown. What is the most likely cause of this issue?",The user configuring IAP has the IAP-secured Web App User role but does not have the Access Context Manager Editor role at the project level.,The access levels are defined in a project-level or folder-level access policy instead of the organizational access policy required by IAP.,"The access levels were created using custom access level expressions instead of basic access levels, which are not compatible with IAP.",The Cloud Load Balancer backend service is not configured with the required IAP OAuth client credentials for context-aware access.,2,IAP requires access levels to be set in the organizational access policy. The use of scoped policies (project or folder level) is not supported by IAP. Access levels must be created at the organization level to be visible when configuring IAP context-aware access. Reference: https://cloud.google.com/iap/docs/cloud-iap-context-aware-access-howto
GCP PSOE,"Your organization experienced a data breach and needs to determine the impact on sensitive data. You have previously configured Cloud DLP inspection jobs that saved findings to a BigQuery table. During the breach investigation, you need to correlate DLP findings with Cloud Logging access patterns to identify which specific sensitive data elements were potentially accessed. What should you do?",Join the Cloud DLP findings table with Cloud Logging exports in BigQuery using the resource location fields from both sources to correlate sensitive data locations with access events.,Query the Cloud DLP findings table in BigQuery and filter by likelihood='VERY_LIKELY' to identify only high-confidence sensitive data that may have been compromised.,Create a new Cloud DLP inspection job with PublishSummaryToCscc action to send results to Security Command Center for automatic correlation with access patterns.,Export both Cloud DLP findings and Cloud Logging data to separate Cloud Storage buckets and manually compare the file paths to identify overlapping resources.,1,"DLP findings stored in BigQuery include location information identifying where sensitive data resides (tables, columns, containers). By joining this with exported audit logs that show access events to those same resources, you can determine which sensitive data elements were potentially accessed during the breach. This provides precise correlation between sensitive data locations and access patterns. Reference: https://cloud.google.com/sensitive-data-protection/docs/querying-findings"
GCP PSOE,Your security operations team is tracking the availability of a critical security API that processes threat intelligence feeds. The API returns HTTP status codes to indicate success or failure. You need to create an SLO in Cloud Monitoring to measure the percentage of successful API responses over a rolling 30-day compliance period with a 99.5% goal. Which SLI type should you configure?,Request-based SLI using a TimeSeriesRatio structure that computes the ratio of 2xx responses to total responses.,Windows-based SLI using a PerformanceThreshold structure that counts windows where 99.5% of requests succeeded.,Windows-based SLI using a MetricRange structure that evaluates whether availability exceeds the threshold in each measurement window.,Request-based SLI using a DistributionCut structure that measures the distribution of response codes across buckets.,1,Request-based SLIs measure the ratio of good requests to total requests. TimeSeriesRatio is the appropriate structure for computing availability based on HTTP response codes. This approach counts each API call as an atomic unit of service and computes success ratio over the compliance period. Reference: https://cloud.google.com/stackdriver/docs/solutions/slo-monitoring
GCP PSOE,"Your organization requires that weekly Security Command Center finding reports be automatically distributed to the CISO and security leadership team. You have built a Looker Studio dashboard showing findings by severity, category, and project. You need to configure automated delivery of these reports. What should you do?",Configure Cloud Scheduler to trigger a Pub/Sub message that invokes a Cloud Run service to generate and email reports.,Create a Cloud Function that queries BigQuery and sends email alerts using SendGrid whenever new findings are detected.,Export dashboard data to BigQuery and configure BigQuery scheduled queries to email results as CSV files.,Configure a scheduled delivery in Looker Studio to send PDF reports via email to the recipients weekly.,4,Looker Studio supports scheduled automatic report delivery that sends PDF versions of reports to specified recipients on a defined schedule. This allows stakeholders to receive regular security reports without manually accessing the dashboard. Reference: https://cloud.google.com/looker/docs/studio/schedule-automatic-report-delivery
GCP PSOE,"Your SOC team is configuring Google Security Operations SOAR playbooks to automate enrichment workflows. You need to add VirusTotal enrichment capabilities to a playbook. Before using the VirusTotal actions in the Playbook Designer, what must you complete first?",Add VirusTotal API credentials to the playbook's environment variables for the enrichment action to authenticate.,Enable the VirusTotal action in the Playbook Designer by toggling it in the Actions menu settings.,Download and configure the VirusTotal integration from the Content Hub.,Create the VirusTotal enrichment action using the Python IDE with the Enrich Entities template.,3,"To use required actions in playbooks, you must have the integrations downloaded and configured from the Content Hub (Marketplace for SOAR only users). Each action is categorized under an integration in the system, and the integration must be installed before its actions become available in the Playbook Designer. Reference: https://cloud.google.com/chronicle/docs/soar/respond/working-with-playbooks/using-actions-in-playbooks"
GCP PSOE,Your security operations team needs to create executive dashboards showing Mean Time to Respond (MTTR) and Mean Time to Detect (MTTD) trends from resolved incident data stored in Google Security Operations (SecOps). The data is exported to BigQuery and you need to visualize the metrics for stakeholder reporting. Which approach should you use?,Export incident data from BigQuery to CSV files daily and import them manually into Looker Studio to build trend dashboards for executive reporting.,Configure Google SecOps SOAR to generate PDF reports of incident metrics and email them directly to stakeholders on a weekly schedule.,"Connect Looker Studio directly to BigQuery using the native BigQuery connector, and create calculated fields to compute MTTR and MTTD from incident timestamp data.",Use Cloud Monitoring to create custom dashboards that pull metrics directly from the Google SecOps SIEM without using BigQuery.,3,"Looker Studio has a native BigQuery connector that enables direct connection to BigQuery tables containing exported SecOps data. Calculated fields in Looker Studio can compute metrics like MTTR and MTTD from timestamp differences in incident data, and this approach provides interactive dashboards suitable for stakeholder reporting. Reference: https://cloud.google.com/looker-studio and https://cloud.google.com/chronicle/docs/reports/overview-chronicle-bigquery"
GCP PSOE,You are configuring Security Command Center Premium to prioritize security findings for resources containing sensitive customer data. Your organization uses Sensitive Data Protection discovery to classify data sensitivity levels. You want to ensure that attack path simulations account for data sensitivity when calculating risk. What should you do?,Create separate Security Command Center projects for high-sensitivity and low-sensitivity resources to isolate risk calculations.,Export Sensitive Data Protection findings to BigQuery and create a custom integration that updates Security Command Center security marks based on sensitivity.,"Configure Cloud Asset Inventory to tag resources with sensitivity labels, then use these labels in Security Command Center finding filters.",Create resource value configurations and enable the option to include discovery insights from Sensitive Data Protection to automatically assign priority values based on data sensitivity.,4,"Security Command Center allows you to enable Sensitive Data Protection discovery insights within resource value configurations. When enabled, attack path simulations automatically set priority values for supported data resources based on their HIGH or MEDIUM sensitivity classifications from Sensitive Data Protection. Reference: https://cloud.google.com/security-command-center/docs/attack-exposure-define-high-value-resource-set"
GCP PSOE,"Your organization experienced a critical security breach and needs to deploy an emergency patch to production GKE clusters immediately. The patched container image has not yet been attested by your CI/CD pipeline due to the urgency, but your Binary Authorization policy requires attestations. You need to deploy the image while maintaining full audit trail for compliance. What should you do?",Add the emergency image path to admissionWhitelistPatterns in the Binary Authorization policy to allow deployment.,Use the breakglass label in the Pod specification to override Binary Authorization enforcement and deploy the emergency image.,Create a manual attestation for the image using the attestor's signing key and then deploy the image with standard procedures.,"Temporarily disable Binary Authorization on the cluster, deploy the image, and then re-enable Binary Authorization after deployment.",2,"Breakglass provides an emergency escape hatch that allows images to be deployed even when they violate the Binary Authorization policy. When breakglass is used, Binary Authorization logs the event to Cloud Audit Logs, maintaining a full audit trail for compliance review. Reference: https://cloud.google.com/binary-authorization/docs/using-breakglass"
GCP PSOE,"Your organization wants to implement an automated response workflow where Cloud Functions remediate specific Security Command Center findings. After a threat finding is successfully investigated and confirmed as a false positive, the automated workflow should update the finding status. Unlike vulnerability findings that auto-resolve, threat findings require manual state management. What approach should the Cloud Function use to properly handle confirmed false positive threat findings?",Delete the finding using the Security Command Center API since it has been confirmed as a false positive.,"Create a mute rule for the specific finding to suppress it from view while leaving the state as ACTIVE, since threat finding states remain active unless manually changed.",Use the Security Command Center API to set the finding state to INACTIVE immediately after the investigation confirms it as a false positive.,Wait for Event Threat Detection to automatically set the finding state to INACTIVE after detecting that the threat activity has stopped.,2,"Threat findings do not automatically change state to INACTIVE even after resolution. For confirmed false positives, Google recommends creating a mute rule rather than changing the state, as this properly handles the finding while maintaining the audit trail. The state remains ACTIVE unless explicitly changed. Reference: https://cloud.google.com/security-command-center/docs/faq"
GCP PSOE,You are investigating a potential data exfiltration incident and need to analyze VPC Flow Logs in BigQuery to identify unusual outbound traffic patterns from internal VMs to external IP addresses. Which analytical approach should you use to identify hosts potentially involved in data exfiltration?,Query for flows where the dest_port is 443 and calculate the ratio of packets_sent to packets_received to identify asymmetric HTTPS connections.,"Query for internal source IPs with unusually high SUM(bytes_sent) to external destinations compared to their historical baseline, grouped by destination IP ranges and time intervals.",Query the reporter field for DEST values and filter for flows where the gateway object indicates DEST_GATEWAY to capture all egress traffic through Cloud Interconnect or VPN tunnels.,Query for all flows with external destination IPs and create a COUNT of unique connections per source VM to identify hosts with the most external communications.,2,Data exfiltration is characterized by internal hosts sending abnormally large amounts of data to external destinations. Comparing bytes_sent against historical baselines helps identify deviations that may indicate data theft. Grouping by destination helps identify unknown or suspicious external endpoints. Reference: https://cloud.google.com/blog/products/gcp/introducing-vpc-flow-logs-network-transparency-in-near-real-time
GCP PSOE,Your compliance team requires that automated security reports generated by BigQuery scheduled queries must run using a dedicated service account rather than user credentials. The scheduled queries produce daily compliance summaries that are written to a destination table. You need to configure the scheduled queries appropriately. What should you do?,Use BigQuery Data Transfer Service to create a transfer configuration with oauth credentials and enable automated data pipelines.,Create a Cloud Function triggered by Cloud Scheduler that uses service account impersonation to run the BigQuery query.,"When creating the scheduled query, select a service account under Scheduled query credential to execute the query instead of using user credentials.",Configure the scheduled query with user credentials and create a separate IAM binding that maps the user to a service account role.,3,BigQuery allows you to associate a service account with scheduled queries to execute them. This ensures the queries run with consistent permissions independent of individual users and meets the requirement for using a dedicated service account. The service account must have appropriate permissions to read source data and write to the destination. Reference: https://cloud.google.com/bigquery/docs/scheduling-queries
GCP PSOE,Your organization wants to classify Cloud Storage buckets for sensitive data to support security operations. You need to configure Sensitive Data Protection discovery to generate file store data profiles that include sensitivity levels and detected infoTypes. Which configuration element determines what types of sensitive data are detected during profiling?,"The sensitivity calculation settings in the organization policy, which override infoType detection thresholds at the organization level.","The discovery scan configuration scope settings, which define the project folders and resource types to include in profiling.","The inspection template, which specifies the infoTypes that Sensitive Data Protection scans for and their associated sensitivity scores.","The Cloud Storage bucket labels and metadata tags, which Sensitive Data Protection uses to infer data classification based on resource attributes.",3,The inspection template is where you specify the infoTypes that Sensitive Data Protection looks for during profiling. The sensitivity scores of the detected infoTypes affect the resulting sensitivity level of the profiled resource. You can select from built-in infoTypes or add custom infoTypes with defined sensitivity scores. Reference: https://cloud.google.com/sensitive-data-protection/docs/data-profiles
GCP PSOE,You are developing a new phishing investigation playbook in Google Security Operations SOAR that enriches URLs using third-party APIs. You want to test the playbook without impacting production cases or making unnecessary API calls to external services. What should you do?,Configure the playbook actions with mock API endpoints to simulate third-party responses directly in the integration settings.,"Enable the Playbook Simulator, create a test case from an existing alert, and pin results for actions that call third-party APIs.",Create a duplicate playbook in a separate environment and run it with live alerts to validate the workflow before deployment.,Disable the playbook trigger and run the playbook manually against production cases to verify its behavior.,2,"The Playbook Simulator lets you work in a pre-production environment to test actions and observe results without impacting live production data when the playbook is deactivated. You can pin results to prevent steps from running repeatedly against third-party APIs during subsequent tests, saving time and avoiding unnecessary external calls. Reference: https://cloud.google.com/chronicle/docs/soar/respond/working-with-playbooks/working-with-playbook-simulator"
GCP PSOE,"During an active security incident, your incident response playbook requires immediate action when a service account is suspected to be compromised. The service account has been used to access sensitive data in Cloud Storage. Your forensic investigation team needs to preserve evidence of the malicious activity while preventing further unauthorized access. The playbook must minimize operational impact to legitimate workloads that depend on the service account. What should you do first?",Disable the compromised service account key and capture Cloud Audit Logs data access records before creating a new key for legitimate workloads.,Disable the service account entirely and delete all associated keys to completely prevent any further access to cloud resources.,Delete the service account and rotate all credentials in the affected project immediately to ensure complete revocation of access.,Remove all IAM bindings from the service account and wait 24 hours before re-enabling access for legitimate workloads.,1,Disabling the service account key immediately prevents further unauthorized access while preserving the service account itself. Capturing data access logs preserves evidence of the malicious activity. Creating a new key allows legitimate workloads to resume operations with a clean credential. This approach minimizes operational impact while addressing the security concern. Reference: https://cloud.google.com/iam/docs/keys-disable-enable
GCP PSOE,"Your security team is building a custom dashboard in Google Security Operations (SecOps) SIEM to visualize IoC matches. They need to create a visualization that shows the count of IoC values over time by IoC type using a column chart. When creating the visualization tile, which combination of field types should you select from the IOC Matches Explore?","Select Ioc Value and Feed Name as Filter-only fields, then configure a table calculation for count aggregation.","Select Ioc Type and Event Timestamp Date as Dimensions, and Count as the Measure, then choose Column as the visualization type.","Create custom fields using Looker expressions for IoC counts, then map them to a line chart visualization type.","Configure dashboard-wide filters for IoC type and time range, then use the Entity Graph Explore for the visualization.",2,"When creating a chart visualization, you need to select Dimensions (attributes that describe data, like Ioc Type and Event Timestamp Date) and Measures (numeric representations like Count). For a column chart showing IoC matches over time by type, selecting these dimensions and the Count measure provides the correct data structure. Reference: https://cloud.google.com/chronicle/docs/reports/create-chart-visualization"
GCP PSOE,You are configuring Event Threat Detection custom modules for your organization's Security Command Center Premium deployment. Your security policy requires that findings for connections to known malicious IP addresses from your internal threat feed be classified as HIGH severity and include specific remediation instructions. How should you configure the custom module JSON template?,Create the module with default settings and then use the SCC API to update the finding severity and add remediation notes after findings are generated.,"Configure severity and remediation through the Security Command Center console after the custom module is created, as these cannot be set in the JSON template.",Set the 'finding_severity' field to 'HIGH' and include a 'remediation_steps' array with the specific instructions in the detection_parameters section.,"Include a 'metadata' section with 'severity' set to 'HIGH', 'description' with threat details, and 'recommendation' with remediation instructions, along with the 'ips' array.",4,"The Event Threat Detection custom module JSON template uses the metadata section to define severity (LOW, MEDIUM, HIGH, or CRITICAL), description text, and recommendation text for remediation guidance. This configuration ensures findings are generated with the specified severity and help security teams understand how to respond. Reference: https://cloud.google.com/security-command-center/docs/use-custom-modules-etd"
GCP PSOE,"""Your organization runs critical CI/CD workloads on GKE that involve significant file I/O operations. You want to enable Container Threat Detection file monitoring detectors to detect access or modification to critical system files. However, you are concerned about potential performance impact. What should you do?","Enable file monitoring detectors in a test environment first, evaluate the performance impact on workloads with significant file I/O, and then deploy to production.","Enable all Container Threat Detection detectors including file monitoring on production immediately, as they have minimal performance overhead.",Disable Container Threat Detection entirely on CI/CD clusters to avoid any performance impact on file operations.,Configure Container Threat Detection to only scan containers during non-business hours to minimize performance impact.,1,Container Threat Detection file monitoring detectors that monitor file operations can potentially cause performance degradation for workloads with significant file I/O. Google recommends evaluating the impact on any workload before enabling these detectors in production. Reference: https://cloud.google.com/security-command-center/docs/concepts-container-threat-detection-overview
GCP PSOE,Your organization uses Security Health Analytics in Security Command Center Premium tier. You need to create a custom detection rule that generates findings when Cloud KMS CryptoKeys have a rotation period exceeding 90 days. What should you do?,Configure a Cloud Asset Inventory feed to export CryptoKey metadata to Pub/Sub and create a Cloud Function that generates SCC findings when rotation periods exceed 90 days.,Create a Security Health Analytics custom module with a YAML definition that includes a CEL expression evaluating the resource.rotationPeriod property against duration('7776000s').,Create an Event Threat Detection custom module using a JSON template to monitor Cloud KMS API calls and detect keys with long rotation periods in Cloud Audit Logs.,Modify the built-in KMS_KEY_NOT_ROTATED detector by updating its threshold parameter to 90 days through the Security Command Center management API.,2,"Security Health Analytics custom modules use YAML definitions with CEL expressions to evaluate resource properties. The rotationPeriod property can be compared against a duration value (90 days = 7,776,000 seconds) using standard CEL operators. The module must specify cloudkms.googleapis.com/CryptoKey as the resource type. Reference: https://cloud.google.com/security-command-center/docs/custom-modules-sha-code"
GCP PSOE,"Incident response""Your security operations team wants to detect multi-stage attack patterns where an attacker first performs credential theft and then escalates privileges within a 30-minute window. You need to implement this detection in Google Security Operations (SecOps) SIEM using YARA-L. Which rule design approach should you use?",Create a YARA-L rule using the metrics function to count credential theft and privilege escalation events per user and alert when both exceed threshold values.,"Create a multi-event YARA-L rule with a match section correlating events by principal.user.userid over a 30-minute window, and use the condition section to require both event types.",Use a single-event YARA-L rule with the outcome section to track timestamps and calculate time differences between credential theft and privilege escalation events.,Create two separate single-event YARA-L rules and configure an alert grouping rule to combine them when triggered within 30 minutes of each other.,2,"Multi-event YARA-L rules allow correlation across multiple event types within a defined time window. By correlating on principal.user.userid, the rule can detect when the same user is involved in both credential theft and privilege escalation events within the 30-minute period. The match section specifies the correlation field and time window. Reference: https://cloud.google.com/chronicle/docs/detection/yara-l-2-0-overview"
GCP PSOE,Your security team has identified that several service accounts in your Google Cloud environment have permissions to impersonate service accounts in other projects. You want to systematically identify and address these lateral movement risks. Which approach should you use?,Configure VPC Service Controls perimeters around each project to prevent service accounts from accessing resources in other projects and eliminate cross-project impersonation.,Create custom IAM roles for all service accounts that exclude iam.serviceAccounts.actAs and iam.serviceAccounts.getAccessToken permissions to prevent any form of service account impersonation across the organization.,Use Cloud Audit Logs to search for all iam.serviceAccounts.getAccessToken permission grants across your organization and immediately revoke any cross-project grants to prevent lateral movement.,"Review lateral movement insights in IAM Recommender, which identifies roles allowing service accounts in one project to impersonate service accounts in another project, and prioritize recommendations that reduce impersonation permissions not used in the last 90 days.",4,"IAM Recommender generates lateral movement insights that identify roles allowing service accounts to impersonate other service accounts across projects. The insights show whether impersonation permissions have been used in the last 90 days, helping you safely identify and remove unnecessary permissions. Reference: https://cloud.google.com/policy-intelligence/docs/lateral-movement-insights"
GCP PSOE,Your security team has received new threat intelligence indicating that a specific threat actor group is using previously unknown malware hashes. You need to determine whether any of these newly discovered indicators of compromise (IOCs) have been observed in your organization's historical security telemetry during the past 6 months. You are using Google Security Operations (SecOps). What should you do?,Export 6 months of raw logs to BigQuery and run SQL queries to search for the malware hashes manually.,Create a YARA-L rule containing the new malware hashes and execute a retrohunt against the historical data for the past 6 months.,"Use the IOC matches page to manually filter and search for the hashes, which will automatically scan all historical data.",Submit the IOCs to Security Command Center's Event Threat Detection and wait for alerts to be generated on historical data.,2,"Retrohunts enable you to use a rule to search for detections throughout existing data in Google SecOps. With 12 months of hot data retention by default, you can effectively search for newly discovered IOCs across 6 months of historical logs by running the rule against historical data. Reference: https://cloud.google.com/chronicle/docs/detection/run-rule-historical-data"
GCP PSOE,Your organization is deploying Google Security Operations (SecOps) SOAR to automate threat response across both cloud infrastructure and an on-premises data center that cannot be accessed directly from the cloud. The playbooks need to execute endpoint isolation actions against systems in the on-premises environment. What should you configure to enable this capability?,Create custom Python scripts in the IDE that establish SSH connections to on-premises systems and execute isolation commands directly.,"Configure a VPN connection between Google SecOps and the on-premises network, then use standard cloud integrations to reach on-premises endpoints.",Install the EDR integration on a cloud-hosted proxy server that forwards commands to on-premises endpoints through firewall rules.,"Deploy a Remote Agent in the on-premises environment, configure the integration to run remotely, and use the integration actions within your playbooks.",4,"The Remote Agent securely connects a cloud Google SecOps instance to remote sites, enabling execution of actions and playbooks on remote environments. The agent pulls tasks from Google SecOps, executes them on the remote network, and returns results. Reference: https://cloud.google.com/chronicle/docs/soar/working-with-remote-agents/what-is-a-remote-agent"
GCP PSOE,"Your organization has enabled Applied Threat Intelligence (ATI) curated detections in Google SecOps Enterprise Plus. After reviewing alert volumes, you notice that Medium priority ATI alerts are generating significant noise and want to focus analyst attention on the most critical threats. You need to configure the ATI detection rule packs to reduce alert fatigue while maintaining detection of high-risk indicators. What should you do?","Modify the GTI score threshold in SIEM Settings to only ingest IOCs with scores above 90, which automatically filters out Medium priority indicators before they generate alerts.",Disable the ATI Medium priority rule pack entirely and configure a scheduled retrohunt to periodically scan for Medium priority IOC matches on a weekly basis.,Create custom YARA-L rules that filter ATI detections by adding a condition in the outcome section that excludes alerts where the priority equals Medium.,"In the Curated Detections settings, keep ATI Medium priority rule packs in non-alerting mode while enabling alerting for Active Breach and High priority rule packs.",4,"Google recommends keeping ATI Medium priority rule packs in non-alerting mode due to the potential volume of Medium priority indicators. Active Breach and High priority alerts are based on higher-confidence intelligence features like Active IR status, GTI verdict, and attribution, making them more actionable. Reference: https://cloud.google.com/chronicle/docs/detection/ati-prioritization"
GCP PSOE,"Your security team is using Google Security Operations (SecOps) with Applied Threat Intelligence (ATI) enabled. You notice that the IOC matches page shows indicators with different priority levels. You want to understand which indicators require immediate investigation because they were observed in active Mandiant incident response investigations. Which priority level should you filter for to identify these high-confidence, breach-associated IOCs?","Filter for IOCs with an IC-Score above 95, which indicates direct correlation with Mandiant active investigations.","Filter for IOCs with Critical severity, which represents the highest tier of Mandiant-validated threat indicators.","Filter for IOCs with the Active Breach priority level, which indicates indicators observed in Mandiant investigations associated with active or past compromises.","Filter for IOCs with the High priority level, which indicates all indicators directly observed during Mandiant incident response engagements.",3,"The Active breach model prioritizes indicators that Mandiant observed in active or past compromises, where the GTI Verdict is Malicious and GTI Severity is High. These are the highest confidence IOCs requiring immediate attention. Reference: https://cloud.google.com/chronicle/docs/detection/ati-prioritization"
GCP PSOE,Your security team maintains a list of 500 IP addresses associated with known command-and-control infrastructure. You want to create a detection rule in Google Security Operations (SecOps) that generates alerts when network traffic involves any of these IP addresses. Which approach should you use?,Write a YARA-L rule with 500 individual conditions using OR operators to match each IP address.,Create a reference list containing the IP addresses and use the 'in' operator in a YARA-L rule to match against the list.,Create a CIDR reference list and add each IP address as a /32 subnet for matching.,Upload the IP addresses as a custom threat intelligence feed and enable Applied Threat Intelligence.,2,"Reference lists are designed for this use case, allowing you to maintain a list of values that can be efficiently matched against in YARA-L rules using the 'in' operator. The syntax $e.target.ip in %reference_list_name enables detection across all listed IPs without hardcoding values. Reference: https://cloud.google.com/chronicle/docs/detection/yara-l-best-practices"
GCP PSOE,You are configuring alerting policies in Cloud Monitoring for your organization's security service endpoints. The security team requires that alerts only trigger after sustained failures to reduce false positives from brief network issues. An alert should fire only when uptime checks fail continuously for at least 5 minutes across multiple checker regions. What should you configure?,Configure the notification channel with a 5-minute delay before sending notifications and set the alerting policy trigger count to 5 consecutive failures.,Create a log-based alerting policy that monitors Cloud Logging for uptime check failure entries and uses a counter threshold of 5 failures before triggering.,Configure the alerting policy with a retest window (duration) of 300 seconds (5 minutes) and use an aggregation that requires failures from multiple time series across different checker regions.,Configure the alerting policy with no retest window and set the check frequency of the uptime check to 5 minutes to space out checks and reduce false positives.,3,The retest window (duration field) specifies how long the threshold must be violated before an incident is created. Setting it to 300 seconds ensures the condition must be met for 5 continuous minutes. Aggregating across checker regions prevents single-region issues from triggering alerts. Reference: https://cloud.google.com/monitoring/alerts/concepts-indepth
GCP PSOE,Your organization requires all security audit logs to be retained in Cloud Storage for 7 years to meet regulatory compliance requirements. You need to ensure that logs cannot be deleted before the retention period expires and that logs are automatically deleted after 7 years to minimize storage costs. What should you configure on the Cloud Storage bucket?,"Configure a retention policy with a 7-year retention period and lock it, then configure an Object Lifecycle Management rule to delete objects older than 7 years.",Configure Object Lifecycle Management with a delete action at 7 years and enable Bucket Lock to prevent policy modification.,"Configure a retention policy with a 7-year retention period without locking it, which will prevent deletion and automatically remove objects after 7 years.",Configure an Object Lifecycle Management rule to delete objects older than 7 years and enable Object Versioning to prevent accidental deletion.,1,"A locked retention policy prevents deletion of objects before the retention period expires, meeting compliance requirements. The Object Lifecycle Management rule automatically deletes objects after they meet the age condition, reducing storage costs. These two features work together for compliance and cost optimization. Reference: https://cloud.google.com/storage/docs/bucket-lock and https://cloud.google.com/storage/docs/lifecycle"