GCP PSOE,Your security team needs to verify how organization policies are being applied across the resource hierarchy for a specific project. They want to see the combined effect of all inherited and locally-set policies for the constraints/gcp.resourceLocations constraint. Which gcloud command should they use?,gcloud resource-manager org-policies list --project=PROJECT_ID,gcloud org-policies describe constraints/gcp.resourceLocations --project=PROJECT_ID,gcloud org-policies describe constraints/gcp.resourceLocations --effective --project=PROJECT_ID,gcloud policy-intelligence analyze --org-policy=constraints/gcp.resourceLocations --project=PROJECT_ID,3,The --effective flag returns the organization policy as it is evaluated at that point in the resource hierarchy with inheritance included. This shows the result of merging policies in the resource hierarchy and evaluating conditions. Reference: https://cloud.google.com/resource-manager/docs/organization-policy/using-constraints
GCP PSOE,"Your organization is implementing centralized log collection for security analysis. You need to route audit logs from all projects to BigQuery for threat intelligence correlation. When routing logs to BigQuery, you observe that some log field names are modified in the destination table. You need to understand this behavior to correctly build queries that JOIN logs with IOC tables. What causes this behavior?",Cloud Logging applies rules to shorten BigQuery schema field names for audit logs and certain structured payload fields when routing logs.,"The first log entry received by BigQuery determines the schema, causing subsequent entries with different field names to be dropped.",BigQuery automatically truncates field names exceeding 128 characters to comply with column naming limitations.,Log sinks automatically normalize nested JSON fields by flattening the hierarchy and renaming fields with path-based prefixes.,1,"When routing audit logs to BigQuery, Cloud Logging applies rules to shorten BigQuery schema field names for audit logs and certain structured payload fields. Understanding this transformation is essential for building accurate queries that correlate logs with IOC data. Reference: https://cloud.google.com/logging/docs/audit/best-practices"
GCP PSOE,Your security team needs to detect connections to a list of suspicious IP addresses that your threat intelligence team has identified. These IP addresses are not included in the built-in Event Threat Detection threat intelligence. You want to implement this detection in Security Command Center with minimal development effort. What should you do?,Configure Cloud IDS with custom threat signatures for each IP address in your list to generate findings.,Create an Event Threat Detection custom module using the Configurable Bad IP template with your list of suspicious IP addresses.,Export VPC Flow Logs to BigQuery and create a scheduled SQL query to check for connections to your IP address list.,Submit a parser improvement request to Google Cloud Customer Care to add your IP addresses to the built-in Malware: Bad IP detector.,2,"Event Threat Detection provides custom module templates that allow you to create custom detectors with your own parameters. The Configurable Bad IP custom module allows you to specify a list of suspicious IP addresses that you maintain, and findings are generated when logs indicate connections to any of your supplied IP addresses. Reference: https://cloud.google.com/security-command-center/docs/custom-modules-etd-overview"
GCP PSOE,Your security team has deployed Google Security Operations (SecOps) SOAR and needs to configure a playbook that only triggers for alerts that match specific custom conditions based on alert metadata fields not covered by standard trigger types. The playbook should trigger only when the alert name contains 'ransomware' and the severity is 'high'. Which trigger type should you configure?,Product Name trigger configured with multiple product filters combined with a Flow condition.,Alert Type trigger with Rule Generator field matching ransomware high severity.,Tag Name trigger with pre-configured ransomware and high-severity tags.,Custom Trigger with placeholder-based conditions to match specific alert metadata criteria.,4,"Custom Trigger lets you define custom placeholders for highly specific matches, such as conditions like 'if alert name INCLUDES ransomware' combined with severity conditions. This provides the flexibility needed for complex, multi-field matching scenarios. Reference: https://cloud.google.com/chronicle/docs/soar/respond/working-with-playbooks/using-triggers-in-playbooks"
GCP PSOE,You are configuring Cloud DLP discovery to automatically tag BigQuery tables based on their calculated sensitivity levels. The tags will be used for IAM conditional access policies to restrict access to highly sensitive data. What should you configure in the discovery scan configuration?,Enable column-level security in BigQuery and use the discovery service to automatically apply policy tags to columns containing sensitive infoTypes.,"Enable the Tag resources action and specify tag values for each sensitivity level including high, moderate, low, and unknown.",Configure the discovery service to publish data profiles to BigQuery and create a Cloud Function that applies tags based on sensitivity scores.,Create an inspection template with sensitivity thresholds and configure the discovery service to use VPC Service Controls for access restriction.,2,"The Tag resources action instructs Sensitive Data Protection to automatically attach tags to resources based on the calculated sensitivity levels. You configure tag values for each sensitivity level, and IAM conditions can then grant or deny access based on tag presence. Reference: https://cloud.google.com/dlp/docs/control-access-based-on-data-sensitivity"
GCP PSOE,Your security team needs to write a custom YARA-L detection rule in Google SecOps that matches file hashes against the Applied Threat Intelligence Fusion Feed. The rule should only alert when matched indicators have been associated with known threat actors. Which context entity filtering approach should you use?,Filter the context graph using metadata.product_name = 'MANDIANT_FUSION_IOC' and evaluate if is_attributed returns a value of 1 or greater.,Filter the context graph using metadata.vendor_name = 'GOOGLE_THREAT_INTEL' and check the active_ir boolean field.,Filter the context graph using metadata.source_type = 'THREAT_INTEL' and match on confidence_score greater than 80.,Filter the context graph using entity_type = 'INDICATOR' and evaluate the threat.verdict_info.severity field for 'HIGH'.,1,"The ATI Fusion Feed context entities use the product and vendor name 'MANDIANT_FUSION_IOC'. The is_attributed field returns 1 or greater when the indicator has at least one threat association of type MALWARE or THREAT_ACTOR, allowing you to filter for only attributed indicators. Reference: https://cloud.google.com/chronicle/docs/detection/ati-fusion-feed"
GCP PSOE,"Your organization uses Security Command Center Enterprise with the SCC Enterprise – Urgent Posture Findings Connector enabled. You notice that multiple Security Health Analytics findings for the same resource type and project are creating separate cases, increasing analyst workload. You want to configure the system so related findings are grouped into single cases for more efficient triage. What determines how findings are grouped into cases?",Security analysts must manually link related findings to cases using the Security Operations console to group them appropriately.,A custom YARA-L rule must be created in Google SecOps to define the correlation logic for grouping findings into cases.,"Findings are grouped based on the time window in which they are detected, with all findings within a 24-hour period placed in the same case.","Findings with the same parameters such as finding type, resource, and resource owner are automatically grouped into one case by the connector.",4,"The SCC Enterprise – Urgent Posture Findings Connector analyzes incoming findings and groups them into new or existing cases based on matching parameters. Multiple findings with the same parameters are grouped into one case, and case priority is determined by the highest severity among all findings in the case. Reference: https://cloud.google.com/security-command-center/docs/cases-overview"
GCP PSOE,Your organization wants to implement a Cloud Monitoring alerting policy that detects when security-critical log data stops being ingested for more than 15 minutes. This could indicate a logging pipeline failure or a malicious attempt to disable logging. What type of alerting policy should you configure?,Configure a metric-absence alerting policy monitoring the log-based metric with a trigger absence time of 15 minutes.,Set up an uptime check monitoring the logging endpoint and create an alerting policy when the check fails.,Create a metric-threshold alerting policy with a condition that fires when the metric value equals zero for 15 minutes.,Configure a log-based alerting policy with a negative filter that triggers when no logs match the criteria.,1,Metric-absence alerting policies are specifically designed to detect when monitored time series have no data for a specified period. Setting the trigger absence time to 15 minutes will generate an alert when no matching log entries have been received within that window. Reference: https://cloud.google.com/monitoring/alerts/metric-absence
GCP PSOE,Your organization wants to ensure that attack exposure scores in Security Command Center accurately reflect your business priorities. You need to configure which resources should be considered high-value for attack path simulations. What should you do?,Enable the default high-value resource set and modify the built-in priority values through the Security Command Center API.,"Create IAM policies that grant elevated access to critical resources, which Risk Engine automatically detects as high-value indicators.",Configure security marks on individual resources to flag them as high-value and trigger attack path calculations for marked resources.,"Create resource value configurations to define your high-value resource set, assigning priority values of HIGH, MEDIUM, or LOW to resources that match your criteria.",4,"You must define a high-value resource set through resource value configurations to get attack exposure scores that accurately reflect your security priorities. You can assign priority values (HIGH, MEDIUM, LOW) to resources, and these values influence how Risk Engine calculates attack exposure scores during simulations. Reference: https://cloud.google.com/security-command-center/docs/attack-exposure-learn"
GCP PSOE,"Your security team uses Google SecOps for SIEM and has configured Advanced BigQuery Export to access UDM events, rule detections, and IOC matches. An analyst wants to perform custom threat hunting by comparing historical login events with a custom threat intelligence list containing suspicious IP addresses that are not included in Google Threat Intelligence feeds. How should the analyst accomplish this?",Upload the custom threat intelligence list to Google SecOps as a reference list and create an Applied Threat Intelligence feed to enable automatic IOC matching.,Query the secops_linked_data.events table in BigQuery and use a JOIN operation with a BigQuery table containing the custom threat intelligence IP addresses.,Create a custom detection rule in Google SecOps YARA-L that references the external BigQuery table containing the threat intelligence list.,Export the custom threat intelligence list to a CSV file and use the Google SecOps search interface to manually look up each IP address in the UDM search.,2,"Advanced BigQuery Export provides a linked dataset (secops_linked_data) that contains UDM events which can be queried directly in BigQuery. By joining this data with a custom table containing your organization's specific threat intelligence, analysts can hunt for threats that may not be covered by standard GTI feeds. Reference: https://cloud.google.com/chronicle/docs/reports/bigquery-export"
GCP PSOE,"Your threat hunting team receives threat intelligence feeds from multiple external sources through Pub/Sub. Some feeds publish high-priority IOCs that require immediate retrohunt execution, while others contain lower-priority indicators for batch processing. You need to design a Cloud Function-based architecture that processes messages according to their priority without losing any IOCs during processing failures. What should you do?","Deploy separate Cloud Functions for each external feed source with identical retry configurations, store all received IOCs in Cloud Storage before processing, and use a separate orchestration function to prioritize processing order.","Configure a single Pub/Sub topic with message attributes for priority, deploy one Cloud Function that filters messages by priority attribute, and delete low-priority messages after reading to prevent duplicate processing.","Create a Cloud Function that pulls from all topics simultaneously, sorts IOCs by priority in memory, processes high-priority items first, and acknowledges all messages at the end of each function execution.","Create separate Pub/Sub topics for high and low priority feeds, deploy a Cloud Function with concurrent execution for the high-priority topic, configure a dead-letter topic for failed messages, and use Cloud Scheduler to batch process low-priority IOCs.",4,Separating topics by priority enables different processing behaviors. Cloud Functions with Pub/Sub triggers support retry policies and dead-letter topics for handling failures. This ensures no messages are lost while allowing priority-based processing. Reference: https://cloud.google.com/pubsub/docs/use-with-cloud-function-triggers
GCP PSOE,Your organization has deployed Security Command Center Enterprise and is using the SCC Enterprise – Urgent Posture Findings Connector to ingest findings into cases. Security analysts report that the number of cases is overwhelming due to many findings appearing that represent expected behavior or are irrelevant to the organization's security posture. You need to reduce the volume of findings appearing in cases while maintaining audit records. What should you do?,Modify the SCC Enterprise – Urgent Posture Findings Connector to use a more restrictive filter expression to exclude irrelevant finding categories.,Create dynamic mute rules with filters that match the irrelevant findings to prevent them from appearing in cases while maintaining audit logs.,Delete the cases containing irrelevant findings from the Security Operations console to reduce the case queue.,Disable the Security Health Analytics detectors that are generating the irrelevant findings.,2,"Dynamic mute rules automatically apply to both existing and new findings, and muted findings are hidden from cases but continue to be logged for audit and compliance purposes. When you mute findings for cases, you prevent them from appearing in cases, which reduces analyst workload while preserving the audit trail. Reference: https://cloud.google.com/security-command-center/docs/how-to-mute-findings"
GCP PSOE,Your security team has identified a potential data exfiltration incident involving a Cloud Storage bucket containing sensitive customer data. You need to investigate which principals accessed the bucket during the incident timeframe and identify patterns of bulk data downloads. Which Cloud Logging query approach should you use to effectively investigate this incident?,Query VPC Flow Logs filtering by destination IP addresses matching Cloud Storage service endpoints to identify volume of data transferred during the incident timeframe.,Query Cloud Audit Logs Data Access logs filtering by resource.type='gcs_bucket' and protoPayload.methodName='storage.objects.get' to identify principals and access patterns during the incident timeframe.,Query Cloud Audit Logs Admin Activity logs filtering by resource.type='gcs_bucket' to identify all operations performed on the bucket during the incident timeframe.,Query Cloud Storage usage logs and export them to BigQuery for analysis to identify access patterns and download volumes during the incident timeframe.,2,Cloud Audit Logs Data Access logs capture read operations on Cloud Storage objects including storage.objects.get method calls. These logs provide principal information (protoPayload.authenticationInfo.principalEmail) and request metadata needed to identify bulk download patterns during a specific timeframe. Reference: https://cloud.google.com/storage/docs/audit-logging
GCP PSOE,Your organization uses Security Command Center Premium tier activated at the organization level. You want to suppress Security Health Analytics findings for a specific Cloud SQL instance that has been approved for public access due to a legitimate business requirement. What is the recommended approach?,Delete the Cloud SQL instance from Security Command Center's asset inventory to prevent the finding from being generated.,Create a mute rule in Security Command Center to suppress the PUBLIC_SQL_INSTANCE findings for the specific Cloud SQL instance.,Disable the PUBLIC_SQL_INSTANCE detector entirely in the Security Command Center Services settings.,Apply the security mark allow_public_sql_instance:true to the Cloud SQL instance to exclude it from detection.,2,"For Security Command Center activations on or after June 26, 2023, the mute feature is the recommended method to suppress findings for specific assets. The mute feature allows you to suppress unwanted findings while still allowing the detectors to scan the assets. Security marks for allowlisting are deprecated and will no longer work after April 15, 2025. Reference: https://cloud.google.com/security-command-center/docs/how-to-use-security-health-analytics"
GCP PSOE,"Your organization stores Google SecOps UDM events in BigQuery using the managed data lake export. During a threat hunt, you need to identify all network connections to IP addresses that match IOCs from your threat intelligence feeds. Which BigQuery table should you query to find these matches?",The ioc_matches table in the Google SecOps datalake dataset.,The udm_events_aggregates table with a JOIN to an external IOC reference table.,The rule_detections table filtered by IOC-related rule names.,The entity_graph table with a filter on network entity relationships.,1,The Google SecOps datalake dataset in BigQuery includes an ioc_matches table that specifically stores IOC matches found against UDM events. This table contains artifacts such as domains and IP addresses from events that match Indicator of Compromise feeds. Reference: https://cloud.google.com/chronicle/docs/reports/overview-chronicle-bigquery
GCP PSOE,"During an active security incident, your incident response team needs to isolate a compromised VM while simultaneously allowing your forensics team to access it from a dedicated forensics VPC. The forensics VPC is already peered with the production VPC. You need to implement this containment strategy. What should you do?","Create a VPC Service Controls perimeter with an ingress rule allowing only the forensics service account, then add the compromised VM's project to the perimeter.","Remove all existing network tags from the compromised VM and add a quarantine tag, then modify existing allow rules to exclude the quarantine tag.","Tag the compromised VM with an isolation tag, create a deny-all ingress rule with priority 100 targeting the tag, and create an allow ingress rule with priority 50 for the forensics subnet CIDR range.","Move the compromised VM to an isolated subnet with no routes to the internet, then configure IAP tunneling for forensics team access.",3,"Firewall rules are evaluated by priority (lower number = higher priority). By creating a deny-all rule at priority 100 and an allow rule at priority 50 for the forensics subnet, you effectively block all traffic except from the forensics team. The unique tag ensures only the compromised VM is affected. Reference: https://cloud.google.com/firewall/docs/firewalls"
GCP PSOE,Your organization is investigating a potential security incident that occurred two weeks ago. You need to copy relevant Cloud Audit Logs from your project's _Default log bucket to a Cloud Storage bucket for forensic analysis and preservation. The log bucket does not have CMEK configured. What should you do?,Use the gcloud logging copy command to retroactively copy log entries from the _Default log bucket to the Cloud Storage bucket.,Create a new log sink with an inclusion filter for Cloud Audit Logs and set the destination to the Cloud Storage bucket.,Export logs directly from Logs Explorer by selecting all relevant entries and downloading them to Cloud Storage.,Use BigQuery to query the linked dataset from the log bucket and export query results to Cloud Storage.,1,Cloud Logging supports copying log entries from log buckets to Cloud Storage buckets using the gcloud logging copy command. This allows you to retroactively export historical logs for forensic analysis. The operation works on buckets without CMEK configured. Reference: https://cloud.google.com/logging/docs/routing/copy-logs
GCP PSOE,"Detection engineering""Your security operations team uses Google Security Operations (SecOps) and has identified a new threat actor's techniques through threat intelligence research. You want to search your historical event data to determine if your environment was previously compromised by this threat actor. Which Google SecOps capability should you use?","Run a retrohunt using a YARA-L detection rule that defines the threat actor's techniques, specifying a historical time range to scan existing event data for matches.",Export all historical logs to BigQuery and execute SQL queries that implement the detection logic against the exported dataset.,Configure a composite detection rule that correlates current alerts with historical entity context from the entity graph to identify prior compromise indicators.,Enable the detection rule as a live rule and wait for the Detection Engine to process historical backlogs automatically against newly created rules.,1,Retrohunt allows you to run a YARA-L rule against historical data stored in Google SecOps to search for detections throughout existing data. This enables security teams to hunt for indicators of past compromise using newly developed detection logic against the full retention period of event data. Reference: https://cloud.google.com/chronicle/docs/detection/run-rule-historical-data
GCP PSOE,Your security team is conducting threat hunting across your Google Cloud environment and suspects that an attacker may be performing network reconnaissance by conducting port scans from a compromised VM. You want to write a BigQuery query against VPC Flow Logs to identify potential port scanning activity. Which query criteria should you use to identify this behavior?,"Query for source IP addresses with a high count of distinct destination port values and a low packet count per connection, filtering for traffic where the source is internal and connection durations are brief.","Query for destination IP addresses receiving traffic from external sources on well-known ports like 22 and 443, filtering for high byte counts to identify data exfiltration attempts.","Query for traffic patterns where the same 5-tuple appears repeatedly with consistent packet sizes, indicating automated scanning tools are being used across the network.","Query for any traffic originating from external IP addresses that was blocked by firewall rules, as port scanners always originate from external networks.",1,"Port scanning typically involves a single source IP attempting connections to many different destination ports on one or more targets, with minimal data transfer and brief connection attempts. Low packet counts with high distinct port counts indicate scanning behavior rather than legitimate application traffic. Reference: https://cloud.google.com/vpc/docs/flow-logs"
GCP PSOE,Your security team is overwhelmed by the number of vulnerability findings in Security Command Center. You need to prioritize remediation based on which vulnerabilities pose the greatest risk to your critical business systems. What is the most effective approach to configure SCC for vulnerability prioritization?,Sort all vulnerability findings by severity level and address Critical findings first regardless of affected resources.,Export findings to BigQuery and run SQL queries to count findings per resource to identify the most vulnerable assets.,Create custom dashboards in Looker Studio to visualize all findings and manually prioritize based on affected resource names.,"Define a high-value resource set by creating resource value configurations, then prioritize findings based on attack exposure scores.",4,"Attack exposure scores measure how much a detected security issue exposes high-value resources to potential cyberattacks. To get scores that accurately reflect your security priorities, you must define your high-value resource set using resource value configurations. Findings with higher scores should receive higher remediation priority. Reference: https://cloud.google.com/security-command-center/docs/attack-exposure-learn"
GCP PSOE,"Your security team has identified that a service account in Project A has permissions to impersonate service accounts in Project B, creating a potential lateral movement risk. You want to identify all such cross-project impersonation scenarios in your organization and receive recommendations to remediate them. What should you do?",Enable VPC Service Controls to restrict which projects can access service accounts and prevent cross-project impersonation.,Use IAM Recommender to review lateral movement insights and associated role recommendations for service accounts across projects.,Configure Cloud Audit Logs to track all service account impersonation events and manually analyze the logs to identify cross-project access patterns.,Create a custom YARA-L detection rule in Google SecOps to detect service account impersonation activities across projects.,2,"IAM Recommender generates lateral movement insights that identify roles allowing service accounts in one project to impersonate service accounts in another project. These insights highlight impersonation abilities and whether permissions were used in the last 90 days, helping you understand and remediate cross-project risks. Reference: https://cloud.google.com/policy-intelligence/docs/role-recommendations-overview"
GCP PSOE,"Detection engineering""You are developing detection rules in Google Security Operations (SecOps) SIEM and need to identify when entities exceed risk thresholds. You want to create a YARA-L rule that triggers alerts based on changes to an entity's risk score without requiring any specific ingested event to occur. Which approach should you use?",Create a multi-event rule that correlates all detection events for an entity and calculates the cumulative risk score in the outcome section.,Use entity context data in a single-event rule with conditions on the graph.risk_score.normalized_risk_score field.,Create a YARA-L rule using the ENTITY_RISK_CHANGE UDM event type to trigger independently of ingested events when entity risk scores change.,Configure the Risk Analytics dashboard alerts to send notifications when entity risk scores exceed thresholds.,3,The ENTITY_RISK_CHANGE UDM event type allows you to write YARA-L detection rules that trigger independently of ingested events and focus specifically on changes in an entity's risk score. Reference: https://cloud.google.com/chronicle/docs/release-notes
GCP PSOE,"You are configuring a Cloud Logging sink to export security-relevant logs to Cloud Storage for long-term retention and later analysis in Google Security Operations. You need to include Admin Activity audit logs, Data Access audit logs, and VPC Flow Logs in the export. Which sink filter should you configure?",logName=projects/*/logs/cloudaudit.googleapis.com%2Factivity OR logName=projects/*/logs/cloudaudit.googleapis.com%2Fdata_access,protoPayload.@type=type.googleapis.com/google.cloud.audit.AuditLog AND resource.type=gce_subnetwork,logName:cloudaudit.googleapis.com OR resource.type=gce_subnetwork,severity>=INFO AND (logName:audit OR resource.type:vpc),3,"This filter captures both Cloud Audit Logs (which include Admin Activity and Data Access audit logs via the cloudaudit.googleapis.com log name pattern) and VPC Flow Logs (which use the gce_subnetwork resource type). The logName field with the colon operator performs a substring match, capturing all audit log types. Reference: https://cloud.google.com/logging/docs/export/configure_export_v2"
GCP PSOE,"Your organization has enabled Web Security Scanner managed scans in Security Command Center at the organization level. After reviewing the findings, you notice that some critical applications are not being scanned. You need to understand the limitations and ensure comprehensive coverage of your web applications. Which limitation explains why some applications might not be scanned by managed scans?",Managed scans only run during maintenance windows specified in the project configuration.,Managed scans only support applications using default ports 80 for HTTP and 443 for HTTPS connections.,Managed scans require explicit authentication credentials to be configured for each application.,Managed scans are limited to applications deployed in specific Google Cloud regions.,2,"Web Security Scanner managed scans support only applications that use the default port, which is 80 for HTTP connections and 443 for HTTPS connections. If your application uses a non-default port, you must configure a custom scan instead. Reference: https://cloud.google.com/security-command-center/docs/concepts-web-security-scanner-overview"
GCP PSOE,Your organization deployed a critical security log ingestion service on Google Cloud. You configured a service-level objective (SLO) with a 99.5% availability target measured over a 30-day rolling compliance period. Security leadership requests a centralized view showing whether the security service is meeting its SLO. You need to create a dashboard to visualize the SLO performance. What should you do?,Create a line chart using the service's availability metric and manually add a threshold line at 99.5% to represent the SLO target.,Add an SLO widget to a custom dashboard and configure it to display the error budget metric for the security log ingestion service.,Export SLO metrics to BigQuery and use Looker Studio to create a compliance visualization that updates weekly.,Configure a scorecard widget to display the average availability percentage and set color thresholds at 99.5% for visual indication.,2,"Adding an SLO widget allows you to view the health, compliance, or error budget of a service-level objective. By displaying error budget, security leadership can see the remaining tolerance for failures before violating the SLO. Reference: https://cloud.google.com/monitoring/dashboards/slos"
GCP PSOE,You are building an investigation playbook in Google Security Operations (SecOps) SOAR that requires a senior analyst to approve a containment action before the system isolates a compromised endpoint. You want to ensure the approval step has a deadline and the playbook handles situations where the analyst does not respond in time. What should you do?,Add a parallel branch that executes the containment automatically while simultaneously sending a notification to the senior analyst for awareness.,Configure the containment action as Automatic type with a pre-approval flag that requires the senior analyst to have previously authorized this action type.,"Configure the containment action as Manual type, assign it to a SOC role, enable Time to respond with a deadline, and add an 'If previous Step failed' condition to control the alternative flow.",Create a separate approval workflow playbook that sends an email to the analyst and polls for a response using a loop action with timeout.,3,"Manual actions pause the playbook until user input is received. The Time to respond setting enforces a deadline, and if the analyst does not respond in time, the action fails. Using 'If previous Step failed' conditional step allows the playbook to handle timeout scenarios by branching to an alternative flow. Reference: https://cloud.google.com/chronicle/docs/soar/respond/working-with-playbooks/assign-actions-and-playbook-blocks"
GCP PSOE,Your security team is performing threat hunting to identify potential privilege escalation attempts in your Google Cloud environment. You need to detect when IAM permissions are granted over service accounts that could allow impersonation or key creation. Which approach should you use to efficiently analyze this activity at scale?,Configure Cloud Monitoring alerts on all Data Access audit logs to trigger when any service account authentication event occurs across the organization.,Use Logs Explorer to manually review Policy Denied audit logs for rejected access attempts to service account resources across each project individually.,Use Log Analytics with SQL queries to analyze Admin Activity audit logs for SetIamPolicy operations that grant iam.serviceAccountKeys.create or iam.serviceAccounts.actAs permissions.,Export all System Event audit logs to BigQuery and create scheduled queries to identify any automated Google Cloud system operations related to service accounts.,3,"Log Analytics allows you to use BigQuery-standard SQL to query and aggregate audit logs at scale. Admin Activity audit logs record IAM policy changes, and analyzing SetIamPolicy operations for service account permissions is the most effective way to detect privilege escalation risks involving impersonation or key creation. Reference: https://cloud.google.com/logging/docs/analyze/analyze-audit-logs"
GCP PSOE,You need to enable your security team to run SQL queries against Cloud Logging data using BigQuery Studio while maintaining the lowest operational overhead. The logs are currently stored in a Cloud Logging log bucket. What configuration steps should you complete?,"Upgrade the log bucket to use Log Analytics, then create a linked BigQuery dataset from the log bucket.",Enable the BigQuery API and create scheduled queries to export log summaries to BigQuery tables on a daily basis.,Configure the log bucket with CMEK encryption and grant the security team the Logs Viewer role to query logs in BigQuery.,"Create a log sink to route logs directly to a BigQuery dataset, then query the routed logs in BigQuery.",1,"Upgrading the log bucket to use Log Analytics enables SQL querying capabilities, and creating a linked BigQuery dataset allows BigQuery services to read the log data directly. This configuration lets you query logs from BigQuery Studio, Looker Studio, or the bq command-line tool without needing to manage separate data pipelines or storage. Reference: https://cloud.google.com/logging/docs/log-analytics"
GCP PSOE,"Your security team needs to identify entities with the highest risk in your environment and monitor their behavior over time. The team wants to view entity risk scores, track findings trends, and create watchlists for high-value targets. Which Google Security Operations (SecOps) SIEM feature should you use?",Context Aware Detections - Risk dashboard with detection rules configuration.,Risk Analytics dashboard with Behavioral Analytics section and Watchlists tab.,Cloud Detection and Response dashboard with CDIR Rulesets Enabled visualization.,Main dashboard with Global Threat Map - IoC IP Matches visualization.,2,The Risk Analytics dashboard provides entity risk visualization with a Behavioral Analytics section listing entities by risk scores and a Watchlists section for tracking specific entities. It includes a Findings timeline chart tracking risk scores over time and supports configuring up to 200 watchlists. Reference: https://cloud.google.com/chronicle/docs/detection/risk-analytics-dashboard
GCP PSOE,"Your organization is exporting Cloud Audit Logs from multiple projects to a centralized BigQuery dataset for security analysis. After several weeks of operation, you discover that some log entries are being written to a table named 'export_errors' instead of the expected destination tables. You need to identify the root cause and prevent this issue from recurring. What is the most likely cause of this issue?","The BigQuery dataset's storage quota has been exceeded, causing logs to be redirected to the error table.",The Cloud Logging sink filter is misconfigured and matches logs with incompatible resource types for the destination table.,A later log entry has a field type that differs from the field type established by the first log entry that created the table schema.,The sink's writer identity service account was revoked from the BigQuery Data Editor role on the destination dataset.,3,"When Cloud Logging exports to BigQuery, the first log entry received determines the schema. A schema mismatch occurs when later log entries change the field type for an existing field. BigQuery then writes the mismatched entries to an export_errors table rather than the original destination table. Reference: https://cloud.google.com/logging/docs/export/bigquery"
GCP PSOE,Your security team is investigating a VPC Service Controls access denial for a legitimate service account attempting to access Cloud Storage resources within a protected perimeter. You need to determine the root cause and resolve the issue quickly. What is the most effective approach?,Review the perimeter's restricted services list and remove Cloud Storage temporarily for testing.,Use the VPC Service Controls troubleshooter in the Google Cloud console with the unique ID from the audit log to analyze the denial.,Create an access level with the service account identity and apply it to the perimeter.,Export the Cloud Audit Logs to BigQuery and query for all VPC Service Controls violations in the past 30 days.,2,The VPC Service Controls troubleshooter provides detailed analysis of access denial events using the unique ID logged in Cloud Audit Logs. It evaluates the denial against all perimeter configurations and provides specific remediation guidance. Reference: https://cloud.google.com/vpc-service-controls/docs/troubleshooter
GCP PSOE,Your security team has received a list of malicious IP addresses from a threat intelligence feed. You need to search for these IOCs across 90 days of historical network logs stored in a Log Analytics-enabled bucket. You want to minimize query costs while efficiently matching the IOCs. What should you do?,Query the logs directly in Logs Explorer using advanced filter syntax with each IP address listed in an OR statement for the full 90-day range.,Configure a log-based metric for each malicious IP address and create alerting policies to detect historical matches in Cloud Monitoring dashboards.,"Export the logs to Cloud Storage, import them into a new BigQuery dataset, and run a CONTAINS query against all IP address fields in the entire dataset.","Create a linked BigQuery dataset from the log bucket, load the IOC list into a separate BigQuery table, and use a JOIN query with partition filters on the timestamp column.",4,"Creating a linked dataset allows BigQuery to read log data directly without data movement. Loading IOCs into a reference table enables efficient JOIN operations, and using partition filters reduces query costs by limiting data scanned. Reference: https://cloud.google.com/logging/docs/analyze/query-linked-dataset"
GCP PSOE,Your organization uses Security Command Center Premium tier and needs to test whether Event Threat Detection is properly configured to generate findings. You want to verify the configuration without waiting for actual threats to occur. What is the recommended approach?,Wait for Event Threat Detection to perform its scheduled daily scan and review the scan completion logs for verification.,Review the Event Threat Detection service status in the Security Command Center console to confirm the service is enabled and healthy.,Create a custom module that monitors for a test event pattern and use it to validate that findings are properly generated.,"Intentionally trigger a detector by performing an action that matches the detector's criteria, such as creating a test IAM policy with suspicious characteristics.",4,"Google Cloud documentation recommends intentionally triggering detectors to verify Event Threat Detection configuration. By performing actions that match detector criteria, you can generate test findings and confirm that Event Threat Detection is working correctly. Detection latencies are generally less than 15 minutes. Reference: https://cloud.google.com/security-command-center/docs/how-to-use-event-threat-detection"
GCP PSOE,Your organization's security team has identified a potential lateral movement attack where service accounts in one project may have been used to impersonate service accounts in other projects. You need to proactively identify which service accounts have cross-project impersonation capabilities to assess the blast radius. What should you do?,Use IAM Policy Analyzer to query for all principals with roles/iam.serviceAccountUser at the organization level and export results to BigQuery for analysis.,"Review lateral movement insights in IAM Recommender to identify service accounts with impersonation permissions across projects, then correlate with permission usage data from the last 90 days.",Query Cloud Audit Logs for all GenerateAccessToken and SignBlob method calls across your organization to trace service account impersonation chains.,Enable Data Access audit logs for IAM across all projects and create a log-based alert for any service account token generation events.,2,"Lateral movement insights identify roles that allow service accounts in one project to impersonate service accounts in another project. These insights include information about which service accounts can be impersonated and whether impersonation permissions were used in the last 90 days, providing actionable data for assessing the lateral movement risk. Reference: https://cloud.google.com/policy-intelligence/docs/lateral-movement-insights"
GCP PSOE,"You are configuring security alerting for your Google Cloud environment and need to choose the appropriate alerting approach. You want to detect complex patterns across multiple log entries, such as identifying when the same source IP has accessed more than 5 different sensitive resources within 10 minutes. The detection must run continuously without manual intervention. Which alerting approach should you use?",Create a log-based alerting policy that matches on resource access events.,"Create multiple log-based counter metrics with labels for source IP and resource, then create an alerting policy using metric ratios.",Create a SQL-based alerting policy in Log Analytics with a query that aggregates access events by source IP and counts distinct resources accessed.,Schedule a Cloud Function to run Log Analytics queries every 10 minutes and send alerts via Pub/Sub.,3,SQL-based alerting policies are effective for detecting complex patterns in log entries or aggregations of log data that cannot be evaluated by log-based alerting policies. These policies run automatically on a schedule and can use SQL aggregation functions like COUNT DISTINCT with GROUP BY to identify the pattern. Reference: https://cloud.google.com/logging/docs/analyze/sql-in-alerting
GCP PSOE,Your organization wants to use Cloud Logging to detect security events using SQL queries that identify patterns across aggregated audit logs over time. You need to configure the infrastructure to enable SQL-based security analysis while minimizing costs. What should you do?,Export logs to Cloud Storage buckets and use BigQuery external tables to query the exported data for security analysis.,Upgrade an existing log bucket to use Log Analytics and create a linked BigQuery dataset to enable SQL queries against log data.,Configure log-based alerting policies to monitor individual audit log entries for security events using filter expressions.,"Create a new log sink that routes all audit logs directly to a BigQuery dataset, then write SQL queries against the BigQuery tables.",2,"Upgrading a log bucket to use Log Analytics enables SQL querying through the Log Analytics page. Creating a linked BigQuery dataset provides read access to log data without incurring BigQuery ingestion or storage costs, as Logging still stores the data while BigQuery can read it. This approach supports running Community Security Analytics (CSA) queries for threat detection. Reference: https://cloud.google.com/logging/docs/buckets"
GCP PSOE,Your security team needs to analyze historical logs in BigQuery to search for IOCs (Indicators of Compromise) such as malicious IP addresses and domains that were recently published by your threat intelligence provider. The team wants to match the IOCs against Cloud Logging audit logs that have been routed to BigQuery. What approach should you use to efficiently identify matches between the IOCs and your logs?,"Create a BigQuery table containing the IOCs, and use a SQL JOIN query between the IOCs table and your routed audit logs to identify matching IP addresses and domains.",Export the IOCs to a CSV file and manually search through Cloud Logging Logs Explorer using filter expressions for each indicator individually.,Configure Google SecOps Applied Threat Intelligence feeds to automatically match IOCs against logs stored exclusively in BigQuery through direct feed integration.,Use BigQuery's ML.DETECT_ANOMALIES function with your IOC list as the training dataset to automatically detect matching indicators in the logs.,1,"BigQuery supports efficient JOIN operations between tables, allowing you to load your IOCs into a separate table and join them against the routed audit log tables. This approach is scalable for large volumes of logs and allows you to match multiple IOC types (IPs, domains, hashes) against corresponding fields in your logs. Reference: https://cloud.google.com/bigquery/docs/reference/standard-sql/query-syntax"
GCP PSOE,Your security operations team needs to monitor and audit when Google personnel access customer data in your Google Cloud environment. You want to integrate this visibility into your existing SIEM tooling for compliance and auditing purposes. Which log type should you ingest into Google Security Operations (SecOps)?,Admin Activity audit logs,Cloud Audit Logs only,Access Transparency logs,Security Command Center findings,3,"Access Transparency logs record actions taken by Google personnel when accessing customer data. They include details such as affected resources, time of action, reasons for access, and accessor location. These logs can be integrated with SIEM tools for compliance auditing. Reference: https://cloud.google.com/assured-workloads/access-transparency/docs/overview"
GCP PSOE,Your security team has received a threat intelligence feed containing a list of 50 suspicious IP addresses that have been involved in recent attacks targeting cloud environments. You need to configure Event Threat Detection to generate findings when any resource in your Google Cloud organization connects to these IP addresses. What should you do?,"Create a Cloud Logging log-based metric that triggers an alert when VPC Flow Logs show connections to the specified IP addresses, then export findings to SCC.",Enable the built-in Malware: Bad IP detector and add the custom IP addresses to Google's threat intelligence database using a support request.,Create a Configurable Bad IP custom module using a JSON template that includes the IP addresses in the 'ips' parameter and ensure VPC Flow Logs are enabled.,Create a Security Health Analytics custom module with CEL expressions to detect network connections to the specified IP addresses from Cloud Audit Logs.,3,"The Configurable Bad IP custom module is specifically designed for detecting connections to custom suspicious IP addresses. The module requires a JSON template with the 'ips' parameter containing the list of addresses, and VPC Flow Logs must be enabled to detect network connections. Reference: https://cloud.google.com/security-command-center/docs/custom-modules-etd-overview"
GCP PSOE,"You are deploying a new organization policy constraint to restrict resource locations across your Google Cloud organization. The constraint will deny resource creation in non-approved regions. Before enforcing this policy in production, you want to assess the potential impact and identify which existing workflows would be affected without blocking any operations. What should you do?",Create the organization policy in dry-run mode and review the audit logs for violations.,Configure the organization policy with inheritFromParent set to false on all child resources to prevent enforcement.,"Apply the constraint at the folder level first, then gradually move it to the organization level after validation.",Use Policy Simulator to test the constraint and immediately enforce the policy at the organization level.,1,An organization policy in dry-run mode allows violations to be audit-logged without being denied. This enables you to monitor how the policy change would impact your workflows before enforcing it in production. You can review the dry-run logs to identify potential violations before setting the live policy. Reference: https://cloud.google.com/resource-manager/docs/organization-policy/dry-run-policy
GCP PSOE,Your security team is investigating a potential privilege escalation incident where a user may have modified IAM policies to grant themselves elevated permissions on sensitive resources. You need to identify all IAM policy changes made by this specific user across your Google Cloud organization within the last 24 hours. Which Logs Explorer query filter should you use to retrieve this information?,protoPayload.methodName='SetIamPolicy' AND protoPayload.authenticationInfo.principalEmail='suspect-user@example.com',protoPayload.methodName='GetIamPolicy' AND protoPayload.authenticationInfo.principalEmail='suspect-user@example.com',protoPayload.authorizationInfo.permission='iam.serviceAccounts.actAs' AND protoPayload.authenticationInfo.principalEmail='suspect-user@example.com',protoPayload.serviceName='iam.googleapis.com' AND protoPayload.request.member='user:suspect-user@example.com',1,"SetIamPolicy operations are recorded in Admin Activity audit logs, and the authenticationInfo.principalEmail field identifies the principal who performed the action. This filter will return all IAM policy modifications made by the specified user. Reference: https://cloud.google.com/logging/docs/audit/understanding-audit-logs"
GCP PSOE,"Your security team is configuring Event Threat Detection custom modules to detect connections to suspicious domains from your organization's threat intelligence. The module requires Cloud DNS logs. After deploying the custom module, no findings are generated despite known test traffic. What is the most likely cause of this issue?",The custom module quota of 200 findings per parent resource per hour has been exceeded.,The custom module JSON configuration file exceeds the 6 MB size limit.,"Cloud DNS logging is not enabled for the VPC network, and the custom module has no logs to scan.",Event Threat Detection is only available with organization-level activation and cannot scan project-level logs.,3,"Event Threat Detection custom modules require specific log types to be enabled. For domain-based detection, Cloud DNS logs must be enabled in the VPC. After you enable Event Threat Detection, it generates findings by scanning specific logs, and some logs are turned off by default. Reference: https://cloud.google.com/security-command-center/docs/how-to-use-event-threat-detection"
GCP PSOE,Your organization maintains a list of known malicious IP addresses from an internal threat intelligence team. You need to configure Event Threat Detection to generate findings when VPC resources connect to these IP addresses. You want to define custom severity levels and remediation guidance for your security team. What should you do?,"Create a Configurable Bad IP custom module using a JSON template that includes your IP list, severity level, description, and recommendation parameters.",Configure a Cloud Armor security policy with your malicious IP list and integrate it with Event Threat Detection for automatic findings.,Enable the built-in Malware: Bad IP detector and upload your threat intelligence feed directly to Security Command Center.,Create a custom detection rule in Google SecOps SIEM using YARA-L and export the findings to Security Command Center.,1,"The Configurable Bad IP custom module allows you to specify your own list of suspicious IP addresses and customize the metadata including severity, description, and remediation recommendations. Custom module templates are written in JSON and let you define detection parameters that control what events in log entries should trigger findings. Reference: https://cloud.google.com/security-command-center/docs/custom-modules-etd-overview"
GCP PSOE,Your security team is investigating a critical toxic combination finding detected by Security Command Center Risk Engine. The finding shows a high attack exposure score and affects a resource path leading to your high-value BigQuery dataset. What does this toxic combination represent and how should you respond?,A group of security issues that together create an attack path to your high-value resource; remediate the contributing issues to eliminate the attack path.,A false positive detection caused by misconfigured scanning parameters; mute the finding and adjust the Risk Engine settings.,A threat finding indicating active compromise of your BigQuery dataset; immediately isolate the affected resources and initiate incident response.,A single critical vulnerability with multiple CVEs; apply the vendor-provided patch to remediate all associated vulnerabilities.,1,"Toxic combinations represent groups of security issues that, when they occur together in a particular pattern, create a path that an attacker could use to reach and compromise high-value resources. Each toxic combination has an attack exposure score reflecting its risk. Remediation involves addressing the contributing security issues to break the attack path. Reference: https://cloud.google.com/security-command-center/docs/toxic-combinations-overview"
GCP PSOE,"Your security team wants to implement automated remediation for Security Command Center findings. When a Security Health Analytics detector identifies an OPEN_FIREWALL finding, a Cloud Function should automatically update the firewall rule to restrict access. You need to configure the event-driven architecture that connects SCC findings to Cloud Functions. What should you do?","Create a NotificationConfig with a filter for OPEN_FIREWALL findings to publish to a Pub/Sub topic, and deploy a Cloud Function with a Pub/Sub trigger subscribed to that topic.",Enable continuous exports to BigQuery and use scheduled queries to trigger Cloud Functions for OPEN_FIREWALL remediation.,Configure Event Threat Detection to directly invoke the Cloud Function when OPEN_FIREWALL findings are detected using an HTTP trigger.,Create a Cloud Asset Inventory feed to monitor firewall changes and trigger Cloud Functions to remediate findings directly from asset updates.,1,The Security Command Center Notifications API uses NotificationConfig to export findings to Pub/Sub topics in near-real time. Cloud Functions can then be triggered by Pub/Sub messages to perform automated remediation actions. The filter ensures only relevant findings trigger the function. Reference: https://cloud.google.com/security-command-center/docs/how-to-notifications
GCP PSOE,You are managing case workflows in Security Command Center Enterprise. Multiple Security Health Analytics findings with different severity levels have been grouped into a single case. You need to understand how case priority is determined when findings have varying severities. Which statement correctly describes the case priority assignment behavior?,"Case priority is automatically set based on the highest finding severity among all findings in the case, and updates automatically when finding severity changes.","Case priority is calculated as an average of all finding severities in the case, weighted by the number of findings at each severity level.",Case priority is set to the severity of the first finding ingested and remains static unless manually updated by an analyst.,"Muted findings are excluded from case priority calculations, and only active unmuted findings determine the case priority.",1,"Case priority is based on the highest finding severity. When the finding severity changes, Security Command Center automatically updates the case priority to match the highest severity property among all findings in the case. This ensures cases are prioritized appropriately based on the most critical finding they contain. Reference: https://cloud.google.com/security-command-center/docs/cases-overview"
GCP PSOE,"Platform operations""Your organization has configured a Google Security Operations (SecOps) SOAR environment where multiple phishing response playbooks may match incoming email alerts. You need to ensure that only the most specific playbook executes automatically and that additional playbooks can be attached manually if needed. What configuration should you implement?",Use environment-specific playbook configurations to separate playbooks by alert source and prevent multiple playbook matches.,Configure all phishing playbooks with the same priority and use Custom Trigger conditions to ensure only one matches each alert.,"Set playbook priority values between 1 and 3, with the most specific playbook at priority 1, and attach additional playbooks manually as needed up to the maximum limit.",Create a master orchestrator playbook that evaluates conditions and calls other playbooks as nested sub-playbooks based on alert attributes.,3,"You can set playbook priority between 1 (highest) and 3 (lowest), and only one playbook can attach automatically based on priority. An additional nine playbooks can be attached manually, for a total of 10 playbooks per alert. This allows the most specific playbook to execute first while permitting manual attachment of others. Reference: https://cloud.google.com/chronicle/docs/soar/respond/working-with-playbooks/attaching-playbooks-to-an-alert"
GCP PSOE,"Your organization uses Google Security Operations (SecOps) and needs to integrate threat intelligence capabilities for IOC correlation and enrichment. Your security team requires access to the broadest range of threat intelligence features, including Mandiant frontline intelligence, crowdsourced community data, and deep dark web monitoring. Which integration should you configure to meet these requirements?",Configure the VirusTotal integration with Premium API access to unlock Mandiant intelligence and dark web monitoring features.,"Configure the Google Threat Intelligence (GTI) integration, which combines VirusTotal capabilities with Mandiant intelligence and Google threat insights.",Configure the VirusTotal v3 integration to access the full VirusTotal database including Mandiant intelligence feeds and dark web monitoring capabilities.,Configure both VirusTotal v2 and Mandiant Threat Intelligence integrations separately to achieve the combined functionality.,2,"Google Threat Intelligence unifies VirusTotal's advanced capabilities with Mandiant's leading threat activity insights, providing automated context, enrichment, and alerting. It includes features like deep dark web monitoring and comprehensive IOC analysis that VirusTotal alone does not provide. Google documentation recommends using GTI over VirusTotal integration as it provides more capabilities and features. Reference: https://cloud.google.com/security/products/threat-intelligence"
GCP PSOE,Your organization wants to prevent default service accounts from being automatically granted the Editor role in new Google Cloud projects. You also need to ensure that existing default service accounts retain their current permissions during the transition. What should you do?,Apply the constraints/iam.disableServiceAccountCreation organization policy constraint to prevent new service accounts from being created.,Configure a Cloud Function triggered by new project creation events to automatically remove the Editor role from default service accounts.,Apply the constraints/iam.automaticIamGrantsForDefaultServiceAccounts organization policy constraint at the organization level.,Delete all default service accounts across existing projects and create custom service accounts with minimal permissions.,3,"This constraint prevents default service accounts in new projects from automatically receiving the Editor role. Applying the constraint does not remove the Editor role from existing default service accounts, allowing for a gradual transition. Reference: https://cloud.google.com/iam/docs/best-practices-service-accounts"
GCP PSOE,You are configuring an Event Threat Detection custom module using the gcloud CLI to detect connections to malicious IP addresses from your organization's threat intelligence feed. You need to define the severity and remediation guidance for findings generated by this module. Which component of the JSON template should you configure?,"The sourceProperties section, including detectionPriority and remediationSteps fields.","The finding_config section, including risk_level and next_steps fields.","The detection_parameters section, including alert_severity and mitigation_steps fields.","The metadata section, including severity, description, and recommendation fields.",4,"The metadata section of the custom module JSON template contains the severity level (LOW, MEDIUM, HIGH, or CRITICAL), description of the custom module, and recommendation field for remediation guidance. These parameters help security teams understand and respond to findings. Reference: https://cloud.google.com/security-command-center/docs/use-custom-modules-etd"
GCP PSOE,"During an active security incident, your incident response team identifies that a service account has been compromised and is being used to exfiltrate data. You need to immediately stop the malicious activity while preserving the ability to investigate and potentially restore the service account if the detection was a false positive. What is the most appropriate IAM action to take?",Remove all IAM role bindings from the service account at the project level.,Disable all service account keys using the gcloud iam service-accounts keys disable command.,Disable the service account using the gcloud iam service-accounts disable command.,Delete the service account using the gcloud iam service-accounts delete command.,3,"Disabling a service account immediately revokes its ability to authenticate and access resources, but it can be re-enabled later if the detection is determined to be a false positive. This approach balances immediate containment with investigative flexibility. Reference: https://cloud.google.com/iam/docs/service-accounts-disable-enable"
GCP PSOE,Security Command Center Enterprise has detected several Security Health Analytics findings for misconfigurations in your Google Cloud environment. You notice that findings with the same parameters are grouped into a single case. An analyst wants to mute all findings in a case that represent acceptable configurations. The analyst runs the Update Finding manual action on the case. What happens when all findings in the case are successfully muted?,The case is archived and the associated Jira or ServiceNow ticket is automatically deleted from the ticketing system.,The case remains open but is moved to a 'Muted' status queue for periodic review by security administrators.,The case stays open and the muted findings remain as alerts but are marked with a 'Muted' label for visibility.,Security Command Center automatically closes the case since all findings within it are muted.,4,"When you mute all findings in a case, Security Command Center automatically closes the case. Muting findings prevents them from appearing in cases and reduces analyst workload. You can mute findings in bulk by running a manual action on a case using the Update Finding action from the GoogleSecurityCommandCenter integration. Reference: https://cloud.google.com/security-command-center/docs/mute-findings-in-cases"
GCP PSOE,Your organization needs to maintain a comprehensive inventory of all Google Cloud assets across multiple projects for security auditing and compliance purposes. You want to query asset metadata using SQL syntax and enable security analysts to identify resources with overly permissive IAM policies. Which approach should you use?,"Export Cloud Asset Inventory data to BigQuery with the IAM_POLICY content type, then run SQL queries on the exported table.",Configure Security Health Analytics to scan for IAM policy violations and export the misconfiguration findings to BigQuery.,Use Security Command Center API to list all assets and export findings to Cloud Storage for analysis using Cloud Data Studio.,"Create a custom script using individual service APIs (Compute Engine, Cloud Storage, BigQuery) to collect and aggregate asset data into a centralized database.",1,"Cloud Asset Inventory can export asset metadata directly to BigQuery, and specifying the IAM_POLICY content type includes the IAM bindings on resources. This enables SQL-based analysis of permissions across the organization. Reference: https://cloud.google.com/asset-inventory/docs/export-bigquery"
GCP PSOE,Your organization is implementing Google Cloud's Sensitive Data Protection to establish a data classification baseline for your security operations team. You need to configure the discovery service to continuously monitor BigQuery tables across your organization and provide asset context that can inform incident response prioritization. What should you do first?,Enable Cloud Asset Inventory and configure it to export DLP findings from individual inspection jobs to a central BigQuery dataset.,"Create a discovery scan configuration at the organization level that defines the scope, inspection templates, and actions for profiling BigQuery data assets.",Submit a request to Google Cloud Support to enable organization-wide DLP scanning with predefined classification policies.,Configure the DLP API to run content.inspect requests on each BigQuery table using a service account with BigQuery Data Viewer permissions.,2,"The discovery service requires a scan configuration that specifies the profiling scope (organization, folder, or project), inspection templates that define which infoTypes to scan for, and actions to take when profiles are generated. This configuration enables continuous monitoring and generates data profiles containing sensitivity and risk levels that provide valuable asset context. Reference: https://cloud.google.com/sensitive-data-protection/docs/data-profiles"
GCP PSOE,"Your threat hunting team is investigating suspicious lateral movement patterns across your multi-cloud environment using Google Security Operations (SecOps). You need to correlate events showing an initial cloud IAM authentication failure followed by a successful authentication from the same identity within 30 minutes, and then network connection attempts to multiple internal services. Which detection approach should you implement?",Build separate single-event rules for each activity type and use a composite detection rule to correlate the output detections across a 30-minute window.,Create a multi-event YARA-L rule with a 30-minute match window that correlates authentication and network events using the principal identity field.,Configure Event Threat Detection custom detectors in Security Command Center to identify this multi-stage attack pattern across cloud environments.,Create a UDM Search statistical query grouped by user identity with a 30-minute time window to identify the pattern and save it as a dashboard widget.,2,"Multi-event YARA-L rules support correlation across different event types within a specified time window. Using the match section with the principal identity field enables tracking sequential behavior patterns like authentication failures, successful logins, and subsequent network activity from the same identity. Reference: https://cloud.google.com/chronicle/docs/detection/yara-l-2-0-overview"
GCP PSOE,Your detection engineering team is investigating Web Security Scanner findings in Security Command Center. A SERVER_SIDE_REQUEST_FORGERY finding was detected in one of your Compute Engine web applications. You need to analyze the finding and determine the appropriate remediation. What should you do?,Run an additional custom scan with the LOW risk level setting to verify if the SSRF finding is a false positive before taking remediation action.,Set the finding state to INACTIVE in Security Command Center and create a mute rule to suppress similar findings from appearing.,Review the finding details in Security Command Center to identify the vulnerable URL and implement an allowlist to restrict domains and IP addresses the application can access.,Configure Cloud Armor security policies to block all incoming requests containing SSRF attack patterns in request parameters.,3,SERVER_SIDE_REQUEST_FORGERY findings indicate the application is vulnerable to SSRF attacks where attackers can make the server perform unauthorized requests. The recommended remediation is to implement an allowlist to limit the domains and IP addresses that the web application can make requests to. Reference: https://cloud.google.com/security-command-center/docs/how-to-remediate-web-security-scanner-findings
GCP PSOE,Your security operations team is building a Looker Studio dashboard to monitor Security Command Center findings streamed to BigQuery. The dashboard will be displayed continuously in the SOC on a wall-mounted screen. The team requires the dashboard to automatically update at least every 15 minutes without manual intervention. How should you configure the dashboard to meet this requirement?,Configure the BigQuery data source data freshness setting to 15 minutes and the dashboard will automatically refresh.,Enable auto refresh in the report settings and set the refresh interval to 15 minutes.,Create a Cloud Scheduler job to periodically reload the Looker Studio dashboard using the Looker Studio API.,Configure a Pub/Sub trigger in BigQuery to push new findings data directly to Looker Studio in real-time.,2,"Looker Studio provides an auto refresh feature that periodically attempts to reload the data in a report. When enabled, you can configure the refresh interval, with options including 15 minutes. While the report is open, Looker Studio will automatically check for fresh data according to this interval. Reference: https://cloud.google.com/looker-studio/docs/manage-auto-refresh-for-a-report"
GCP PSOE,"You are building an automated incident response workflow that sends Slack notifications when Security Command Center detects high-severity findings. You have configured a Pub/Sub topic and created a NotificationConfig in SCC. However, you notice that the Cloud Function is being triggered for all finding severities, not just high severity. What should you do to resolve this issue?",Update the NotificationConfig filter to include severity = 'HIGH' AND state = 'ACTIVE' in the streaming_config.,Create a separate Pub/Sub subscription with a message filter for high-severity findings.,Modify the Cloud Function code to check the severity field in the Pub/Sub message payload and ignore non-high severity findings.,Configure an IAM policy on the Pub/Sub topic to allow only high-severity findings to be published.,1,"The NotificationConfig includes a filter field that limits notifications to specific finding attributes. By adding severity = 'HIGH' AND state = 'ACTIVE' to the streaming_config filter, only high-severity active findings will be published to the Pub/Sub topic. Reference: https://cloud.google.com/security-command-center/docs/how-to-api-manage-notifications"
GCP PSOE,Your organization wants to implement a Cloud Monitoring alerting policy that detects when the ratio of HTTP 5xx errors to total requests exceeds 5% for your security-critical API endpoints. You need to use a query-based approach that supports complex metric calculations. Which query language should you use to create this alerting policy?,Use MQL to create an alerting policy that uses outer_join and ratio operations to calculate the error percentage.,Create two separate metric-threshold alerting policies and use the Google Cloud console to combine them into a single ratio condition.,Use PromQL to create a PromQL-based alerting policy that calculates the error ratio using rate functions and comparison operators.,Configure a SQL-based alerting policy in Log Analytics that calculates the ratio using SQL aggregation functions on HTTP response logs.,3,"PromQL is the recommended query language for Cloud Monitoring and supports complex conditions including ratios, dynamic thresholds, and metric combinations. PromQL-based alerting policies can calculate ratios using functions like rate() and division operators, making it ideal for error rate calculations. Reference: https://cloud.google.com/monitoring/promql/promql-in-alerting"
GCP PSOE,"You are configuring Security Command Center to detect when cloud resources are accessed from IP addresses associated with known threat actors. Event Threat Detection uses Google's internal threat intelligence for IOC matching. However, your organization also subscribes to an external threat intelligence feed with additional malicious IP indicators. You need to incorporate these external IOCs into your detection strategy. What should you do?",Enable Security Health Analytics to scan resource configurations against your external IOC list for potential compromise indicators.,Upload your external threat intelligence feed directly to the SCC API and configure automatic IOC matching against all ingested logs.,Create Event Threat Detection custom modules using the Configurable Bad IP template and populate them with IP addresses from your external threat intelligence feed.,Configure continuous export of SCC findings to Google SecOps and use Applied Threat Intelligence to correlate with your external feed.,3,"Event Threat Detection custom modules allow you to extend detection capabilities with your own IOC data. The Configurable Bad IP module type lets you specify custom IP addresses that should trigger findings when observed in VPC Flow Logs, enabling integration of external threat intelligence with SCC's native detection. Reference: https://cloud.google.com/security-command-center/docs/custom-modules-etd-overview"
GCP PSOE,You are configuring a BigQuery-based threat detection solution. Your organization routes VPC Flow Logs and Cloud Audit Logs to BigQuery using log sinks. You have a threat intelligence table containing IOCs that is updated daily. You need to design a query solution that correlates logs from the past 24 hours with IOCs while minimizing query costs at scale. What should you do?,"Store logs in Cloud Storage using a log sink, then create BigQuery external tables with Hive partitioning for IOC matching queries.",Configure the log sink to use date-sharded tables and query all tables using wildcard table functions with IOC JOINs.,Create clustered tables by IP address fields and use BigQuery materialized views to pre-compute IOC matches daily.,Use time-unit column partitioned tables for logs with daily granularity and require partition filters in queries that JOIN against the IOC table.,4,"Time-unit column partitioning enables BigQuery to prune partitions when queries filter on the partitioning column. Requiring partition filters ensures queries only scan relevant date partitions, significantly reducing query costs when JOINing with IOC data. Reference: https://cloud.google.com/bigquery/docs/partitioned-tables"
GCP PSOE,You are investigating a high-severity Container Threat Detection finding that shows 'Execution: Container Escape' in Security Command Center. The finding indicates that a known suspicious tool binary for container escape activities was executed in your GKE cluster. You need to gather additional context for your investigation. Which JSON field in the finding should you examine to identify the specific GKE node where the compromised Pod executed?,resource.project_display_name,VM_Instance_Name,Pod_Namespace,Container_Image_Uri,2,The VM_Instance_Name field in the Container Threat Detection finding JSON contains the name of the GKE node where the Pod executed. This information is critical for understanding the scope of the potential compromise and identifying which node may require further investigation or remediation. Reference: https://cloud.google.com/security-command-center/docs/findings/threats/container-escape
GCP PSOE,Your security team has detected a potential privilege escalation attack where an unauthorized user may have granted themselves elevated permissions on multiple resources. You need to investigate all IAM policy modifications across your Google Cloud organization during the past 48 hours. Which Cloud Audit Logs field and filter should you use to identify these SetIamPolicy events in Logs Explorer?,Filter on protoPayload.methodName containing 'SetIamPolicy' and examine the protoPayload.serviceData.policyDelta.bindingDeltas field for the specific role changes.,Filter on protoPayload.status and examine the protoPayload.authenticationInfo.serviceAccountDelegationInfo field to identify all authorization failures.,Filter on protoPayload.authorizationInfo and examine the resource.labels field for the specific permission grants applied to resources.,Filter on logName containing 'data_access' and examine the protoPayload.request.policy.bindings field for all permission changes in the organization.,1,"SetIamPolicy method calls are recorded in Admin Activity audit logs when IAM permissions are modified. The policyDelta.bindingDeltas field contains the specific changes showing which roles were added or removed and for which principals, providing the exact evidence needed for privilege escalation investigation. Reference: https://cloud.google.com/logging/docs/audit/understanding-audit-logs"
GCP PSOE,Your organization has configured log exclusion filters to reduce logging costs. Your security team wants to create a log-based metric to count firewall deny events for security monitoring purposes. A colleague suggests the metric might miss some firewall events due to the exclusion filters. What is the expected behavior?,The metric will capture excluded logs only if you explicitly configure it to use a bucket-scoped metric instead of a project-scoped metric.,"The metric will only capture firewall events that are not excluded, so your security team should remove the exclusion filter for firewall logs.","User-defined log-based metrics are calculated from both included and excluded logs, so the metric will capture all firewall deny events regardless of exclusion filters.",Log-based metrics cannot be created for firewall logs when exclusion filters are active; you must disable the exclusions first.,3,"User-defined log-based metrics are calculated from all log entries received by the Logging API, regardless of any inclusion or exclusion filters applied to the project. The exclusion filters only affect whether logs are stored in buckets, not whether they are counted by user-defined metrics. Reference: https://cloud.google.com/logging/docs/logs-based-metrics"
GCP PSOE,Your SOC team uses Google Security Operations (SecOps) SOAR for case management. Analysts need to assign follow-up tasks to specific team members with due dates while investigating cases. You want to implement a method that allows analysts to track task completion and collaborate efficiently on cases. Which feature should you use?,Add comments to the case timeline and use tags to indicate task assignments and completion status.,Configure playbook actions to automatically generate JIRA tickets for each investigation task.,Use the Quick Actions widget to define pre-configured task templates for common follow-up activities.,"Create case tasks from the Case Wall with assigned SOC roles, task content, and due dates.",4,"The Case Wall allows analysts to add tasks directly to cases. In the Add Task dialog, you can enter the title, assign it to a SOC role or team member, add task content, and set due dates. Tasks can be managed from Cases > Case Wall or Your Workdesk > My Tasks, enabling efficient collaboration and tracking. Reference: https://cloud.google.com/chronicle/docs/soar/investigate/working-with-cases/manage-tasks-from-the-cases-screen"
GCP PSOE,"You are designing a SOAR playbook for forensic evidence collection from compromised Compute Engine instances. The playbook must create disk snapshots, store them in a dedicated forensics bucket with chain of custody controls, and provide time-limited access for external forensic investigators. Which combination of Cloud Storage features should you implement?","Object Retention Lock with locked mode for evidence immutability, Object Versioning for change tracking, and signed URLs with short expiration for investigator access.","Object Lifecycle Management to automatically archive old evidence, customer-managed encryption keys, and allUsers read access during investigation.","Bucket Lock with an unlocked retention policy, uniform bucket-level access, and IAM conditions with time-bound access for investigators.","Event-based holds on all objects, dual-region storage for redundancy, and service account impersonation for investigator access.",1,"Object Retention Lock in locked mode prevents evidence modification or deletion, Object Versioning provides an audit trail of any object changes, and signed URLs allow secure time-limited access to evidence without requiring the external investigators to have Google Cloud accounts. Reference: https://cloud.google.com/storage/docs/object-lock and https://cloud.google.com/storage/docs/access-control/signed-urls"
GCP PSOE,"Your organization hosts a public-facing e-commerce application on Google Kubernetes Engine (GKE). The security team wants to proactively detect OWASP Top Ten vulnerabilities, including SQL injection and cross-site scripting (XSS), in your web applications before attackers can exploit them. You need to configure Web Security Scanner to provide detailed vulnerability findings. What should you do?",Configure Web Security Scanner custom scans with authentication enabled and starting URLs that target your application endpoints.,Configure Event Threat Detection to monitor Cloud Logging for OWASP vulnerability patterns in application requests.,Enable Web Security Scanner managed scans and wait for the automatic weekly scan to detect vulnerabilities across your organization.,Deploy Cloud IDS sensors in front of your GKE cluster to detect SQL injection attempts in real-time network traffic.,1,"Custom scans provide granular information about application vulnerability findings, including outdated libraries, cross-site scripting, and SQL injection. Custom scans can be configured with authentication to test protected endpoints, providing more comprehensive coverage than managed scans that only send GET-only requests without authentication. Reference: https://cloud.google.com/security-command-center/docs/how-to-web-security-scanner-custom-scans"
GCP PSOE,"Your organization uses Google Security Operations (SecOps) for centralized log collection. You need to configure Cloud Monitoring to detect when log forwarders stop sending data, which could indicate a security compromise or infrastructure failure. You want the alert to trigger only when all collectors in a high-availability cluster stop reporting, not when a single collector experiences temporary issues. What should you configure?","Create a metric-absence alerting policy on the log ingestion metric, group by collector_id, and set the Alert trigger to 'All time series violate' with an appropriate trigger absence time.",Create a metric-absence alerting policy on the log ingestion metric and set the Alert trigger to 'Any time series violates' with a longer trigger absence time to filter single collector issues.,Create multiple individual metric-absence alerting policies for each collector and use a multi-condition alerting policy to combine them with AND logic.,Create a metric-threshold alerting policy that monitors the count of active collectors and alerts when it falls below the expected cluster size for 30 minutes.,1,"Metric-absence policies can be configured to alert only when all time series violate the condition. By grouping by collector_id and setting 'All time series violate,' the alert fires only when all collectors in the cluster stop reporting, avoiding false positives from single collector issues. Reference: https://cloud.google.com/chronicle/docs/ingestion/ingestion-notifications-for-health-metrics"
GCP PSOE,Your security team has discovered that the Compute Engine default service account in multiple projects has the Editor role automatically granted. You need to prevent this automatic role grant for default service accounts across your organization while maintaining the ability to deploy workloads. What should you do?,"Use the iam.disableServiceAccountCreation organization policy constraint to prevent creation of default service accounts, and use existing service accounts from a centralized project for all workloads.",Manually remove the Editor role from each default service account after project creation using a Cloud Function triggered by project creation events.,"Enable the iam.automaticIamGrantsForDefaultServiceAccounts organization policy constraint at the organization level, then create dedicated service accounts with appropriate predefined roles for your workloads.",Enable the iam.disableServiceAccountKeyCreation organization policy constraint at the organization level to prevent default service accounts from being used.,3,"The iam.automaticIamGrantsForDefaultServiceAccounts constraint prevents default service accounts from automatically receiving the Editor role. Creating dedicated service accounts with specific predefined roles follows the principle of least privilege. This approach is enforced by default for organizations created after May 3, 2024. Reference: https://cloud.google.com/resource-manager/docs/organization-policy/restricting-service-accounts"
GCP PSOE,You want to enable SQL-based threat hunting queries on your Cloud Logging data while allowing security analysts to join log data with threat intelligence reference tables stored in BigQuery. You need to minimize ongoing data management overhead. What should you do?,Configure Cloud Logging to stream logs directly to Google SecOps and use the SecOps search interface for all threat hunting activities.,Upgrade the log bucket to use Log Analytics and create a linked BigQuery dataset to enable direct queries against the log data from BigQuery.,Export logs to Cloud Storage in JSON format and configure BigQuery external tables to query the exported files.,Create a log sink to export logs to a BigQuery dataset and schedule daily queries to match against threat intelligence tables.,2,Upgrading to Log Analytics and creating a linked dataset allows BigQuery to read log data directly without data duplication. This configuration enables SQL queries and joins with other BigQuery datasets while Cloud Logging manages the data. Reference: https://cloud.google.com/logging/docs/analyze/query-linked-dataset
GCP PSOE,Your security team received an alert from Security Command Center indicating that a container in your GKE cluster has established an outbound connection with stream redirection to a remote socket. You need to investigate this finding to determine if a compromise has occurred. Which finding type from Container Threat Detection should you prioritize for this investigation?,"Container Escape finding, which indicates that a process attempted to break out of container isolation and interact with the host system or other containers.","Malicious Script Executed finding, which indicates that a Python or Bash script was analyzed using NLP and determined to contain malicious code patterns.","Reverse Shell finding, which indicates a process started with stream redirection to a remote connected socket that could allow an attacker to perform arbitrary actions after a compromise.","Added Binary Executed finding, which indicates that a binary not present in the original container image was dropped and executed during container runtime.",3,Container Threat Detection monitors for processes that get started with stream redirection to a remote connected socket. A Reverse Shell finding indicates that an attacker may be using this technique to communicate from a compromised workload to an attacker-controlled machine for malicious activities. Reference: https://cloud.google.com/security-command-center/docs/findings/threats/reverse-shell
GCP PSOE,Your organization requires weekly compliance reports that summarize privileged IAM role assignments across all Google Cloud projects. You have configured Cloud Audit Logs to route to BigQuery. You need to implement an automated solution that generates these reports with minimal operational overhead. What should you do?,"Create a BigQuery scheduled query that aggregates IAM role assignments from the audit log tables, and configure it to run weekly with results written to a destination table.",Configure a log sink filter to export only IAM-related logs to a separate BigQuery dataset and manually run compliance queries each week.,Build a Cloud Function triggered by Cloud Scheduler that queries the Cloud Logging API directly and exports results to Cloud Storage in CSV format.,Use Dataflow to create a streaming pipeline that continuously aggregates IAM changes and writes summaries to BigQuery in real time.,1,"BigQuery scheduled queries can run recurring SQL queries against audit log data in BigQuery, automatically writing results to a destination table on a defined schedule. This approach requires minimal operational overhead and directly addresses the requirement for automated weekly compliance reports. Reference: https://cloud.google.com/bigquery/docs/scheduling-queries"
GCP PSOE,Your organization has a CI/CD pipeline running on an external Jenkins server that needs to deploy resources to Google Cloud. You want to implement keyless authentication following the principle of least privilege. You configure Workload Identity Federation with an OIDC identity provider. What role should you grant on the target service account to allow the external workload to impersonate it?,Workload Identity User (roles/iam.workloadIdentityUser),Service Account Token Creator (roles/iam.serviceAccountTokenCreator),Service Account Admin (roles/iam.serviceAccountAdmin),Service Account User (roles/iam.serviceAccountUser),1,The Workload Identity User role is specifically designed to allow principals to impersonate service accounts from external workloads or GKE workloads using Workload Identity Federation. This role grants the iam.serviceAccounts.getAccessToken permission needed for impersonation. Reference: https://cloud.google.com/iam/docs/workload-identity-federation
GCP PSOE,"Detection engineering""Your security team wants to detect Cloud KMS encryption keys that have not been rotated in more than 60 days. The built-in Security Health Analytics detector KMS_KEY_NOT_ROTATED uses a 90-day threshold, which does not meet your organization's stricter policy. What is the most effective approach to implement this requirement?",Create a Security Health Analytics custom module with a CEL expression that checks resource.rotationPeriod against a 60-day threshold.,Create a Cloud Logging alert policy to monitor for KMS key rotation events and alert when keys exceed 60 days without rotation.,Submit a request to Google Cloud Customer Care to update the KMS_KEY_NOT_ROTATED detector threshold.,Modify the built-in KMS_KEY_NOT_ROTATED detector to change the threshold from 90 days to 60 days.,1,Security Health Analytics custom modules allow you to define custom detection rules using CEL expressions to evaluate resource properties. You can specify the exact rotation period threshold that matches your organization's policy. The custom module runs in both real-time and batch scan modes. Reference: https://cloud.google.com/security-command-center/docs/custom-modules-sha-create
GCP PSOE,"Your organization receives threat intelligence updates from a third-party feed stored in a Cloud Storage bucket. When new IOC files are uploaded, you need to automatically parse the IOCs and initiate retrohunts in Google SecOps against historical data. You want to design a scalable and event-driven architecture using serverless components. What should you do?",Deploy a Cloud Function with an HTTP trigger that polls the Cloud Storage bucket every 5 minutes to check for new IOC files and manually creates retrohunts via the Google SecOps SOAR playbook actions.,"Configure a direct event trigger from Cloud Storage to a Cloud Function using Eventarc, then export the IOC data to BigQuery for manual threat hunting queries by analysts.","Configure a Pub/Sub notification on the Cloud Storage bucket to publish messages when new objects are created, and deploy a Cloud Function with a Pub/Sub trigger to parse the IOC file and call the Google SecOps Chronicle API to create retrohunts.","Create a Cloud Scheduler job to invoke a Cloud Run service hourly that scans the Cloud Storage bucket and sends IOCs directly to Google SecOps via the ingestion API, bypassing retrohunt capabilities.",3,"Pub/Sub notifications from Cloud Storage provide reliable, event-driven triggers for new file uploads. Cloud Functions with Pub/Sub triggers enable serverless execution, and the Chronicle API supports programmatic retrohunt creation. This is the standard event-driven pattern for automated threat hunting workflows. Reference: https://cloud.google.com/storage/docs/pubsub-notifications and https://cloud.google.com/chronicle/docs/reference/detection-engine-api"
GCP PSOE,"You manage a fleet of GKE clusters and want to configure centralized threat visibility. Your organization uses Security Command Center Premium tier. You need to enable a view that shows the top threats affecting your GKE workloads, grouped by severity and category. What should you do?","Deploy Google Security Operations SIEM with the GKE connector, configure curated detection rules for container threats, and use the Kubernetes detection dashboard for severity-based threat visualization.","Navigate to the GKE Security Posture page in the Google Cloud console, verify that Security Command Center Premium is activated, and review the Top threats pane which summarizes threats grouped by severity and category.","Configure fleet-level security posture defaults in Feature Manager, enable advanced threat detection for all member clusters, and view consolidated findings in the Fleet Security dashboard.","Enable the Container Scanning API for all projects, configure continuous vulnerability exports to BigQuery, and create Looker Studio dashboards to visualize threats by severity category.",2,"When Security Command Center Premium or Enterprise tier is activated, the GKE security posture dashboard shows the Top threats pane which summarizes the top threats affecting your GKE workloads, grouped by severity and category. This provides centralized visibility into container and Kubernetes threats like cryptomining, privilege escalation, and malicious code execution. Reference: https://cloud.google.com/kubernetes-engine/docs/concepts/about-security-posture-dashboard"
GCP PSOE,Your security team wants to export Cloud Audit Logs from across all projects in your organization to a centralized BigQuery dataset for long-term analysis. You need to configure log routing to ensure consistent performance when querying large volumes of historical security logs. What should you do?,"Create folder-level sinks with intercepting filters and export logs to Cloud Storage, then use BigQuery load jobs to import the logs.",Create an organization-level aggregated sink with partitioned tables enabled and grant the sink's writer identity the BigQuery Data Editor role on the destination dataset.,Create project-level sinks in each project with date-sharded tables enabled and grant the sink's writer identity the BigQuery Admin role on the destination dataset.,Create an organization-level aggregated sink that routes to a linked BigQuery dataset and grant the sink's writer identity the Logs Bucket Writer role.,2,Aggregated sinks at the organization level route logs from all child resources to a central location. Partitioned tables provide better query performance compared to date-sharded tables for large datasets. The BigQuery Data Editor role is the required permission for the sink's writer identity to write log entries to the destination dataset. Reference: https://cloud.google.com/logging/docs/export/aggregated_sinks and https://cloud.google.com/logging/docs/export/bigquery
GCP PSOE,"You are building a Looker Studio dashboard to visualize Security Command Center findings exported to BigQuery. The dashboard needs to display findings broken down by severity and category in a stacked column chart. When configuring the chart, you need to ensure the visualization correctly represents the finding distribution. Which configuration should you apply?","Configure the chart with a calculated field that concatenates severity and category as the single Dimension, then use a pie chart to show the distribution percentages.","Configure the chart with finding.severity as a filter property and finding.category as the Dimension, then add multiple scorecard charts showing counts for each severity level.","Configure the chart with finding.category as the primary Metric and finding.severity as the secondary Metric, then enable stacking in the chart style options.","Configure the chart with finding.severity as the Dimension field and finding.category as the Breakdown Dimension field, then set the metric to Record Count.",4,"This configuration creates a stacked column chart where each column represents a severity level, and the stacks within each column show the distribution across different categories. Record Count provides the appropriate aggregation for counting findings. This matches the standard SCC BigQuery schema structure. Reference: https://cloud.google.com/security-command-center/docs/how-to-analyze-findings-in-big-query"
GCP PSOE,You have created a custom Cloud Monitoring dashboard with multiple chart widgets displaying Security Command Center log-based metrics. You want to allow stakeholders to filter the dashboard data by project and finding category without modifying each widget individually. What dashboard feature should you configure?,Configure each widget with hardcoded filters and duplicate widgets for different values.,Use the Metrics Explorer to create filtered views and embed them in the dashboard.,Create separate dashboards for each project and category combination.,Add dashboard variables that are linked to each widget's filter configuration.,4,"Dashboard variables allow you to create toolbar filters that apply across multiple widgets. When you configure variables for labels like project_id or finding category, users can dynamically filter the entire dashboard's data without editing individual widgets. Reference: https://cloud.google.com/monitoring/dashboards/api-examples"
GCP PSOE,You are developing a YARA-L rule in Google Security Operations (SecOps) to detect multiple failed logins from the same user within a 10-minute window. You need to ensure the rule generates a detection only when a user has 5 or more failed login attempts. Which combination of YARA-L sections should you configure?,"Use an options section with 'allow_zero_values = true' to track all login attempts, and an events section with 'count($e.security_result.action) >= 5'.","Use a condition section with '$user over 10m' to specify the time window, and a meta section to define the severity based on the failed login count.","Use a match section with '$user over 10m' to group events by user within the time window, and a condition section with '#e >= 5' to check the event count threshold.","Use an events section with a timestamp filter for 10 minutes, and an outcome section with 'count($e) >= 5' to calculate the failed login count.",3,"The match section groups events by variable (user) over a time window, and the condition section uses the count operator '#' to verify the threshold is met. This is the standard pattern for multi-event rules requiring both temporal correlation and threshold-based detection. Reference: https://cloud.google.com/chronicle/docs/detection/yara-l-2-0-overview"
GCP PSOE,"Your security team needs to create a custom dashboard in Google Security Operations (SecOps) SIEM to track rule detections over time by severity level. The team wants to visualize detection trends and identify anomalies. When creating a new visualization tile for this dashboard, which data model Explore should you select?",UDM Events Explore,IOC Matches Explore,Entity Graph Explore,Rule Detections Explore,4,"The Rule Detections Explore is specifically designed for visualizing data about detections returned by detection engine rules. This Explore provides access to fields such as rule name, detection ID, risk score, severity, and timestamps, making it ideal for tracking rule detections over time by severity level. Reference: https://cloud.google.com/chronicle/docs/reports/dashboards-overview"
GCP PSOE,"Your organization has configured Sensitive Data Protection discovery to profile BigQuery data and publish findings to Security Command Center. After reviewing the data profiles, you notice that tables containing credit card numbers have a HIGH data risk level, but tables containing employee names have a MODERATE data risk level despite having similar public access configurations. You need to explain this discrepancy to your compliance team. What is the correct explanation?","The data risk level reflects the number of sensitive data findings per table, and tables with more credit card instances receive higher risk scores than tables with fewer name instances.","Sensitive Data Protection calculates data risk by combining the sensitivity level of detected infoTypes with access control configurations, and credit card numbers have a higher default sensitivity score than person names.","Security Command Center enriches DLP findings with additional threat intelligence, and tables with credit card data have more associated threat activity in the environment.",Data risk levels are randomly assigned during the profiling process and should be manually adjusted after review to reflect actual organizational risk classifications.,2,Data risk level considers both the calculated sensitivity of the data (based on infoType sensitivity scores) and the presence of access controls. Built-in infoTypes like CREDIT_CARD_NUMBER have higher default sensitivity scores than PERSON_NAME because of the potential for direct financial harm. Reference: https://cloud.google.com/sensitive-data-protection/docs/sensitivity-risk-calculation
GCP PSOE,You are building an automated incident containment playbook in Google Security Operations SOAR to isolate compromised VMs. Your organization uses service accounts rather than network tags for firewall rule targeting. An analyst reports that the isolation playbook sometimes fails to contain VMs despite successful execution. What is the most likely cause?,"The VPC firewall rules have a propagation delay of up to 30 minutes, causing a window during which the compromised VM can continue communicating before isolation takes effect.","The playbook is attempting to add network tags to the VM for isolation, but firewall rules using service accounts cannot reference network tags, and the two cannot be used together in the same rule.","The compromised VM has multiple network interfaces attached to different VPCs, and the playbook is only applying isolation rules to the primary network interface VPC.","The service account assigned to the VM was changed during incident response, causing the original firewall rules to no longer apply while new isolation rules have not propagated.",2,"VPC firewall rules cannot use both network tags and service accounts simultaneously. If existing firewall rules use service accounts for targeting, a playbook that applies network tags would not affect those rules. The isolation would fail because the VM's traffic would still match existing service-account-based allow rules. Reference: https://cloud.google.com/firewall/docs/firewalls"
GCP PSOE,You need to configure Security Command Center to automatically send finding notifications to a Cloud Function that will enrich findings with asset metadata before forwarding them to your SIEM. The notification must be created using Terraform and should only trigger for Event Threat Detection findings with category 'MALWARE_BAD_IP'. Which configuration approach should you use?,Create a google_scc_v2_organization_notification_config resource with a streaming_config filter that includes source properties and category filters.,Create a google_cloudfunctions_function resource with an event_trigger that specifies Event Threat Detection as the source.,Create a google_eventarc_trigger resource with a matching criteria filter for the finding category.,Create a google_pubsub_subscription resource with a filter attribute that matches the finding category and source.,1,The google_scc_v2_organization_notification_config Terraform resource allows you to create a NotificationConfig with a filter in the streaming_config block. You can filter by category and source to target specific finding types like Event Threat Detection malware findings. Reference: https://cloud.google.com/security-command-center/docs/how-to-api-manage-notifications
GCP PSOE,Your organization exports Google SecOps data to BigQuery for threat hunting. A security analyst needs to query historical IOC matches to identify IP addresses and domains that matched against threat intelligence feeds over the past 30 days. Which BigQuery table should the analyst query to find this information?,The ingestion_metrics table filtered by threat category,The ioc_matches table in the Google SecOps BigQuery dataset,The udm_events_aggregates table with threat intelligence enrichment,The rule_detections table joined with the udm_events table,2,"Google SecOps exports IOC matches to BigQuery in the ioc_matches table, which stores IOC matches found against UDM events. This table contains artifacts like domains and IP addresses from events that match Indicator of Compromise (IoC) feeds. Reference: https://cloud.google.com/chronicle/docs/reports/overview-chronicle-bigquery"
GCP PSOE,You are configuring Google Security Operations (SecOps) curated detections for your organization. You want to leverage Google-managed detection rules that automatically identify threats mapped to MITRE ATT&CK techniques. You also need to ensure that your SOC receives alerts only for high-severity findings while still maintaining detection visibility for lower-severity matches. What should you do?,Enable all curated rules with alerting enabled and create SOAR playbooks to automatically close low-severity alerts.,Enable only Precise rules and disable all Broad rules to prevent any false positives from being recorded.,Configure rule exclusions for all Broad rules to suppress their detections from appearing in the dashboard.,"Enable both Precise and Broad curated detection rules with Status set to Enabled, but configure Alerting to On only for Precise rules.",4,"Precise rules find malicious threats with a high degree of confidence while Broad rules may generate more false positives. By enabling both rule types but only turning on alerting for Precise rules, you maintain detection visibility through the dashboard for Broad rule matches while only alerting on high-confidence findings. Reference: https://cloud.google.com/chronicle/docs/detection/curated-detections"
GCP PSOE,You are configuring Applied Threat Intelligence (ATI) in Google Security Operations to enhance threat hunting capabilities. Your security team wants to focus analyst attention on indicators that have been observed in active Mandiant incident response engagements. Which ATI priority model should you enable to achieve this goal?,Configure the Medium Priority rule sets with attribution filtering enabled for APT groups.,Enable the Active Breach Priority rule sets for both network and host indicators.,Enable Inbound IP Address Authentication Indicators with the breached environment flag.,Enable the High Priority rule sets with custom IC-Score thresholds above 90.,2,"The Active Breach model specifically prioritizes indicators that Mandiant observed in active or past compromise investigations. These indicators have the highest confidence level as they come from real-world incident response engagements, where the GTI Verdict is Malicious and GTI Severity is High. Reference: https://cloud.google.com/chronicle/docs/detection/ati-prioritization"
GCP PSOE,"You are building an identity baseline in Google Security Operations (SecOps) by ingesting Cloud Identity logs. You need to ensure that administrative changes to group memberships are captured, as these changes can grant or revoke access to Google Cloud resources through IAM policies. Which log source combination should you configure?","Data Access audit logs and Admin Activity audit logs, to capture all IAM policy changes and data access events.","OAuth Token Audit logs and Admin Audit logs, to track both application authorizations and user provisioning events.","Login Audit logs and SAML Audit logs, to capture all authentication events that could indicate privilege escalation.","Admin Audit logs and Enterprise Groups Audit logs, to capture both Admin Console changes and group membership modifications.",4,"Admin Audit logs capture administrative actions in the Google Admin console including group changes made there, while Enterprise Groups Audit logs capture group membership changes made through groups.google.com or the Groups API. Together, they provide comprehensive visibility into all group membership changes. Reference: https://cloud.google.com/logging/docs/audit/gsuite-audit-logging"
GCP PSOE,"Your organization is implementing an automated incident response workflow where Cloud Functions remediate specific Security Command Center findings. After a Cloud Function successfully remediates a vulnerability finding, you want the finding state to be updated to reflect the remediation. What is the expected behavior after remediation is complete?",Vulnerability findings are automatically set to INACTIVE by Security Command Center during the next scheduled scan when the underlying misconfiguration is no longer detected.,The finding will remain in ACTIVE state indefinitely until a security analyst manually reviews and closes the finding in the SCC console.,The Cloud Function must call the Security Command Center API to manually set the finding state to INACTIVE after completing the remediation action.,The Cloud Function should create a mute rule for the finding after remediation to prevent it from appearing in the findings list.,1,"Vulnerability findings in Security Command Center are automatically updated to INACTIVE when the detection service scans and confirms that the underlying vulnerability or misconfiguration has been remediated. The Cloud Function should fix the underlying issue, and SCC will automatically update the finding state during subsequent scans. Manual state changes are not required for vulnerability findings. Reference: https://cloud.google.com/security-command-center/docs/concepts-vulnerabilities-findings"
GCP PSOE,"Your organization wants to establish an identity behavior baseline to detect anomalous authentication patterns. You need to collect Cloud Identity logs that track user sign-in events, including failed logins and suspicious login attempts from unfamiliar IP addresses. Which Cloud Identity audit log type should you prioritize for this use case?","Admin Audit logs, because they track all administrative actions including user authentication events and configuration changes.","OAuth Token Audit logs, because they record all user authentication tokens issued across the organization.","Login Audit logs, because they track user sign-in events including Failed Login and Suspicious Login events.","Enterprise Groups Audit logs, because they provide visibility into group membership changes that affect user access.",3,"Login Audit logs specifically track user authentication events such as sign-ins, failed logins, and suspicious login attempts from unfamiliar IP addresses. These logs are essential for establishing user authentication baselines and detecting anomalous sign-in behavior. Reference: https://cloud.google.com/logging/docs/audit/gsuite-audit-logging"
GCP PSOE,Your security team needs to perform advanced SQL-like queries on Cloud Asset Inventory data to identify all Cloud Storage buckets with specific IAM configurations across the organization. You have Security Command Center Premium tier and want to enable this capability in the Google Cloud console. What should you do?,Access the Asset query tab in the Asset Inventory page of the Google Cloud console to run SQL queries against your asset metadata.,Use the gcloud asset search-all-resources command with a SQL WHERE clause to filter Cloud Storage buckets by IAM configuration.,Export all IAM_POLICY content type data to Cloud Storage and then import it into BigQuery for SQL analysis.,Configure Security Command Center findings to generate a report of Cloud Storage buckets with IAM anomalies.,1,The Asset query tab in the Asset Inventory page allows users with Security Command Center Premium or Enterprise tier to perform SQL-like queries on asset metadata using BigQuery SQL. This feature enables complex queries for security analysis and asset discovery. Reference: https://cloud.google.com/asset-inventory/docs/query-assets-with-sql
GCP PSOE,A security analyst is investigating IAM-based attacks and needs to determine which service accounts in the organization have permissions that could allow privilege escalation through lateral movement to other projects. Which Google Cloud tool provides insights specifically designed to identify these cross-project impersonation risks?,"Use Policy Intelligence lateral movement insights, which identify roles allowing a service account in one project to impersonate a service account in another project.",Query Admin Activity audit logs for all SetIamPolicy operations and manually analyze bindings containing iam.serviceAccounts.actAs permissions.,Use IAM Policy Analyzer to query for service accounts with the iam.serviceAccountTokenCreator role across all projects.,Use Security Health Analytics to scan for over-privileged service accounts that could be exploited for lateral movement.,1,Policy Intelligence provides lateral movement insights that are specifically designed to identify service accounts with cross-project impersonation capabilities. These insights help security teams understand which service accounts could be used for lateral movement attacks between projects. Reference: https://cloud.google.com/policy-intelligence/docs/overview
GCP PSOE,"Your organization uses Security Command Center Premium and needs to detect when Cloud SQL instances are provisioned in unauthorized regions, which is not covered by the built-in Security Health Analytics detectors. Your detection must support both real-time and batch scanning modes. What should you do?",Deploy a Cloud Run function triggered by Pub/Sub notifications from Cloud Asset Inventory to generate custom findings for unauthorized regions.,Create an Event Threat Detection custom module using a JSON template to monitor Cloud Logging for Cloud SQL provisioning events in unauthorized regions.,Create a Security Health Analytics custom module using YAML with CEL expressions that evaluates Cloud SQL instance region properties against your approved list.,Configure a security posture policy set with organization policy constraints that prevent Cloud SQL provisioning in unauthorized regions.,3,"Security Health Analytics custom modules support custom detection logic using YAML and CEL expressions. Custom modules run alongside built-in detectors in both real-time and batch scan modes, triggering scans when an asset's configuration changes or during daily batch scans. Reference: https://cloud.google.com/security-command-center/docs/custom-modules-sha-overview"
GCP PSOE,Your organization wants to implement comprehensive threat hunting capabilities to detect suspicious data access patterns in Google Cloud Storage. You discover that only Admin Activity audit logs are currently available for analysis. What must you do to enable visibility into which users are reading or modifying object data in your storage buckets?,Create a custom log sink to route all Cloud Storage API calls from VPC Flow Logs to a dedicated analytics-enabled log bucket for investigation.,Configure Organization Policy constraints to enforce logging of all storage operations and rely on Policy Denied logs to capture any access violations.,Modify the _Required bucket retention settings to extend log storage duration and wait for Cloud Storage to automatically generate data access entries.,Enable Data Access audit logs for Cloud Storage by configuring the audit log settings to include DATA_READ and DATA_WRITE log types for the storage.googleapis.com service.,4,"Data Access audit logs are disabled by default (except for BigQuery) and must be explicitly enabled. To detect suspicious data access patterns involving reads and writes to Cloud Storage objects, you need to enable the DATA_READ and DATA_WRITE audit log types for the storage service. Reference: https://cloud.google.com/storage/docs/audit-logging"
GCP PSOE,Your organization recently activated Security Command Center Premium at the project level and enabled both Event Threat Detection and Container Threat Detection. You want to export findings from both services to Cloud Logging for integration with your existing log analysis pipeline. What should you consider about this configuration?,"Container Threat Detection supports Cloud Logging exports at the project level, but Event Threat Detection requires organization-level activation for any log export.","Event Threat Detection findings can be exported to Cloud Logging at project level, but Container Threat Detection findings require BigQuery for project-level exports.","Continuous exports of findings to Cloud Logging are only available when Security Command Center is activated at the organization level, not the project level.",Both services support continuous exports to Cloud Logging regardless of whether Security Command Center is activated at the project or organization level.,3,"Continuous exports to Cloud Logging are only available when you activate Security Command Center at the organization level. With project-level activations, this capability is not available, requiring alternative integration approaches. Reference: https://cloud.google.com/security-command-center/docs/how-to-use-event-threat-detection"
GCP PSOE,You are performing threat hunting on VPC Flow Logs stored in BigQuery to identify potential lateral movement within your Google Cloud environment. You observe that a single VM has established connections to 47 different internal IP addresses on port 22 within a 10-minute window. What does this pattern most likely indicate?,Normal behavior for a bastion host performing routine administrative connections to managed instances.,SSH-based lateral movement or reconnaissance attempting to identify accessible systems with SSH services.,An automated backup system conducting scheduled SSH-based file transfers across the infrastructure.,A misconfigured application repeatedly attempting to establish connections to a load balancer backend pool.,2,A single host connecting to many internal destinations on port 22 (SSH) within a short timeframe is a classic indicator of either SSH brute-force reconnaissance or lateral movement attempts. Legitimate administrative activity rarely involves simultaneous connections to this many hosts. Reference: https://cloud.google.com/vpc/docs/flow-logs
GCP PSOE,"You are building a Looker Studio security dashboard that visualizes Security Command Center findings from BigQuery. The dashboard will be shared with multiple stakeholders, including executives who do not have direct access to the underlying BigQuery dataset. You need to configure the data source to allow these stakeholders to view the dashboard data securely. Which data credentials configuration should you use?",Configure Viewer's Credentials for the BigQuery data source to ensure each stakeholder sees their own data.,"Configure Owner's Credentials for the BigQuery data source, and share the report with the stakeholders.",Create a separate copy of the dashboard for each stakeholder with embedded data sources.,Export the BigQuery data to Google Sheets and use Sheets as the Looker Studio data source.,2,"Owner's Credentials uses the credentials of the data source owner to authorize access to the dataset. This allows stakeholders to view report data without requiring their own direct access to the BigQuery dataset, which is appropriate when sharing with executives who should see the data but don't need BigQuery permissions. Reference: https://cloud.google.com/looker/docs/studio/data-credentials-article"
GCP PSOE,Your organization has deployed Google Security Operations (SecOps) and wants to create detection rules that match network events against IP addresses from your organization's custom threat intelligence feed. The threat feed is regularly updated with new malicious IP addresses. You want to implement this in the most operationally efficient manner while allowing the list to be updated without modifying the rule itself. What should you do?,Configure the Applied Threat Intelligence (ATI) Fusion Feed to automatically ingest and apply your custom threat intelligence without any YARA-L rules.,"Create a YARA-L rule that references a reference list containing the IP addresses, and update the reference list as new IOCs are identified.",Create a YARA-L rule with hardcoded IP addresses in the events section and create a new rule version each time the threat feed is updated.,Create a SOAR playbook that queries the threat feed API and manually correlates results with each incoming alert.,2,"Reference lists in Google SecOps allow you to maintain a separate list of values (such as IP addresses) that can be referenced by YARA-L rules using the '%' syntax. This approach enables you to update IOC values without modifying the detection rule itself, providing operational efficiency. Reference: https://cloud.google.com/chronicle/docs/detection/yara-l-best-practices"
GCP PSOE,You are designing a security monitoring solution for your organization's Google Cloud environment. You need to track the response time for IAM policy evaluation requests to detect potential denial-of-service conditions or system performance issues. The response time values are recorded in your application logs. Which type of log-based metric should you create?,Create a system log-based metric using the built-in latency tracking available in Cloud Logging.,Create a distribution log-based metric with a value extractor that captures the response time numeric value and configure appropriate histogram buckets.,"Create multiple counter metrics, one for each response time threshold, to track when values exceed specific limits.","Create a counter log-based metric with labels that categorize response times into predefined ranges like fast, medium, and slow.",2,"Distribution metrics record the statistical distribution of extracted numeric values in histogram buckets, including count, mean, and sum of squared deviation. This is ideal for tracking response time metrics where you need to analyze the distribution of values rather than just counting occurrences. Reference: https://cloud.google.com/logging/docs/logs-based-metrics/distribution-metrics"
GCP PSOE,Your organization is configuring Workload Identity Federation to allow an application running on AWS to access Google Cloud Storage without using service account keys. The external workload needs to impersonate a Google Cloud service account to access resources. Which IAM role should you grant to the federated identity on the service account to enable this access pattern?,Grant the Service Account Token Creator role (roles/iam.serviceAccountTokenCreator) on the project to the federated identity.,Grant the Service Account User role (roles/iam.serviceAccountUser) on the service account to the federated identity.,Grant the Service Account Admin role (roles/iam.serviceAccountAdmin) on the service account to the federated identity.,Grant the Workload Identity User role (roles/iam.workloadIdentityUser) on the service account to the federated identity.,4,The Workload Identity User role contains the iam.serviceAccounts.getAccessToken permission required for external identities in a workload identity pool to impersonate a service account and obtain short-lived credentials for accessing Google Cloud resources. Reference: https://cloud.google.com/iam/docs/workload-identity-federation
GCP PSOE,Your organization needs to monitor the latency of a security scanning service endpoint and trigger alerts when response times exceed acceptable thresholds. You want to create an alerting policy that fires only when latency consistently exceeds 5 seconds for at least 3 minutes to avoid alerting on transient spikes. Which configuration should you use?,Configure the uptime check with a 5-second timeout and create an alerting policy on check failures using a 3-minute aggregation period.,Create an alerting policy using the uptime_check/check_passed metric with a content matcher that validates response times under 5 seconds.,Create an alerting policy using the uptime_check/request_latency metric with a threshold of 5 seconds and configure a retest window of 3 minutes.,Use a log-based alerting policy that monitors uptime check logs for entries indicating response times greater than 5 seconds over a 3-minute window.,3,"The uptime_check/request_latency metric measures the response time of uptime checks, and configuring a retest window (duration) of 3 minutes ensures the condition must be met consistently before triggering an alert. This prevents transient spikes from generating false positive alerts. Reference: https://cloud.google.com/monitoring/alerts/concepts-indepth"
GCP PSOE,"Your organization uses Google Security Operations (SecOps) to collect security telemetry from AWS, Azure, and Google Cloud environments. A threat hunter needs to search for potential lateral movement across all cloud environments by correlating authentication events from a specific source IP address observed in AWS CloudTrail with subsequent privileged API calls in Azure and Google Cloud within a 30-minute window. What is the most effective approach?","Run a retrohunt using a YARA-L detection rule filtered to AWS CloudTrail events only, then manually search for related Azure and Google Cloud events.",Export all logs to BigQuery and write SQL queries to join the data from different cloud sources based on IP address correlation.,"Create separate queries for each cloud platform (AWS, Azure, Google Cloud) and manually correlate the results using timestamps and IP addresses in a spreadsheet.",Use UDM Search with a query that filters on principal.ip across all cloud event types and applies a 30-minute time range to identify correlated authentication and privileged API events.,4,"UDM Search allows querying across normalized telemetry from all cloud sources using indexed UDM fields like principal.ip. The Unified Data Model normalizes logs from AWS, Azure, and Google Cloud into a common schema, enabling cross-environment correlation with time-based filtering. Reference: https://cloud.google.com/chronicle/docs/investigation/udm-search"
GCP PSOE,"Detection engineering""You are configuring curated detections in Google Security Operations (SecOps) to identify cloud threats. After enabling a rule set, you notice that the detections are generating too many false positives for specific assets that are used for authorized security testing. You want to reduce false positives without disabling the entire rule set. What should you do?",Configure a SOAR playbook to automatically close alerts from the security testing assets before analysts see them to reduce false positive workload.,Disable alerting for the entire rule set and create a custom YARA-L rule that duplicates the detection logic with exclusions for your testing assets.,Modify the YARA-L source code of the curated detection rules to add 'not' conditions that exclude your security testing assets from evaluation.,Create rule exclusions for the curated detection rule set to exclude events from the authorized security testing assets based on UDM fields like principal.hostname.,4,Rule exclusions in Google SecOps curated detections allow you to define criteria to exclude specific events from being evaluated by a rule set or individual rules. This is the proper mechanism for reducing false positives while maintaining detection coverage for other assets. Reference: https://cloud.google.com/chronicle/docs/detection/use-curated-detections
GCP PSOE,"Your security team has created an Event Threat Detection custom module at the organization level to detect connections to known command and control IP addresses. The module uses the CONFIGURABLE_BAD_IP type. After enabling the module, you notice that no findings are being generated even though test traffic is being sent to the specified IP addresses. Which log source must be enabled for this custom module to function correctly?",Cloud DNS logging must be enabled across the organization.,Cloud Audit Logs Data Access logging must be enabled for all projects.,Firewall Rules Logging must be enabled on all VPC firewall rules.,VPC Flow Logs must be enabled for the networks where the traffic originates.,4,"The Configurable Bad IP custom module requires VPC Flow Logs to detect connections to specified IP addresses. VPC Flow Logs record network traffic metadata including source and destination IPs, which Event Threat Detection analyzes to identify connections to malicious addresses. Without VPC Flow Logs enabled, the custom module has no log data to process. Reference: https://cloud.google.com/security-command-center/docs/custom-modules-etd-overview"
GCP PSOE,You are conducting threat hunting for potential defense evasion techniques in your Google Cloud environment. You want to detect if an attacker has modified logging configurations to hide their activity. Which Cloud Logging query filter would best identify attempts to disable or modify audit log sinks?,logName:'cloudaudit.googleapis.com/data_access' AND protoPayload.methodName:('GetSink' OR 'ListSinks') AND protoPayload.status.code!=0,protoPayload.serviceName='logging.googleapis.com' AND protoPayload.methodName:('DeleteSink' OR 'UpdateSink' OR 'DeleteExclusion' OR 'CreateExclusion'),protoPayload.serviceName='iam.googleapis.com' AND protoPayload.methodName:('DeleteRole' OR 'UpdateRole') AND protoPayload.request.role.includedPermissions:'logging.sinks.delete',protoPayload.serviceName='cloudresourcemanager.googleapis.com' AND protoPayload.methodName='SetIamPolicy' AND protoPayload.request.policy.auditConfigs:*,2,"The logging.googleapis.com service handles log configuration changes, and these specific methods can disable, redirect, or filter out audit logs. Attackers may use these operations to establish persistence while evading detection. Reference: https://cloud.google.com/logging/docs/audit-logging"
GCP PSOE,"Platform operations""Your organization's service accounts have accumulated excessive permissions over time. You need to identify and remove unused permissions while following the principle of least privilege. Which Google Cloud tool should you use to identify unused permissions and receive recommendations for reducing service account privileges?",Policy Analyzer in Cloud Asset Inventory,Security Command Center vulnerability scanner,Cloud Audit Logs Admin Activity logs,IAM Recommender in Policy Intelligence,4,IAM Recommender analyzes actual permission usage over a 90-day observation period and provides recommendations to replace overly permissive roles with more appropriate ones. It can recommend predefined roles or new custom roles that include only the permissions actually used by the service account. Reference: https://cloud.google.com/policy-intelligence/docs/role-recommendations-overview
GCP PSOE,"As a detection engineer, you need to understand your organization's threat coverage gaps and prioritize security tasks against specific adversary tactics and techniques. After a CISA alert about a new ransomware threat, you want to verify if your detection rules cover the specific TTPs mentioned in the advisory. Which Google Security Operations (SecOps) SIEM capability should you use?",Export all detection rules to JSON and manually compare them against the MITRE ATT&CK Navigator tool.,Open the Curated Detections Dashboard and review the MITRE Tactics and Techniques columns for each rule set.,Create a custom dashboard with YARA-L queries filtering detections by MITRE ATT&CK technique metadata fields.,Navigate to Detection > Rules & Detections and use the MITRE ATT&CK Matrix tab to filter by specific technique IDs.,4,"The MITRE ATT&CK matrix dashboard allows you to understand your security posture against the framework, filter by specific technique IDs (like T1059.003), and identify coverage gaps. Each technique card is color-coded to indicate detection coverage status for that technique. Reference: https://cloud.google.com/chronicle/docs/detection/mitre-dashboard"
GCP PSOE,Your organization exports VPC Flow Logs to BigQuery for long-term retention and threat hunting analysis. A threat hunter needs to identify potential command and control (C2) beaconing activity by detecting VM instances that maintain periodic outbound connections to the same external IP address over multiple days. Which fields from VPC Flow Logs in BigQuery are most essential for this analysis?,"GKE cluster name, pod name, and service annotations from the dest_gke_details metadata field to identify which Kubernetes workloads are communicating externally.","source IP (connection.src_ip), destination IP (connection.dest_ip), destination port (connection.dest_port), timestamp, and source VM instance metadata.","bytes_sent, packets_sent, and RTT (round-trip time) fields to measure data transfer volume and connection latency characteristics.","reporter field, gateway object, and DSCP markings to identify traffic direction and network path through Cloud Interconnect or VPN tunnels.",2,"Identifying C2 beaconing requires correlating the internal source VM making connections, the external destination IP being contacted, the port used, and timestamps to detect periodic patterns. Source VM instance metadata enables attribution to specific compromised workloads. These fields constitute the 5-tuple data plus timing needed for behavioral analysis. Reference: https://cloud.google.com/vpc/docs/about-flow-logs-records"
GCP PSOE,"You are designing a forensic investigation playbook that automates evidence collection when a VM compromise is detected. The playbook must copy disk snapshots to an isolated forensics project, maintain chain of custody, and restrict access to authorized investigators only. Which combination of configurations should you implement?","Configure a forensics bucket with soft delete enabled and 90-day recovery window, use Workload Identity Federation for investigator access, and enable VPC Service Controls around the bucket.","Store disk snapshots in the same project as the compromised VM with object versioning enabled, grant Storage Admin role to the incident response team, and enable Admin Activity logs.","Create a dedicated forensics project with a Cloud Storage bucket that has a locked retention policy, configure IAM to grant Storage Object Viewer to forensic investigators only, and enable Cloud Audit Logs for data access.","Create a multi-regional bucket in the production project with Customer-Managed Encryption Keys, grant Storage Object Admin to security team members, and configure Object Lifecycle Management.",3,"This approach isolates evidence in a dedicated project, ensures immutability with locked retention, restricts access using IAM principle of least privilege, and maintains audit trail with data access logs for chain of custody documentation. Reference: https://cloud.google.com/storage/docs/bucket-lock and https://cloud.google.com/logging/docs/audit"
GCP PSOE,Your SOC team is experiencing inefficiency because analysts are frequently investigating duplicate incidents without realizing they are related. You need to configure Google Security Operations (SecOps) SOAR to automatically group related alerts into the same case based on shared entities within a 6-hour window. What should you configure?,Create a playbook that triggers on new alerts and uses the Siemplify > Merge Cases action to combine alerts with matching entities into a single case.,Configure a connector job that queries for alerts with shared entities and creates consolidated cases by deduplicating the alert queue before ingestion.,Navigate to SOAR Settings > Advanced > Alerts Grouping and configure a grouping rule with Group By set to Entities and the Timeframe for grouping alerts set to 6 hours.,Implement a scheduled job in the IDE that runs every 6 hours and uses the Case Federation integration to combine cases with overlapping entity identifiers.,3,The alert grouping mechanism in SOAR Settings > Advanced > Alerts Grouping allows you to create rules that group alerts into cases based on shared entities within a configurable timeframe. Setting Group By to Entities and the timeframe to 6 hours meets the requirement. Reference: https://cloud.google.com/chronicle/docs/soar/investigate/working-with-alerts/alert-grouping-mechanism-admin
GCP PSOE,"After detecting a data exfiltration attempt, you want to prioritize your incident response based on the sensitivity of the potentially exposed data. Sensitive Data Protection has been profiling your BigQuery datasets and sending results to Security Command Center. How should you use this integration to prioritize your investigation?",Export all Security Command Center findings to BigQuery and join with DLP profile data using SQL queries to correlate exfiltration events with sensitivity scores.,"Use Security Command Center to filter exfiltration findings by data sensitivity level, prioritizing findings that target BigQuery tables marked as HIGH sensitivity by DLP data profiles.",Review the Cloud Logging entries for DLP inspection jobs to identify which tables have been recently scanned and contain the highest finding counts.,Run on-demand DLP inspection jobs against all affected BigQuery tables to generate new sensitivity findings after the exfiltration is detected.,2,"DLP's sensitive data discovery service sends sensitivity classifications to Security Command Center, allowing you to filter and prioritize exfiltration findings based on whether they affect datasets containing highly sensitive data. This data-centric approach ensures you focus on the highest-risk incidents first. Reference: https://cloud.google.com/blog/products/identity-security/dlp-sensitive-data-intelligence-now-available-in-scc"
GCP PSOE,Your security team is using the GKE Security Posture dashboard to monitor multiple clusters for threats and misconfigurations. You notice the dashboard shows a 'Top threats' pane summarizing threats grouped by severity and category. What is required to view threat findings in the GKE Security Posture dashboard?,"Configure workload configuration auditing at the Advanced level, which automatically enables threat detection for all registered clusters.",Install the Security Posture agent on each cluster node and configure direct API access to Google Threat Intelligence for threat correlation.,Enable the GKE Enterprise edition and manually configure each cluster to export security findings to a centralized SIEM platform.,"Activate Security Command Center Premium or Enterprise tier, which enables integration with Container Threat Detection and Event Threat Detection findings.",4,The Top threats pane is only visible when Security Command Center Premium or Enterprise tier is activated. This tier enables the built-in threat detection services including Container Threat Detection that generate the threat findings displayed in the GKE Security Posture dashboard. Reference: https://cloud.google.com/kubernetes-engine/docs/concepts/about-security-posture-dashboard
GCP PSOE,Your security team wants to automate threat hunting by triggering Cloud Functions when new indicators of compromise (IOCs) are added to your threat intelligence platform. The function should query Google SecOps for matches against historical logs. You need to design the most reliable and scalable architecture using Pub/Sub push subscriptions. What is a key consideration for this design?,Use pull subscriptions instead of push subscriptions because pull subscriptions provide lower latency for real-time threat hunting automation workflows.,"Configure multiple push subscriptions to the same topic, each pointing to a different Cloud Function region, to ensure global redundancy of the threat hunting workflow.",Enable exactly-once delivery on the push subscription to guarantee that each IOC triggers exactly one threat hunting query without any duplicates.,"Configure the push endpoint to use HTTPS with authentication, and ensure the Cloud Function service account has the necessary permissions to query the Google SecOps Search API.",4,"Pub/Sub push subscriptions deliver events as HTTP POST requests to webhooks, and the endpoint must support HTTPS with proper authentication for security. The Cloud Function needs API permissions to interact with Google SecOps for executing threat hunting queries against historical data. Reference: https://cloud.google.com/pubsub/docs/overview"
GCP PSOE,Your security team received a Security Command Center alert indicating potential BigQuery data exfiltration. The finding shows data was exported to a Cloud Storage bucket outside your organization. You need to investigate the scope of the incident and identify the actor responsible. What is the first investigative step you should take in Logs Explorer?,Query Data Access audit logs filtered by the principal email from the SCC finding and the BigQuery jobs.insert method.,Run a Sensitive Data Protection inspection job on the suspected exfiltrated data to determine sensitivity levels.,Query Admin Activity audit logs filtered by storage.buckets.create operations to identify new external buckets.,Configure a log sink to export all BigQuery logs to a separate project for offline forensic analysis.,1,"Data Access audit logs record data read and write operations, including BigQuery export jobs. Filtering by the principal email from the SCC finding and the jobs.insert method helps identify all BigQuery export operations performed by the suspected actor, establishing the scope of potential exfiltration. Reference: https://cloud.google.com/logging/docs/audit"
GCP PSOE,You are performing threat hunting in Google Security Operations (SecOps) and want to identify domains that are newly observed in your environment with low prevalence. This technique helps detect potentially malicious command-and-control infrastructure that adversaries recently deployed. Which approach best supports this threat hunting objective?,Enable Google Threat Intelligence domain reputation feeds and create alerts for domains with unknown or suspicious reputation scores.,Write a YARA-L detection rule that uses prevalence enrichment fields to filter for domains where rolling_max equals 1 and first_seen_hour is recent.,Create a UDM Search query with aggregate functions to count distinct assets per domain and filter for domains with a count of one asset.,Query the Entity Graph directly using raw log search for domain entities and manually calculate prevalence by counting associated assets.,2,"Google SecOps calculates and enriches each entity with prevalence statistics that indicate popularity in the environment. The rolling_max field shows the maximum prevalence over the previous 10-day window, and combined with first_seen timestamps, enables identification of newly observed low-prevalence domains. Reference: https://cloud.google.com/chronicle/docs/event-processing/data-enrichment"
GCP PSOE,You are investigating suspicious activity where a user appears to have created a new service account key that was then used to access production data. You need to establish the chain of custody by identifying both who created the key and what actions were performed using that key. Which audit log fields should you examine to correlate this activity?,Query Data Access audit logs for the service account and examine protoPayload.request.keyId to identify which key was used for each authenticated request.,"Examine protoPayload.methodName for 'CreateServiceAccountKey' to identify key creation, then use protoPayload.authenticationInfo.serviceAccountKeyName in subsequent logs to trace activities performed with that specific key.","Filter for protoPayload.authenticationInfo.principalEmail matching the service account email to identify all activities, then examine the timestamp to determine the sequence of events.",Use protoPayload.authorizationInfo to see all permissions granted to the service account key and correlate with the creation timestamp in resource.labels.,2,"CreateServiceAccountKey in Admin Activity logs captures who created the key, and the serviceAccountKeyName field in subsequent audit logs identifies the specific key used for authentication, allowing correlation between key creation and subsequent usage. Reference: https://cloud.google.com/iam/docs/audit-logging/examples-service-accounts"
GCP PSOE,You are developing a YARA-L detection rule in Google Security Operations (SecOps) to identify brute force login attempts. The rule needs to detect when a single user experiences more than 10 failed login attempts within a 15-minute window. Which YARA-L rule structure should you use?,Use a multi-event rule with a match section specifying the user over a 15-minute time window and a condition section checking that the count of failed login events is greater than 10.,Use a single-event rule that counts failed logins using a global counter variable incremented for each failed login event detected.,"Create multiple single-event rules, each detecting one failed login, and use composite detections to link them when the same user appears 10 times.","Use a reference list to store user IDs and failed login counts, then query the reference list in your rule condition.",1,Multi-event rules with a match section allow you to correlate events over a specified time window and group them by a common field like user ID. The condition section can then use aggregation functions like count to check thresholds. This is the standard approach for detecting threshold-based behaviors. Reference: https://cloud.google.com/chronicle/docs/detection/yara-l-2-0-overview
GCP PSOE,Your organization uses Security Command Center Enterprise and has integrated with Jira for ticket management. You notice that case priorities in the Security Operations console are not matching the expected urgency based on the findings. You need to understand how case priority is determined to configure proper triage workflows. Which statement correctly describes how Security Command Center Enterprise determines case priority?,Case priority is assigned by the SCC Enterprise - Urgent Posture Findings Connector based on the first finding ingested into the case.,Case priority is calculated by averaging the severity scores of all findings in the case and rounding to the nearest priority level.,"Case priority is based on the highest finding severity among all findings grouped in the case, and it automatically updates when finding severities change.",Case priority must be manually set by security analysts and does not automatically sync with finding severity levels.,3,"In Security Command Center Enterprise, case priority is based on the highest finding severity property among all findings in a case. When finding severity changes, Security Command Center automatically updates the case priority to match the highest severity. Even muted findings can define case priority if they possess the highest severity. Reference: https://cloud.google.com/security-command-center/docs/cases-overview"
GCP PSOE,"Detection engineering""Your organization wants to implement risk-based alerting in Google Security Operations (SecOps) to prioritize investigations for entities exhibiting multiple suspicious behaviors. You need to configure detection rules that contribute to an entity's risk score. Which approach should you use?",Build a reference list containing entity identifiers and their associated risk levels to be used in detection rule conditions.,Use the entity_risk_score field in the events section of YARA-L rules to manually set risk values during event evaluation.,Create a custom entity graph that assigns static risk values to users and assets based on their department and role classifications.,"Configure outcome variables in YARA-L rules to set risk scores, and use Risk Analytics to aggregate scores across findings for each entity.",4,"Risk Analytics calculates risk scores for entities based on the risk scores from detections generated by rules. You can specify risk scores in the outcome section of YARA-L rules, and Risk Analytics aggregates these scores to identify high-risk entities. Reference: https://cloud.google.com/chronicle/docs/detection/risk-analytics-overview"
GCP PSOE,"Data management""Your security team needs to query Cloud Audit Logs in BigQuery for compliance analysis. When configuring the Cloud Logging sink to BigQuery, you want to optimize query performance and control costs for time-range queries spanning multiple days. Which table organization option should you select when creating the sink?","Date-sharded tables, because they automatically create separate tables per day which makes it easier to delete old data and manage retention.","Linked datasets through Log Analytics, because they provide automatic schema management and eliminate the need for partition configuration.","Partitioned tables, because they enable partition pruning which improves query performance and reduces costs when filtering by timestamp.","Clustered tables with clustering on the logName field, because this optimizes queries that filter by specific log types.",3,"Partitioned tables divide data into smaller segments based on timestamp, allowing BigQuery to scan only relevant partitions when filtering by time. This results in better query performance and lower costs compared to date-sharded tables. Reference: https://cloud.google.com/logging/docs/export/bigquery"
GCP PSOE,"Detection engineering""Your security operations team is overwhelmed by Security Command Center findings. Many findings are for development environment resources that have lower security requirements than production. You want to automatically suppress findings from development projects while ensuring they remain available for audit purposes and can be easily unsuppressed if requirements change. What should you do?","Create dynamic mute rules with filters that match findings from development projects, which will automatically mute matching findings while maintaining their audit trail.",Disable Security Health Analytics and Event Threat Detection services for all development projects to prevent findings from being generated.,"Create static mute rules with filters targeting development project findings, which permanently suppress findings until manually unmuted.",Add security marks to all development project assets to exclude them from Security Health Analytics detection policies.,1,"Dynamic mute rules automatically mute both existing and future findings that match your specified filter criteria. Muted findings are hidden from default views but continue to be logged for audit and compliance purposes. Dynamic mute rules can be easily modified or deleted to unsuppress findings when requirements change, and they provide more flexibility than static mute rules. Reference: https://cloud.google.com/security-command-center/docs/how-to-mute-findings"
GCP PSOE,"A threat hunter at your organization wants to use Google Security Operations (SecOps) to detect when entity risk scores suddenly increase, indicating potential compromise. The hunter needs to create an automated detection that triggers when any hostname exceeds a risk score threshold of 100. Which approach should the hunter implement?",Enable curated detections for all Risk Analytics categories and filter alerts in the console.,Configure a scheduled UDM search query that runs daily to check for entities with risk scores above 100.,Write a YARA-L rule that uses the ENTITY_RISK_CHANGE UDM event type to filter for risk_score values greater than or equal to 100.,Create a SOAR playbook that queries the entity graph API every hour to check for high-risk entities.,3,The ENTITY_RISK_CHANGE UDM event type enables you to write YARA-L detection rules that trigger on changes in entity risk scores independently of ingested events. This significantly decreases time to detect and alert on shifting risk levels. Reference: https://cloud.google.com/chronicle/docs/detection/risk-based-alerting
GCP PSOE,You are configuring uptime checks to monitor the availability of a security API endpoint that requires authentication. The endpoint uses service account authentication with OIDC tokens. You want to configure the uptime check to authenticate properly without storing credentials in plain text. What should you do?,Create a synthetic monitor that programmatically generates OIDC tokens and includes them in custom headers for each check execution.,Store the service account credentials in Secret Manager and configure the uptime check to retrieve the secret at runtime using a custom header.,Configure the uptime check to use service account authentication with a generated OpenID Connect (OIDC) token as the authentication method.,Configure basic authentication in the uptime check with a username and password derived from the service account key file.,3,"Cloud Monitoring uptime checks support authentication using a service account and a generated OpenID Connect (OIDC) token, which provides secure authentication without requiring username and password credentials stored in plain text. This is the recommended approach for authenticating to endpoints that support OIDC. Reference: https://cloud.google.com/monitoring/uptime-checks"
GCP PSOE,Your organization uses Sensitive Data Protection to profile BigQuery datasets across your Google Cloud environment. Security Command Center shows a DATA_SENSITIVITY finding with HIGH severity for a dataset that was involved in a suspected exfiltration incident. You want to determine the specific types of sensitive data that may have been exposed. What should you do?,Export the Security Command Center finding to BigQuery and run SQL queries to identify sensitive data types.,Create a new DLP inspection job to scan the destination bucket where data was exfiltrated.,Review the infoType statistics in the Sensitive Data Protection data profile for the affected dataset.,Query Cloud Logging for dlp.googleapis.com log entries to retrieve the inspection results.,3,"When Sensitive Data Protection generates data profiles, it provides detailed infoType statistics showing which specific types of sensitive data (such as credit card numbers, SSNs, or PII) were detected and their counts. This directly answers what types of sensitive data may have been exposed. Reference: https://cloud.google.com/sensitive-data-protection/docs/sending-results-to-scc"
GCP PSOE,"Your organization is conducting a forensic investigation following a security incident. The legal team requires that all Cloud Audit Logs related to the incident be preserved for the duration of the investigation, which may last several years. You need to ensure that the logs cannot be deleted or modified during the investigation period. What should you do?",Enable CMEK encryption on the _Default log bucket to prevent unauthorized modifications.,"Create a custom Cloud Logging bucket with an extended retention period, then lock the bucket against updates.","Export the logs to a Cloud Storage bucket, then configure a retention policy and lock it permanently using Bucket Lock.",Modify the _Required log bucket retention period to match the investigation timeline.,2,"Locking a Cloud Logging bucket protects against deleting the log bucket that stores log entries within their retention period. Once locked, you cannot delete the bucket or reduce the retention period, ensuring logs are preserved for the investigation. This provides the immutability required for forensic evidence preservation. Reference: https://cloud.google.com/logging/docs/buckets"
GCP PSOE,Your organization needs to establish a sensitive data classification baseline for BigQuery data assets. You want to detect organization-specific proprietary data patterns alongside standard PII. You need to configure the inspection template efficiently. What should you do?,Create custom infoType detectors using dictionary or regex patterns for proprietary data and include them alongside built-in infoTypes in the inspection template.,"Configure separate inspection templates for proprietary data and PII, then run parallel discovery scans to generate combined profiles.",Submit an infoType enhancement request to Google Cloud support to add your proprietary patterns as new built-in detectors.,Use the DLP API content.inspect method with inline custom infoTypes specified in each API request to detect proprietary patterns.,1,Sensitive Data Protection allows you to create custom infoType detectors using dictionaries or regular expressions to match organization-specific patterns. These custom detectors can be combined with built-in infoTypes in the same inspection template to provide comprehensive detection coverage. Reference: https://cloud.google.com/sensitive-data-protection/docs/creating-custom-infotypes
GCP PSOE,You want to implement real-time email notifications for Security Command Center findings by integrating with Cloud Run functions. The solution should notify security analysts when Event Threat Detection generates new high-severity threat findings. What is the recommended architecture?,"Configure a continuous export to Pub/Sub with a filter for Event Threat Detection findings, then deploy a Cloud Run function triggered by the Pub/Sub subscription that sends emails via an email API.","Enable the Logging Export in SCC continuous exports, create a log-based metric in Cloud Logging for threat findings, and configure an alerting policy with email notifications.","Configure Cloud Monitoring to create alerting policies based on Security Command Center metrics, and set up email notification channels directly in Cloud Monitoring.",Configure BigQuery export for findings and use scheduled queries with Cloud Composer to check for new high-severity findings and trigger email notifications.,1,"This architecture uses the recommended approach of continuous exports to Pub/Sub with filtering, combined with Cloud Run functions to process messages and send notifications. This provides near real-time alerting and allows customization of the notification content. Reference: https://cloud.google.com/security-command-center/docs/how-to-enable-real-time-notifications"
GCP PSOE,"Your organization uses Security Command Center Enterprise to prioritize vulnerability remediation. You have multiple vulnerability findings and need to determine which findings to remediate first. According to Google Cloud best practices, which prioritization approach should you use first before considering severity levels?","Prioritize findings by finding category, remediating all findings of the same type together for operational efficiency.","Prioritize findings by creation date, remediating the oldest findings first to reduce your overall vulnerability exposure time.","Prioritize findings by attack exposure score, remediating findings with the highest scores first as they most expose your high-value resources.","Prioritize findings by the number of affected resources, remediating findings that impact the most resources first.",3,Google Cloud recommends prioritizing vulnerability and misconfiguration findings by attack exposure scores before prioritizing by severity. Findings with higher attack exposure scores indicate greater exposure of your high-value resources to potential cyberattacks and should be prioritized for remediation. Reference: https://cloud.google.com/security-command-center/docs/vulnerabilities-prioritize-remediation
GCP PSOE,Your security operations team is using Access Transparency logs to monitor privileged access patterns by Google personnel. You want to create an alerting policy in Cloud Monitoring that notifies your team when the number of Google personnel accesses exceeds a threshold in a given period. What is the recommended approach to implement this monitoring?,Configure Key Access Justifications policies to set maximum access counts per justification code.,Configure Access Approval to automatically deny all Google personnel access requests that exceed the threshold.,Create a logs-based metric from Access Transparency logs and configure an alerting policy with a threshold condition in Cloud Monitoring.,Export Access Transparency logs directly to Security Command Center for automated finding generation based on access volume.,3,You can monitor Access Transparency logs by creating logs-based metrics and then setting up alerting policies with thresholds. This approach enables timely awareness when Google personnel accesses exceed expected baseline patterns. Reference: https://cloud.google.com/assured-workloads/access-transparency/docs/reading-logs
GCP PSOE,Your organization activated Security Command Center (SCC) before June 2023 and has been using the SCC API for asset management. You now need to modernize your asset discovery approach following Google's recommended best practices. What should you do?,"Migrate asset management operations from the SCC API to Cloud Asset Inventory, which discovers assets automatically without requiring configuration.",Enable asset discovery in SCC organization settings using the UpdateOrganizationSettings API to ensure continued asset monitoring.,Configure a scheduled export job from SCC to BigQuery to maintain a historical record of assets before the deprecation takes effect.,Create a hybrid approach using both SCC asset discovery and Cloud Asset Inventory feeds to ensure no gaps during transition.,1,"Google deprecated SCC asset management features for organizations that activated SCC before June 2023, with removal after June 2024. Cloud Asset Inventory is the recommended replacement and discovers assets automatically without requiring explicit configuration. Reference: https://cloud.google.com/security-command-center/docs/how-to-api-configure-asset-discovery"
GCP PSOE,"Threat hunting""Your security operations team wants to automatically trigger threat hunting workflows when Security Command Center detects high-severity Event Threat Detection findings. The workflow should execute a Cloud Function that queries Google SecOps for related indicators across a 30-day historical window. How should you configure the Security Command Center integration?","Use Cloud Scheduler to call the Security Command Center API every 5 minutes, filter for new high-severity findings, and publish them to Pub/Sub for Cloud Function processing.","Create a continuous export in Security Command Center with a filter for high-severity Event Threat Detection findings to a Pub/Sub topic, then create a Cloud Function with an Eventarc Pub/Sub trigger subscribed to that topic.","Configure Security Command Center to send email notifications for high-severity findings, then use a Cloud Function with a Gmail API trigger to parse emails and initiate threat hunting.",Deploy a Cloud Function with an HTTP trigger and configure Security Command Center to call the function URL directly whenever findings are created.,2,"Continuous exports automatically send findings matching the filter criteria to Pub/Sub in near real-time. The Event-driven Cloud Function architecture ensures immediate automated response to new threat detections, enabling timely threat hunting across historical data. Reference: https://cloud.google.com/security-command-center/docs/how-to-export-data"
GCP PSOE,Your security team has detected a data exfiltration attempt from a compromised project in your Google Cloud environment. You need to immediately isolate the project to prevent further data loss while preserving access for your incident response team. The project accesses Cloud Storage and BigQuery resources that must be protected. Which approach should you use for immediate containment?,Revoke all IAM permissions for the compromised project and re-grant only the incident response team access to perform forensic investigation.,"Create a dry-run VPC Service Controls service perimeter around the compromised project, monitor the logs for violations, and convert it to enforced mode after 24 hours of observation.",Apply a VPC firewall deny all egress rule with priority 0 to all VMs in the compromised project to block outbound traffic.,"Create an enforced VPC Service Controls service perimeter around the compromised project with all Google Cloud services restricted, and configure an ingress rule for your incident response team's identities.",4,"Creating an enforced VPC Service Controls perimeter immediately blocks API access to restricted services like Cloud Storage and BigQuery from outside the perimeter, preventing data exfiltration. Ingress rules allow you to selectively permit access for specific identities like your incident response team while maintaining containment. This approach provides immediate protection at the API level. Reference: https://cloud.google.com/vpc-service-controls/docs/overview"
GCP PSOE,"You are configuring IAP for an application where different user groups require different levels of access. The sales team needs access from any location, while the finance team should only access the application from the corporate network. Both teams need the same application access when their conditions are met. How should you configure IAP to meet these requirements?","Create a single access level with OR logic that combines 'sales group membership' and 'finance group membership AND corporate IP range', then apply this access level to all users.","Create a custom access level that evaluates group membership and applies different network requirements based on the user's group, then assign this access level to the IAP-secured Web App User role.","Create two separate IAM bindings for the IAP-secured Web App User role: one for the sales group without access level conditions, and one for the finance group with an access level condition that requires the corporate network IP range.",Configure two separate IAP instances for the same application - one for sales with no restrictions and one for finance with network restrictions.,3,"IAP allows multiple IAM bindings with different conditions on the same resource. Each binding can associate a group with the IAP-secured Web App User role, with optional access level conditions. When multiple access levels are applied to a single binding, they use OR semantics, but separate bindings allow different conditions for different groups. Reference: https://cloud.google.com/iap/docs/cloud-iap-context-aware-access-howto"
GCP PSOE,Your organization experienced a security incident affecting multiple projects within a Google Cloud organization. The incident response team needs to collect and preserve logs from the past 30 days across all affected projects. The logs must be stored in a central location with immutable storage for forensic investigation and potential legal proceedings. What should you do?,Create an aggregated sink at the organization level to route logs to a Cloud Storage bucket configured with a locked retention policy.,Create individual log sinks in each affected project to route logs to Cloud Logging buckets with custom retention periods.,Configure the _Required log bucket in each project with extended retention and enable CMEK encryption for security.,Use the gcloud logging read command to export logs from each project and store them locally for investigation.,1,"Aggregated sinks can route logs from all projects in an organization to a centralized destination, and locking a Cloud Storage bucket retention policy provides immutable storage that prevents logs from being deleted or modified until the retention period expires, meeting forensic and legal requirements. Reference: https://cloud.google.com/logging/docs/export/aggregated_sinks and https://cloud.google.com/storage/docs/bucket-lock"
GCP PSOE,You are a SOC manager implementing Google Security Operations (SecOps) SIEM dashboards to track mean time to detect (MTTD) and other key performance indicators (KPIs) for your security team. You want to effectively measure and demonstrate operational value to stakeholders. Which dashboard approach should you implement?,Export all detection and case data to BigQuery and use Looker Studio to create operational dashboards shared through Google Drive.,Configure Cloud Monitoring dashboards with custom metrics exported from Google SecOps using Pub/Sub to track SOC operational efficiency.,"Use built-in dashboards and reports along with custom dashboards to track real-time SOC metrics and KPIs, and schedule automated report delivery to stakeholders.",Create YARA-L detection rules for each KPI metric and configure alerts when performance thresholds are exceeded.,3,"Google SecOps allows you to 'effectively measure and manage operations, demonstrate value to stakeholders, track real-time SOC metrics and KPIs' using built-in dashboards and reports or custom-built ones. Scheduling delivery automates stakeholder communication. Reference: https://cloud.google.com/chronicle/docs/secops/secops-overview"
GCP PSOE,"You are configuring preventive controls for incident response scenarios. Your organization wants to ensure that if a project is compromised, the attacker cannot exfiltrate sensitive data stored in Cloud Storage and BigQuery by copying it to resources they control outside your organization. You also need the ability to test these controls without disrupting production. What should you implement?",Implement Organization Policy constraints restricting Cloud Storage bucket creation and BigQuery dataset creation to specific regions within your organization.,Configure IAM conditions on all Cloud Storage and BigQuery resources requiring that accessor principals must be members of your organization domain.,"Configure a VPC Service Controls perimeter in dry-run mode with Cloud Storage and BigQuery as restricted services, monitor audit logs for policy violations, then switch to enforced mode after validating the configuration.","Create egress firewall rules at priority 1 denying all outbound traffic to internet destinations, with explicit allow rules for approved external IPs needed for business operations.",3,"Dry-run mode logs violations without blocking requests, allowing you to identify legitimate cross-perimeter traffic that requires ingress/egress rules before enforcement. Once validated, enforced mode blocks unauthorized copy operations to external resources. Reference: https://cloud.google.com/vpc-service-controls/docs/service-perimeters"
GCP PSOE,Your security team suspects that a compromised VM is conducting reconnaissance activity within your Google Cloud environment. You need to use VPC Flow Logs exported to BigQuery to identify potential port scanning behavior indicative of lateral movement preparation. Which BigQuery query approach should you use?,Query for high byte counts from a single source IP to identify data exfiltration attempts from the compromised VM.,Query for connections with the longest RTT latency values to identify suspicious slow network reconnaissance.,Query for source IPs with connections to a high number of distinct destination ports across multiple internal IPs within a short timeframe.,Query for rejected connections from external IPs to identify inbound attack attempts from threat actors.,3,Port scanning for lateral movement typically involves a single source attempting connections to many destination ports across multiple internal hosts. Querying for high distinct port counts from a single source is the standard detection pattern for reconnaissance activity. This approach directly identifies the scan behavior pattern. Reference: https://cloud.google.com/vpc/docs/flow-logs
GCP PSOE,Your organization routes logs from multiple projects to a centralized log bucket using aggregated sinks for security monitoring. You need to create a log-based metric that counts security events from all source projects and uses this data in Cloud Monitoring dashboards and alerts. Which metric scope should you configure?,Create a bucket-scoped log-based metric defined on the centralized log bucket to count security events from all routed log entries.,Create project-scoped log-based metrics in each source project and aggregate them using Cloud Monitoring's metrics scope feature.,Create a system-defined log-based metric that automatically tracks log entries across all projects in the organization.,"Create a log-based alerting policy instead of a metric, as alerting policies automatically span multiple projects.",1,"Bucket-scoped log-based metrics are calculated from all logs destined for the specified bucket, regardless of their originating project. This is the recommended approach when using aggregated sinks to route logs from multiple projects to a centralized bucket, as it provides a single metric that captures events from all sources. Reference: https://cloud.google.com/logging/docs/logs-based-metrics"
GCP PSOE,"A threat intelligence report from your ISAC identifies new IOCs associated with an emerging threat campaign targeting your industry. You want to proactively hunt for these indicators across your historical logs in Google SecOps. The IOCs include domains, IP addresses, and file hashes that may have been present in your environment before the report was published. What is the most effective approach?",Submit a support request to Google to add the IOCs to the Applied Threat Intelligence Fusion Feed for automatic matching.,Export your historical logs to BigQuery and run SQL queries to search for each IOC individually across the exported data.,Create YARA-L rules for each IOC and enable them in alerting mode to detect future matches only.,"Ingest the IOCs as a custom threat feed, then use retrohunt to scan historical event data against the newly ingested indicators using detection rules.",4,"Retrohunt in Google SecOps allows you to re-evaluate historical event data against newly enriched logs or IOCs. By ingesting the new IOCs as a custom feed and running retrohunt, you can identify if any of these indicators appeared in your environment before they were known to be malicious. Reference: https://cloud.google.com/chronicle/docs/detection/applied-threat-intel-overview"
GCP PSOE,Your organization is using Google Threat Intelligence (GTI) integrated with Google Security Operations (SecOps) for threat hunting. You want to write a YARA-L detection rule that correlates process execution events with VirusTotal file metadata to detect files tagged as exploits. Which approach correctly leverages VirusTotal enrichment data in the detection rule?,Query the VirusTotal API directly from within the YARA-L rule using an external function call to retrieve file metadata.,Configure a SOAR playbook to enrich events with VirusTotal data before the detection rule evaluates them.,Use the graph.metadata.source_type field to filter for VirusTotal relationship entities and join them with process events.,Reference the VirusTotal file tags in the outcome section using the target.file.tags field and assign a risk score based on the tag value.,4,"VirusTotal file metadata enrichment includes tags that are stored in UDM fields. Detection rules can use these tags in the outcome section to calculate risk scores, such as assigning higher scores when files are tagged as exploits. Reference: https://cloud.google.com/chronicle/docs/detection/use-enriched-data-in-rules"
GCP PSOE,"Your organization has deployed Event Threat Detection custom modules at the organization level in Security Command Center. A project team wants to disable a specific custom module that was created at the organization level for their project only, without affecting other projects. What is the expected behavior when they attempt this action?",The project team must submit a change request to the organization administrator who can then modify the module's scope to exclude specific projects.,"The project team can disable the inherited custom module at the project level, and the change only affects that specific project without modifying the original organization-level module.","The project team can disable the module, but this action automatically creates a copy of the module at the project level that they must then manage separately.",The project team cannot disable inherited custom modules because organizational policies always override project-level settings for security services.,2,"When you enable or disable an inherited custom module at a child resource level (such as a project), the changes are only applied to that current resource level. The original custom module residing at the parent level (organization) remains unaffected, and other projects continue to inherit the original enablement state. Reference: https://cloud.google.com/security-command-center/docs/use-custom-modules-etd"
GCP PSOE,You are configuring context-aware access for IAP-secured web applications and need to enforce device-based policies that check for encrypted storage and approved operating systems. Your organization has not yet deployed any device management solution. What prerequisite must you complete before these device-based access levels will function?,Deploy Endpoint Verification on employee devices to collect device attributes for Access Context Manager.,Enable the Chrome Enterprise Premium API and configure the OAuth consent screen for device authentication.,Install the IAP TCP forwarding client on all employee devices and register them in the device inventory.,Configure Cloud Identity device management and enable mobile device management policies.,1,"Endpoint Verification collects device attributes such as storage encryption status, OS version, and other security posture information that Access Context Manager uses to evaluate device-based access levels. Without Endpoint Verification, device policy conditions in access levels cannot be evaluated. Reference: https://cloud.google.com/beyondcorp-enterprise/docs/access-levels"
GCP PSOE,You are configuring Security Command Center to monitor threats across your Google Cloud organization. Your team wants to reduce alert fatigue by hiding low-priority findings for test environments while maintaining full visibility for production workloads. What should you do?,Modify the continuous export filter to exclude test environment findings from being sent to your notification topic.,Create a dynamic mute rule with a filter that matches findings for resources in test project IDs and specifies the finding severities to mute.,Configure separate Security Command Center activations for test and production environments with different alerting thresholds.,Disable Event Threat Detection modules for all projects designated as test environments to prevent findings from being generated.,2,"Mute rules allow you to hide findings based on custom filters without disabling detectors. Dynamic mute rules automatically apply to new and existing findings that match the filter criteria, and muted findings remain accessible for review if needed. Reference: https://cloud.google.com/security-command-center/docs/how-to-mute-findings"
GCP PSOE,You are creating an Event Threat Detection custom module using the gcloud CLI to detect connections to suspicious IP addresses. You need to define the JSON template with appropriate parameters. Which metadata fields must you include in the template to ensure proper finding categorization and incident response guidance?,"category, severity, and detection_priority","severity, priority, and affected_resources","severity, description, and recommendation","finding_class, indicator_type, and remediation_steps",3,"The JSON template metadata section requires severity (LOW, MEDIUM, HIGH, or CRITICAL) to categorize the risk level, description to explain the detection, and recommendation to provide remediation steps for security teams. These three fields enable proper finding categorization and incident response. Reference: https://cloud.google.com/security-command-center/docs/use-custom-modules-etd"
GCP PSOE,"Your organization has Security Command Center Premium activated at the project level. The security team wants to monitor Google Workspace logs to detect unsafe changes to privileged Google Groups, such as when external members are added to groups with sensitive IAM roles. You need to implement this detection capability. What should you do?",Share the Google Workspace logs with the project where Security Command Center is activated.,Export Google Workspace logs to Cloud Logging and configure Event Threat Detection to scan them.,Create a custom Event Threat Detection module to analyze Google Workspace logs.,Activate Security Command Center at the organization level to enable Google Workspace log scanning.,4,"Event Threat Detection can scan Google Workspace logs only when Security Command Center is activated at the organization level. Since the logs are at the organization level, Event Threat Detection cannot scan these logs with project-level activation. This feature enables detection of unsafe changes for privileged Google Groups. Reference: https://cloud.google.com/security-command-center/docs/concepts-event-threat-detection-overview"
GCP PSOE,A developer needs to test permissions for a specific task without modifying production IAM policies. The developer wants to verify that a particular set of permissions is sufficient to run an application. You need to provide a solution that follows security best practices. What should you recommend?,"Create a service account with the specific IAM roles to test, then grant the developer the Service Account Token Creator role on that service account to enable impersonation.",Use IAM Policy Simulator to test whether the developer's current permissions are sufficient for the task without making any changes.,"Grant the developer the specific roles temporarily at the project level, test the permissions, then revoke the roles after testing is complete.",Create a service account key for the test service account and provide it to the developer for local authentication during testing.,1,"Service account impersonation allows the developer to test specific permissions without modifying their own IAM roles or production policies. The Service Account Token Creator role enables generating short-lived credentials for the service account, which is more secure than using service account keys and provides a clear audit trail. Reference: https://cloud.google.com/iam/docs/service-account-impersonation"
GCP PSOE,You are configuring Cloud Logging for a new Google Cloud environment that will be subject to forensic investigations. You need to ensure that Admin Activity audit logs are protected from modification and available for the maximum default retention period without additional cost. Which log bucket configuration meets these requirements?,Use the _Required log bucket which automatically stores Admin Activity audit logs with a fixed 400-day retention period at no retention charge and cannot be modified or disabled.,Configure the _Default log bucket with a 400-day custom retention period to store Admin Activity audit logs and enable CMEK encryption for protection.,"Route Admin Activity audit logs to Cloud Storage using a log sink with JSON format for long-term storage, then configure a 400-day lifecycle rule to match the _Required bucket retention.","Create a user-defined log bucket with 400-day retention, configure an aggregated sink to route Admin Activity logs, and lock the bucket against updates.",1,"The _Required log bucket automatically captures Admin Activity audit logs, System Event audit logs, and Access Transparency logs. It has a fixed 400-day retention period that cannot be changed, and there are no retention charges for logs stored in this bucket. The _Required sink cannot be disabled, ensuring logs are always captured. Reference: https://cloud.google.com/logging/docs/store-log-entries"
GCP PSOE,"You are developing a new automated investigation playbook in Google SecOps SOAR that includes enrichment actions calling external threat intelligence APIs. Before deploying to production, you want to test all conditional branches and verify the playbook logic without impacting production data or making excessive API calls. What is the recommended approach?",Deploy the playbook to a staging environment and run it against simulated alerts with the playbook enabled.,Export the playbook logic to a Python script and execute it locally with mock data before importing.,"Use the Playbook Simulator with a test case, pin results for API-dependent steps, and verify all conditional branches.",Enable the playbook in production and monitor the first few alerts to validate behavior.,3,The Playbook Simulator lets you test playbooks in a pre-production environment without impacting live data. Pinning results prevents repeated API calls during testing while allowing you to verify that all condition branches operate as intended. Test cases ensure entities modified during testing do not influence regular cases. Reference: https://cloud.google.com/chronicle/docs/soar/respond/working-with-playbooks/working-with-playbook-simulator
GCP PSOE,"Your organization has activated Security Command Center Premium at the organization level and enabled Event Threat Detection. The security team reports that certain threat detections related to database operations are not being generated. Upon investigation, you discover that the built-in detector requires specific logs that are not being collected. You need to enable the appropriate logging to ensure Event Threat Detection can identify these threats. What should you do?",Create a custom module using the BigQuery SQL template.,Restart the Event Threat Detection service in SCC settings.,Enable Admin Activity audit logs for the relevant services.,Enable Data Access audit logs for the relevant services.,4,"Event Threat Detection relies on logs generated by Google Cloud, and some detection modules require Data Access audit logs which are disabled by default. While Admin Activity audit logs are always written and cannot be disabled, Data Access audit logs must be explicitly enabled for Event Threat Detection to scan them and generate findings for certain threat types. Reference: https://cloud.google.com/security-command-center/docs/concepts-event-threat-detection-overview"
GCP PSOE,"Your security team needs to be notified immediately when a user accesses a service account key for the first time in your Google Cloud environment. The team wants to receive detailed information about the specific log entry that triggered the alert, including the user's identity and timestamp. Which alerting approach should you use?",Create a user-defined log-based counter metric and configure an alerting policy with a threshold of 1.,Create a Cloud Monitoring custom metric with the service account key access pattern and set up a notification channel.,Create a SQL-based alerting policy in Log Analytics to query the audit logs for service account key access.,Create a log-based alerting policy in Cloud Logging that filters for the service account key access event.,4,Log-based alerting policies are designed for important but rare security events like service account key access. They monitor individual log entries in near real-time and can include details from the log entry in the notification. Google documentation states that log-based alerting policies are 'useful for catching security-related events in log entries' such as 'a user accesses the security key of a service account.' Reference: https://cloud.google.com/logging/docs/alerting/log-based-alerts
GCP PSOE,Your organization has deployed Security Command Center Enterprise and integrated it with ServiceNow for ticket management. You notice that some posture findings are being assigned to a generic queue instead of the appropriate resource owners. You want to ensure findings are automatically assigned to the correct owners. What should you configure first?,Configure the Fallback Owner parameter in the SCC Enterprise - Urgent Posture Findings Connector with a distribution list for the security team.,Enable the automatic ticket creation feature in the Security Operations console and configure assignee rules based on finding severity.,Create a custom SOAR playbook that queries the ServiceNow CMDB to determine resource ownership and update the case assignee.,"Configure Google Cloud tags on resources and set up the tag-to-owner mapping, then update Essential Contacts as a secondary method.",4,"Google Cloud tags provide the most direct and scalable method for determining resource ownership. When a finding is generated, the SCC Enterprise - Urgent Posture Findings Connector first looks for inherited cloud tags to determine the owner, then falls back to Essential Contacts, and finally uses the Fallback Owner parameter if neither is available. Reference: https://cloud.google.com/security-command-center/docs/determine-ownership-posture-findings"
GCP PSOE,Your security team is receiving too many Event Threat Detection findings for low-severity threats detected in your development environment. You want to reduce the volume of findings your team reviews while maintaining full visibility into production environment threats. What should you do?,"Configure continuous exports with a filter that excludes low-severity findings from development projects, so they are not exported to your SIEM.",Create security marks on development project assets to exclude them from Event Threat Detection scanning to prevent findings from being generated.,Disable Event Threat Detection modules for low-severity detections at the organization level to stop generating these findings entirely.,"Create a dynamic mute rule with a filter that matches low-severity findings from development projects, which will automatically mute matching current and future findings.",4,"Dynamic mute rules allow you to automatically suppress findings based on filter criteria such as severity and resource parent. Dynamic mute rules apply to both current and future findings, reducing noise while maintaining audit logs. Findings from production projects remain visible. Reference: https://cloud.google.com/security-command-center/docs/how-to-mute-findings"
GCP PSOE,"Your organization recently deployed Google Security Operations (SecOps) SOAR, and your team needs to document all case activity for compliance auditing. You want to ensure that all automated actions, manual activities, analyst comments, tasks, and uploaded files are captured in a single, searchable location within each case. Which feature should you primarily use?","Use the Case Wall tab, which provides a chronological log of all case-related events and actions from creation to closure.",Create a custom playbook that writes all actions to an external logging system for audit retention and compliance tracking.,Configure SOAR Dashboards to aggregate all case activities into a single compliance report that can be exported for auditing.,Enable Cloud Audit Logs integration in SOAR Settings to capture all case modifications and user activities for compliance purposes.,1,"The Case Wall tab displays a chronological log of all case-related events and actions, including tasks, user comments, pinned chat messages, manual and system actions, and file attachments. This serves as a single, searchable, and auditable repository for all case activity. Reference: https://cloud.google.com/chronicle/docs/soar/investigate/working-with-cases/cases-overview"
GCP PSOE,"Your organization uses Security Health Analytics in Security Command Center Premium and needs to detect when Cloud SQL instances are provisioned without backup configurations enabled, which violates your organization's data protection policies. The built-in detectors do not cover this specific requirement. What should you do?",Create an Event Threat Detection custom module to monitor Cloud Audit Logs for Cloud SQL instances created without backup settings.,Create a Security Health Analytics custom module using YAML and CEL expressions that checks Cloud SQL instance backup configuration properties.,Configure organization policies to prevent Cloud SQL instances from being created without backups and rely on policy violation findings.,Submit a detector improvement request to Google Cloud Support to add this detection capability to built-in detectors.,2,"Security Health Analytics custom modules allow you to create custom detection rules using YAML and CEL expressions. You can detect misconfigurations for any resource type that Security Command Center supports, including Cloud SQL backup configurations. Custom modules run alongside built-in detectors in both real-time and batch scans. Reference: https://cloud.google.com/security-command-center/docs/custom-modules-sha-overview"
GCP PSOE,Your organization uses Google Security Operations (SecOps) to monitor entity risk. The SOC manager wants to identify users exhibiting anomalous behavior patterns such as brute force login attempts. The manager needs to configure the Risk Analytics dashboard to surface short-term attack patterns. Which Risk Calculation Window setting should the SOC manager select to best identify brute force login attempts?,Set the Risk Calculation Window to 7 Days to capture the full context of login patterns across the week.,Set the normalized risk score threshold to high-risk entities only to filter out noise from normal login behavior.,Set the Risk Calculation Window to 24 Hours to uncover short-term attack patterns like brute force attempts.,Configure a custom watchlist filter to isolate users with failed authentication events regardless of time window.,3,"The Risk Analytics dashboard allows users to change the timeframe using the Risk Calculation Window setting. Shorter timeframes such as 24 hours help uncover events like brute force login attempts, while longer timeframes such as 7 days help examine long-term malicious activity. Entity risk scores are recalculated multiple times daily for both 24-hour and 7-day look-back windows. Reference: https://cloud.google.com/chronicle/docs/detection/risk-analytics-dashboard"
GCP PSOE,Your organization has multiple Google Cloud projects across several folders. The security operations team needs to centralize all Cloud Audit Logs from all projects into a single BigQuery dataset for security analysis. You need to implement this requirement efficiently. What should you do?,Create a Pub/Sub topic to receive logs from all projects and use a Dataflow pipeline to write to BigQuery.,Create an organization-level aggregated sink with a filter for audit logs and route to a BigQuery dataset in a central project.,Create project-level sinks in each project to route audit logs to the central BigQuery dataset.,Enable Log Analytics on the _Default bucket and create a linked BigQuery dataset at the organization level.,2,"Aggregated sinks let you combine and route logs that are generated by the Google Cloud resources in your organization or folder to a centralized location. An organization-level aggregated sink routes all log entries that originate in the organization and all child resources, including all projects and folders. Reference: https://cloud.google.com/logging/docs/export/aggregated_sinks"
GCP PSOE,"Incident response""Your organization is preparing an incident response playbook that includes moving a compromised project into a VPC Service Controls perimeter for containment. You want to test the containment procedure before enforcing it in production to ensure legitimate workloads are not disrupted. What should you do?","Create a test service perimeter in enforced mode, add a copy of the production project, and monitor Cloud Monitoring dashboards for service errors.",Enable VPC Flow Logs on all subnets in the target project and analyze traffic patterns before creating the service perimeter.,"Configure the service perimeter with all egress rules set to allow, add the project in enforced mode, then gradually restrict egress policies based on observed traffic.","Create a dry run service perimeter configuration, add the target project, and analyze the VPC Service Controls audit logs in BigQuery for policy violations before enforcing.",4,"Dry run mode logs violations without blocking access, allowing you to identify legitimate services that would be affected. Analyzing violations in BigQuery provides insights into traffic patterns and helps configure appropriate ingress and egress rules before enforcement. Reference: https://cloud.google.com/vpc-service-controls/docs/dry-run-mode"
GCP PSOE,Your security team needs to establish a sensitive data classification baseline for on-premises SQL databases that cannot be directly accessed by Google Cloud services. You want to use Cloud DLP's classification capabilities to enrich asset context. Which approach should you use?,Configure a hybrid job trigger in Cloud DLP and use a JDBC-based connector to stream database samples to the DLP API for inspection.,Use the content.inspect API to perform synchronous scans of database exports stored temporarily in Cloud Storage buckets.,Configure the DLP discovery service with a Cloud SQL connection pointing to your on-premises database endpoint.,Enable VPC Service Controls and configure private service connect to allow DLP discovery to access on-premises databases through VPN.,1,Hybrid jobs enable streaming data from virtually any source to Sensitive Data Protection for inspection. This approach allows on-premises databases to be classified using DLP capabilities while storing findings in Google Cloud for security context enrichment. Reference: https://cloud.google.com/dlp/docs/how-to-hybrid-jobs
GCP PSOE,Your organization recently activated Security Command Center Premium at the organization level. You want to configure continuous export of threat findings to Cloud Logging for integration with your existing SIEM that pulls logs from Cloud Logging. What is the correct sequence of steps to configure this export?,"Create a Cloud Logging sink at the organization level with the filter resource.type='threat_detector', then enable the SCC findings stream in the sink configuration.","Create a new NotificationConfig using the Security Command Center API, specify Cloud Logging as the notification target, and provide the destination project resource name.","Enable the Security Command Center API in the target project, grant the securitycenter.findings.export permission to the Logging service account, and configure the export in Cloud Logging settings.","Navigate to SCC Settings, click the Continuous Exports tab, select Logging Export, turn on Log Findings to Logging in Sinks, specify the target Logging project, and click Save.",4,"This is the proper workflow for configuring Cloud Logging export in Security Command Center. You access the Continuous Exports tab under SCC Settings, enable the Log Findings to Logging option in the Sinks section, specify which project should receive the logs, and save the configuration. Reference: https://cloud.google.com/security-command-center/docs/export-cloud-logging"
GCP PSOE,"Your security team uses Google Security Operations (SecOps) to monitor a multi-cloud environment. During a threat hunt, you discover a domain that is communicating with several internal assets. You want to quickly assess whether this domain is commonly seen across your environment or represents a potential first-time connection that warrants further investigation. Which Google SecOps feature should you use?",Check the Applied Threat Intelligence IOC matches page to determine if the domain has been flagged by threat intelligence feeds.,Use UDM Search to query the domain and review the prevalence statistics showing the number of assets that have connected to the domain.,Review the Security Command Center findings to check if the domain has generated any threat detections.,Create a YARA-L rule to count the distinct assets that have connected to the domain over the retention period.,2,"Google SecOps enriches entities with prevalence statistics that indicate how commonly an entity has been seen across the environment. UDM Search displays entity details including prevalence of assets, first-seen, and last-seen timestamps, which helps threat hunters identify anomalous first-time connections. Reference: https://cloud.google.com/chronicle/docs/investigation/udm-search-investigate-entity"
GCP PSOE,"Your security team wants to assess detection rule coverage gaps in Google Security Operations (SecOps) SIEM against the MITRE ATT&CK framework. They need to identify techniques where data sources exist but no detection rules are in place, allowing them to prioritize new rule development. What should you do?",Create a custom dashboard with YARA-L queries that count detections grouped by MITRE technique ID and compare against the complete ATT&CK framework.,Navigate to the Curated Detections dashboard and enable all GCTI-provided rule sets to automatically cover all MITRE ATT&CK techniques.,Use the Cloud Detection and Response dashboard to view the percentage of GCTI rulesets enabled and the GCP Data Sources Covered metric.,"Open the MITRE ATT&CK Matrix from Detection > Rules & Detections, scan for technique cards showing '0 rules' but listing available log types, and use this to identify coverage gaps.",4,The MITRE ATT&CK coverage dashboard in Google SecOps displays technique cards color-coded by detection coverage status. Cards showing '0 rules' with available log sources indicate high-value detection opportunities where data exists but rules do not. Reference: https://cloud.google.com/chronicle/docs/detection/mitre-dashboard
GCP PSOE,Your organization uses Security Command Center Enterprise and wants to correlate Event Threat Detection findings with threat intelligence data in Google SecOps for proactive threat hunting. You need to configure the integration to enable threat hunters to search SCC findings alongside other security telemetry. What should you do?,"Configure Event Threat Detection custom modules to query Google Threat Intelligence during finding generation, embedding IOC context directly in each finding before export.",Use BigQuery export of SCC findings and join with the Applied Threat Intelligence Fusion Feed tables using scheduled queries for offline correlation analysis.,"Configure a feed in Google SecOps to ingest Security Command Center findings via Cloud Storage or direct export, then use UDM search to correlate findings with Applied Threat Intelligence IOC matches.","Enable real-time streaming of Event Threat Detection findings directly to Google SecOps using the Security Command Center API, which automatically correlates findings with third-party threat intelligence feeds.",3,"Google SecOps supports ingesting Security Command Center findings which are then parsed into the Unified Data Model (UDM). This enables threat hunters to correlate SCC Event Threat Detection findings with threat intelligence data, including Applied Threat Intelligence IOCs, through UDM search and YARA-L rules. Reference: https://cloud.google.com/chronicle/docs/ingestion/default-parsers/collect-security-command-center-findings"
GCP PSOE,You created a new Cloud Logging sink to route security logs to a Cloud Storage bucket yesterday. Your security analyst reports that no data has appeared in the bucket yet. You have verified that the sink service account has the correct Storage Object Creator permissions and that logs matching the sink filter are being generated. What should you tell the analyst about the expected behavior?,"Sinks routing to Cloud Storage process logs in hourly batches, and it can take 2 to 3 hours before the first entries appear in the destination.","The sink was configured incorrectly, and you need to delete and recreate it because sinks cannot route logs that were generated before the sink was created.",Cloud Storage sinks require explicit activation after creation by updating the sink's disabled flag to false.,You must configure a Cloud Pub/Sub notification on the Cloud Storage bucket to trigger log delivery from Cloud Logging.,1,"Log entries routed to Cloud Storage buckets are saved in hourly batches, and it might take 2 to 3 hours before the first entries begin to appear. This is a known behavior documented by Google for Cloud Storage sink destinations, unlike near real-time destinations like BigQuery or Pub/Sub. Reference: https://cloud.google.com/logging/docs/export/troubleshoot"
GCP PSOE,Your security team wants to gain visibility into when Google personnel access your customer data in Google Cloud for compliance and auditing purposes. The team needs to verify that any access is for valid business reasons such as responding to support tickets. Which solution provides this capability?,Configure Admin Activity audit logs to capture Google Cloud administrative actions and internal Google access.,Enable Cloud Identity Login audit logs to track all authentication events including Google support access.,Enable Data Access audit logs which capture all API calls that read or modify your data regardless of the caller.,Enable Access Transparency logs which record actions taken by Google personnel when accessing Customer Data including the reason for access.,4,"Access Transparency logs record the actions that Google personnel take when accessing Customer Data. The logs include details such as the affected resource, time of action, reasons for the action (like customer support case numbers), and information about the accessor including their location. This provides the audit trail needed for compliance verification. Reference: https://cloud.google.com/assured-workloads/access-transparency/docs/overview"
GCP PSOE,Your security team wants to use Web Security Scanner to detect vulnerabilities that align with known exploitation patterns documented by OWASP. They need to determine which scan type provides the most comprehensive coverage for detecting these vulnerabilities in authenticated areas of the application. Which Web Security Scanner configuration should you implement?,Deploy Cloud IDS with Web Security Scanner integration to detect exploitation attempts in real time,Configure Web Security Scanner to use Event Threat Detection for enhanced vulnerability coverage,Enable managed scans in Security Command Center Premium to automatically authenticate and test all application endpoints,Configure custom scans with Google account authentication credentials to scan protected application areas,4,"Custom scans with authentication provide more thorough testing than managed scans, allowing Web Security Scanner to access authenticated sections of the application. Custom scans support Google account authentication and can exercise user inputs behind login pages where vulnerabilities commonly exist. Reference: https://cloud.google.com/security-command-center/docs/how-to-web-security-scanner-custom-scans"
GCP PSOE,You are a security engineer configuring centralized security event collection for your enterprise. You need to export Security Command Center findings to Cloud Logging while managing costs effectively. Your organization generates a high volume of security findings. Which approach should you use to balance visibility and cost management?,Disable the Cloud Logging export entirely and use BigQuery streaming export with partitioning to reduce storage costs.,"Enable Cloud Logging export only for Container Threat Detection, as Event Threat Detection findings are already available in Cloud Audit Logs.",Configure multiple continuous export configurations with different severity-based filters to route findings to separate logging buckets.,Enable Cloud Logging export and use Cloud Logging exclusion filters to exclude low-severity findings from ingestion while retaining high-priority threat findings.,4,Cloud Logging costs can be significant depending on the quantity of information. Using exclusion filters at the Cloud Logging level allows you to selectively exclude low-value or repetitive findings while maintaining full visibility into critical security events. This approach optimizes cost without disabling the SCC export entirely. Reference: https://cloud.google.com/security-command-center/docs/export-cloud-logging
GCP PSOE,"Your security operations team received new threat intelligence about a sophisticated APT group targeting your industry. The intelligence includes several malicious IP addresses and file hashes that were active over the past three months. You need to determine if your environment was compromised before receiving this intelligence. Using Google Security Operations (SecOps), what should you do?",Submit a request to Google Threat Intelligence to perform a historical scan of your environment for the specific APT indicators.,Create a YARA-L detection rule with the new IOCs and run a retrohunt against historical data to identify past matches.,Configure an Applied Threat Intelligence curated detection rule and wait for real-time alerts on matching network traffic.,Use raw log search with regular expressions to manually scan all logs from the past three months for the IOCs.,2,"Retrohunt allows you to run detection rules against historical data stored in Google SecOps. This enables the identification of events that match newly discovered threat indicators within your retention period, helping identify potential past compromises before the intelligence was received. Reference: https://cloud.google.com/chronicle/docs/detection/run-rule-historical-data"
GCP PSOE,You are configuring Cloud DLP to publish data profiles to Security Command Center to enrich your security posture management. You notice that findings are not appearing in Security Command Center even though data profiles are being generated successfully. What is the most likely cause of this issue?,The inspection template is missing the required PERSON_NAME and EMAIL_ADDRESS infoTypes needed for Security Command Center integration.,The data profiles are generating LOW sensitivity findings which are filtered out by Security Command Center by default.,"Security Command Center is activated at the project level only, but DLP data profile publishing requires organization-level activation.",The DLP service account lacks the Cloud DLP Admin IAM role required for publishing findings to external services.,3,"To send data profiles to Security Command Center, Security Command Center must be activated at the organization level in the Standard or Premium tier. Project-level activation does not support DLP data profile findings. Reference: https://cloud.google.com/dlp/docs/send-profiles-to-scc"
GCP PSOE,Your security team needs to detect when critical security telemetry stops arriving from monitored hosts. They want to be alerted if a monitored service fails to send heartbeat metrics for more than 15 minutes. You need to implement this detection in Cloud Monitoring. What should you do?,Create a metric-absence alerting policy with a trigger absence time of 15 minutes that monitors the heartbeat metric.,Create an uptime check with a 15-minute check interval and configure an alerting policy to monitor the uptime check results.,Create a metric-threshold alerting policy with a threshold of zero and a retest window of 15 minutes to monitor the heartbeat metric.,Create a log-based alerting policy that monitors for the absence of heartbeat log entries over 15 minutes.,1,"Metric-absence alerting policies are designed specifically to detect when data stops arriving for a monitored time series. By setting the trigger absence time to 15 minutes, you can be alerted when no data arrives for that duration. This is the recommended approach for detecting silent sources or missing telemetry in security monitoring. Reference: https://cloud.google.com/monitoring/alerts/metric-absence"
GCP PSOE,"Detection engineering""You are configuring Web Security Scanner to identify potential server-side request forgery (SSRF) vulnerabilities in your Compute Engine web applications. Your applications use non-default ports for HTTP/HTTPS connections. You want to ensure comprehensive vulnerability detection. What is the correct approach?",Configure Cloud Load Balancing to redirect traffic from default ports to your application's non-default ports before enabling managed scans.,Enable managed scans at the organization level and configure port overrides in the Security Command Center settings.,Create custom scans in Web Security Scanner with starting URLs that specify the non-default ports used by your applications.,"Deploy a reverse proxy on default ports to forward requests to your applications, then configure managed scans to scan the proxy endpoints.",3,"Managed scans support only applications that use the default port (80 for HTTP, 443 for HTTPS). If your application uses a non-default port, you must configure custom scans instead. Custom scans allow you to specify starting URLs that include the correct ports for your applications. Reference: https://cloud.google.com/security-command-center/docs/concepts-web-security-scanner-overview"